-- phpMyAdmin SQL Dump
-- version 4.9.7
-- https://www.phpmyadmin.net/
--
-- Host: localhost:3306
-- Generation Time: Dec 13, 2022 at 05:48 PM
-- Server version: 5.7.23-23
-- PHP Version: 7.4.33

SET SQL_MODE = "NO_AUTO_VALUE_ON_ZERO";
SET AUTOCOMMIT = 0;
START TRANSACTION;
SET time_zone = "+00:00";


/*!40101 SET @OLD_CHARACTER_SET_CLIENT=@@CHARACTER_SET_CLIENT */;
/*!40101 SET @OLD_CHARACTER_SET_RESULTS=@@CHARACTER_SET_RESULTS */;
/*!40101 SET @OLD_COLLATION_CONNECTION=@@COLLATION_CONNECTION */;
/*!40101 SET NAMES utf8mb4 */;

--
-- Database: `hugpongm_hm_sys`
--

-- --------------------------------------------------------

--
-- Table structure for table `annual_fees`
--

CREATE TABLE `annual_fees` (
  `id` int(11) NOT NULL,
  `user_id` int(11) DEFAULT NULL,
  `amt` decimal(10,2) DEFAULT NULL,
  `date` timestamp NOT NULL DEFAULT CURRENT_TIMESTAMP,
  `encoder_id` int(11) DEFAULT NULL
) ENGINE=InnoDB DEFAULT CHARSET=latin1;

--
-- Dumping data for table `annual_fees`
--

INSERT INTO `annual_fees` (`id`, `user_id`, `amt`, `date`, `encoder_id`) VALUES
(4, 42, '30.00', '2020-12-09 12:30:23', 110),
(5, 3, '30.00', '2020-12-09 12:32:26', 110),
(6, 10, '30.00', '2020-12-09 12:33:02', 110),
(7, 38, '30.00', '2020-12-11 12:13:10', 110),
(8, 39, '30.00', '2020-12-11 12:19:55', 110),
(9, 76, '30.00', '2020-12-11 12:21:40', 110),
(10, 73, '30.00', '2020-12-11 12:22:10', 110),
(11, 30, '30.00', '2020-12-11 12:22:52', 110),
(12, 56, '30.00', '2020-12-11 12:23:24', 110),
(13, 13, '30.00', '2020-12-11 12:23:45', 110),
(14, 119, '30.00', '2020-12-11 12:24:28', 110),
(15, 120, '30.00', '2020-12-11 12:25:27', 110),
(16, 132, '30.00', '2020-12-11 12:25:58', 110),
(17, 118, '30.00', '2020-12-11 12:26:38', 110),
(18, 121, '30.00', '2020-12-11 12:27:08', 110),
(19, 66, '30.00', '2020-12-11 12:27:38', 110),
(20, 24, '30.00', '2020-12-11 12:28:08', 110),
(21, 28, '30.00', '2020-12-11 12:28:35', 110),
(22, 36, '30.00', '2020-12-11 12:29:04', 110),
(23, 64, '30.00', '2020-12-11 12:29:32', 110),
(24, 71, '30.00', '2020-12-11 12:30:04', 110),
(25, 41, '30.00', '2020-12-15 18:26:08', 110),
(26, 2, '30.00', '2020-12-15 18:26:31', 110),
(27, 27, '30.00', '2020-12-15 18:27:06', 110),
(28, 7, '30.00', '2020-12-15 18:27:31', 110),
(29, 8, '30.00', '2020-12-15 18:27:48', 110),
(30, 9, '30.00', '2020-12-15 18:28:14', 110),
(31, 11, '30.00', '2020-12-15 18:28:43', 110),
(32, 25, '30.00', '2020-12-15 18:29:27', 110),
(33, 15, '30.00', '2020-12-15 18:30:12', 110),
(34, 16, '30.00', '2020-12-15 18:31:06', 110),
(35, 26, '30.00', '2020-12-15 18:31:38', 110),
(36, 51, '30.00', '2020-12-15 09:26:35', 110),
(37, 94, '30.00', '2020-12-16 19:01:24', 110),
(38, 88, '30.00', '2020-12-16 19:02:30', 110),
(39, 23, '30.00', '2021-01-13 17:07:14', 110),
(40, 83, '30.00', '2021-01-20 16:46:00', 110),
(41, 60, '30.00', '2021-01-27 17:57:12', 110),
(42, 74, '30.00', '2021-02-19 09:11:21', 110),
(43, 10, '30.00', '2021-02-22 08:29:18', 110),
(44, 101, '30.00', '2021-03-08 17:41:51', 110),
(45, 81, '30.00', '2021-03-18 07:59:15', 110),
(46, 1, '30.00', '2021-11-10 11:17:18', 110),
(47, 2, '30.00', '2021-11-10 11:19:27', 110),
(48, 4, '30.00', '2021-11-11 08:47:36', 110),
(49, 23, '30.00', '2021-11-16 09:45:31', 110),
(50, 24, '30.00', '2021-11-16 10:57:51', 110),
(51, 94, '30.00', '2021-11-16 11:04:20', 110),
(52, 74, '30.00', '2021-11-16 11:18:20', 110),
(53, 37, '30.00', '2021-11-18 09:26:50', 110),
(54, 41, '30.00', '2021-11-18 09:32:38', 110),
(55, 42, '30.00', '2021-11-18 09:36:58', 110),
(56, 51, '30.00', '2021-11-18 09:41:23', 110),
(57, 54, '30.00', '2021-11-18 09:46:14', 110),
(58, 56, '30.00', '2021-11-18 09:53:47', 110),
(59, 57, '30.00', '2021-11-18 09:56:19', 110),
(60, 63, '30.00', '2021-11-18 10:03:15', 110),
(61, 102, '30.00', '2021-11-26 11:11:34', 110),
(62, 35, '30.00', '2021-12-02 18:19:23', 110),
(63, 64, '30.00', '2022-01-25 09:44:40', 110),
(64, 81, '30.00', '2022-01-25 09:50:20', 110),
(65, 39, '30.00', '2022-01-25 09:59:03', 110),
(66, 30, '30.00', '2022-01-25 10:05:17', 110),
(67, 71, '30.00', '2022-01-25 10:07:32', 110),
(68, 35, '30.00', '2022-01-25 10:14:14', 110),
(69, 26, '30.00', '2022-01-25 10:15:11', 110),
(70, 28, '30.00', '2022-01-25 10:16:05', 110),
(71, 4, '30.00', '2022-01-25 11:11:52', 110),
(72, 17, '30.00', '2022-01-27 09:48:38', 110),
(73, 18, '30.00', '2022-01-27 09:50:52', 110),
(74, 32, '30.00', '2022-01-27 09:53:26', 110),
(75, 37, '30.00', '2022-01-27 09:55:37', 110),
(76, 67, '30.00', '2022-01-27 09:59:11', 110),
(77, 90, '30.00', '2022-01-27 10:02:24', 110),
(78, 67, '30.00', '2022-03-14 16:28:02', 110),
(79, 128, '30.00', '2022-03-14 16:34:55', 110),
(80, 127, '30.00', '2022-03-14 17:16:42', 110),
(81, 140, '30.00', '2022-03-21 10:49:06', 110),
(82, 63, '30.00', '2022-03-28 17:27:17', 110),
(83, 77, '30.00', '2022-04-11 16:06:15', 110),
(84, 27, '30.00', '2022-04-19 17:59:11', 110),
(85, 27, '30.00', '2022-04-19 18:01:00', 110),
(86, 41, '30.00', '2022-04-19 18:05:12', 110),
(87, 5, '30.00', '2022-06-14 10:29:08', 110),
(88, 5, '30.00', '2022-06-17 08:38:28', 110),
(89, 43, '30.00', '2022-06-17 08:40:16', 110),
(90, 43, '30.00', '2022-06-17 08:42:34', 110),
(91, 24, '30.00', '2022-07-04 16:18:06', 110),
(92, 58, '30.00', '2022-08-15 17:17:54', 110),
(93, 58, '30.00', '2022-08-15 17:19:30', 110),
(94, 90, '30.00', '2022-08-30 09:49:47', 110),
(95, 90, '30.00', '2022-08-30 09:58:30', 110),
(96, 48, '30.00', '2022-09-13 09:46:39', 110),
(97, 48, '30.00', '2022-09-13 09:48:52', 110),
(98, 48, '30.00', '2022-09-13 09:51:01', 110),
(99, 33, '30.00', '2022-09-26 17:18:04', 110),
(100, 33, '30.00', '2022-09-26 17:19:29', 110),
(101, 33, '30.00', '2022-09-26 17:20:46', 110),
(102, 56, '30.00', '2022-10-13 07:36:11', 110),
(103, 95, '30.00', '2022-10-13 07:48:35', 110),
(104, 95, '30.00', '2022-10-13 07:50:25', 110),
(105, 54, '30.00', '2022-10-20 16:41:34', 110),
(106, 54, '30.00', '2022-10-20 16:43:12', 110),
(107, 127, '30.00', '2022-10-25 16:20:40', 110),
(108, 64, '30.00', '2022-11-02 16:35:28', 110),
(109, 81, '30.00', '2022-11-04 07:48:28', 110),
(110, 40, '30.00', '2022-11-07 17:40:37', 110),
(111, 40, '30.00', '2022-11-07 17:41:49', 110),
(112, 40, '30.00', '2022-11-07 17:42:44', 110),
(113, 115, '30.00', '2022-11-11 11:56:26', 110),
(114, 115, '30.00', '2022-11-11 11:57:33', 110),
(115, 115, '30.00', '2022-11-11 11:58:42', 110),
(116, 10, '30.00', '2022-11-15 17:37:53', 110),
(117, 74, '30.00', '2022-11-15 09:17:34', 110),
(118, 1, '30.00', '2022-11-15 10:47:16', 110),
(119, 18, '30.00', '2022-11-16 18:26:23', 110),
(120, 18, '30.00', '2022-11-16 18:27:34', 110),
(121, 30, '30.00', '2022-11-17 18:12:13', 110),
(122, 141, '30.00', '2022-11-24 16:58:05', 110),
(123, 120, '30.00', '2022-11-28 11:20:54', 110),
(124, 28, '30.00', '2022-12-09 17:27:29', 110),
(125, 96, '30.00', '2022-12-12 17:15:37', 110),
(126, 96, '30.00', '2022-12-12 17:16:23', 110),
(127, 96, '30.00', '2022-12-12 17:17:28', 110),
(128, 12, '30.00', '2022-12-13 17:47:57', 110),
(129, 12, '30.00', '2022-12-13 17:49:04', 110);

-- --------------------------------------------------------

--
-- Table structure for table `claims`
--

CREATE TABLE `claims` (
  `id` int(11) NOT NULL,
  `date` timestamp NOT NULL DEFAULT CURRENT_TIMESTAMP,
  `encoder_id` int(11) DEFAULT NULL,
  `user_id` int(11) DEFAULT NULL,
  `claim_classification` int(11) DEFAULT NULL,
  `amt` decimal(10,2) DEFAULT NULL
) ENGINE=InnoDB DEFAULT CHARSET=utf8mb4;

--
-- Dumping data for table `claims`
--

INSERT INTO `claims` (`id`, `date`, `encoder_id`, `user_id`, `claim_classification`, `amt`) VALUES
(1, '2021-04-20 21:19:41', 110, 30, 2, '1340.00'),
(2, '2021-06-07 19:45:46', 110, 92, 2, '1350.00'),
(3, '2021-06-28 23:37:42', 110, 77, 2, '1390.00'),
(4, '2021-10-16 23:18:48', 110, 129, 1, '1820.00'),
(5, '2021-10-16 23:22:09', 110, 101, 2, '710.00');

-- --------------------------------------------------------

--
-- Table structure for table `claim_classification`
--

CREATE TABLE `claim_classification` (
  `id` int(11) NOT NULL,
  `date` timestamp NOT NULL DEFAULT CURRENT_TIMESTAMP,
  `value` int(11) DEFAULT NULL,
  `description` varchar(150) DEFAULT NULL,
  `amt` decimal(10,2) DEFAULT NULL
) ENGINE=InnoDB DEFAULT CHARSET=latin1;

--
-- Dumping data for table `claim_classification`
--

INSERT INTO `claim_classification` (`id`, `date`, `value`, `description`, `amt`) VALUES
(1, '2020-04-24 04:12:43', 1, 'Burial Claim (HMI Member)', '20.00'),
(2, '2020-04-24 04:12:43', 2, 'Burial Claim (Relative of HMI Member)', '10.00'),
(3, '2020-04-24 04:12:43', 3, 'Disability Claim (HMI Member only)', '20.00');

-- --------------------------------------------------------

--
-- Stand-in structure for view `current_balance_view`
-- (See below for the actual view)
--
CREATE TABLE `current_balance_view` (
`date` timestamp
,`user_id` int(11)
,`result` decimal(10,2)
);

-- --------------------------------------------------------

--
-- Table structure for table `deductions`
--

CREATE TABLE `deductions` (
  `id` int(11) NOT NULL,
  `date` timestamp NOT NULL DEFAULT CURRENT_TIMESTAMP,
  `encoder_id` int(11) DEFAULT NULL,
  `user_id` int(11) DEFAULT NULL,
  `claim_classification` int(11) DEFAULT NULL,
  `amt` decimal(10,2) DEFAULT NULL
) ENGINE=InnoDB DEFAULT CHARSET=latin1;

--
-- Dumping data for table `deductions`
--

INSERT INTO `deductions` (`id`, `date`, `encoder_id`, `user_id`, `claim_classification`, `amt`) VALUES
(1, '2021-04-20 21:19:42', 110, 1, 2, '10.00'),
(2, '2021-04-20 21:19:42', 110, 2, 2, '10.00'),
(3, '2021-04-20 21:19:42', 110, 3, 2, '10.00'),
(4, '2021-04-20 21:19:42', 110, 4, 2, '10.00'),
(5, '2021-04-20 21:19:42', 110, 5, 2, '10.00'),
(6, '2021-04-20 21:19:42', 110, 6, 2, '10.00'),
(7, '2021-04-20 21:19:42', 110, 7, 2, '10.00'),
(8, '2021-04-20 21:19:42', 110, 8, 2, '10.00'),
(9, '2021-04-20 21:19:42', 110, 9, 2, '10.00'),
(10, '2021-04-20 21:19:43', 110, 10, 2, '10.00'),
(11, '2021-04-20 21:19:43', 110, 11, 2, '10.00'),
(12, '2021-04-20 21:19:43', 110, 12, 2, '10.00'),
(13, '2021-04-20 21:19:43', 110, 13, 2, '10.00'),
(14, '2021-04-20 21:19:43', 110, 14, 2, '10.00'),
(15, '2021-04-20 21:19:43', 110, 15, 2, '10.00'),
(16, '2021-04-20 21:19:43', 110, 16, 2, '10.00'),
(17, '2021-04-20 21:19:43', 110, 17, 2, '10.00'),
(18, '2021-04-20 21:19:43', 110, 18, 2, '10.00'),
(19, '2021-04-20 21:19:43', 110, 19, 2, '10.00'),
(20, '2021-04-20 21:19:43', 110, 20, 2, '10.00'),
(21, '2021-04-20 21:19:43', 110, 21, 2, '10.00'),
(22, '2021-04-20 21:19:43', 110, 22, 2, '10.00'),
(23, '2021-04-20 21:19:43', 110, 23, 2, '10.00'),
(24, '2021-04-20 21:19:43', 110, 24, 2, '10.00'),
(25, '2021-04-20 21:19:43', 110, 25, 2, '10.00'),
(26, '2021-04-20 21:19:43', 110, 26, 2, '10.00'),
(27, '2021-04-20 21:19:43', 110, 27, 2, '10.00'),
(28, '2021-04-20 21:19:43', 110, 28, 2, '10.00'),
(29, '2021-04-20 21:19:43', 110, 29, 2, '10.00'),
(30, '2021-04-20 21:19:43', 110, 31, 2, '10.00'),
(31, '2021-04-20 21:19:43', 110, 32, 2, '10.00'),
(32, '2021-04-20 21:19:43', 110, 33, 2, '10.00'),
(33, '2021-04-20 21:19:43', 110, 34, 2, '10.00'),
(34, '2021-04-20 21:19:43', 110, 35, 2, '10.00'),
(35, '2021-04-20 21:19:43', 110, 36, 2, '10.00'),
(36, '2021-04-20 21:19:43', 110, 37, 2, '10.00'),
(37, '2021-04-20 21:19:43', 110, 38, 2, '10.00'),
(38, '2021-04-20 21:19:43', 110, 39, 2, '10.00'),
(39, '2021-04-20 21:19:43', 110, 40, 2, '10.00'),
(40, '2021-04-20 21:19:43', 110, 41, 2, '10.00'),
(41, '2021-04-20 21:19:43', 110, 42, 2, '10.00'),
(42, '2021-04-20 21:19:43', 110, 43, 2, '10.00'),
(43, '2021-04-20 21:19:43', 110, 44, 2, '10.00'),
(44, '2021-04-20 21:19:43', 110, 45, 2, '10.00'),
(45, '2021-04-20 21:19:43', 110, 46, 2, '10.00'),
(46, '2021-04-20 21:19:43', 110, 47, 2, '10.00'),
(47, '2021-04-20 21:19:43', 110, 48, 2, '10.00'),
(48, '2021-04-20 21:19:43', 110, 49, 2, '10.00'),
(49, '2021-04-20 21:19:43', 110, 50, 2, '10.00'),
(50, '2021-04-20 21:19:43', 110, 51, 2, '10.00'),
(51, '2021-04-20 21:19:43', 110, 52, 2, '10.00'),
(52, '2021-04-20 21:19:43', 110, 53, 2, '10.00'),
(53, '2021-04-20 21:19:43', 110, 54, 2, '10.00'),
(54, '2021-04-20 21:19:43', 110, 55, 2, '10.00'),
(55, '2021-04-20 21:19:43', 110, 56, 2, '10.00'),
(56, '2021-04-20 21:19:43', 110, 57, 2, '10.00'),
(57, '2021-04-20 21:19:43', 110, 58, 2, '10.00'),
(58, '2021-04-20 21:19:43', 110, 59, 2, '10.00'),
(59, '2021-04-20 21:19:43', 110, 60, 2, '10.00'),
(60, '2021-04-20 21:19:43', 110, 61, 2, '10.00'),
(61, '2021-04-20 21:19:43', 110, 62, 2, '10.00'),
(62, '2021-04-20 21:19:43', 110, 63, 2, '10.00'),
(63, '2021-04-20 21:19:43', 110, 64, 2, '10.00'),
(64, '2021-04-20 21:19:43', 110, 65, 2, '10.00'),
(65, '2021-04-20 21:19:43', 110, 66, 2, '10.00'),
(66, '2021-04-20 21:19:43', 110, 67, 2, '10.00'),
(67, '2021-04-20 21:19:43', 110, 68, 2, '10.00'),
(68, '2021-04-20 21:19:43', 110, 69, 2, '10.00'),
(69, '2021-04-20 21:19:43', 110, 70, 2, '10.00'),
(70, '2021-04-20 21:19:43', 110, 71, 2, '10.00'),
(71, '2021-04-20 21:19:43', 110, 72, 2, '10.00'),
(72, '2021-04-20 21:19:43', 110, 73, 2, '10.00'),
(73, '2021-04-20 21:19:43', 110, 74, 2, '10.00'),
(74, '2021-04-20 21:19:43', 110, 75, 2, '10.00'),
(75, '2021-04-20 21:19:43', 110, 76, 2, '10.00'),
(76, '2021-04-20 21:19:43', 110, 77, 2, '10.00'),
(77, '2021-04-20 21:19:43', 110, 78, 2, '10.00'),
(78, '2021-04-20 21:19:43', 110, 79, 2, '10.00'),
(79, '2021-04-20 21:19:43', 110, 80, 2, '10.00'),
(80, '2021-04-20 21:19:43', 110, 81, 2, '10.00'),
(81, '2021-04-20 21:19:43', 110, 82, 2, '10.00'),
(82, '2021-04-20 21:19:43', 110, 83, 2, '10.00'),
(83, '2021-04-20 21:19:43', 110, 84, 2, '10.00'),
(84, '2021-04-20 21:19:43', 110, 85, 2, '10.00'),
(85, '2021-04-20 21:19:43', 110, 86, 2, '10.00'),
(86, '2021-04-20 21:19:43', 110, 87, 2, '10.00'),
(87, '2021-04-20 21:19:43', 110, 88, 2, '10.00'),
(88, '2021-04-20 21:19:43', 110, 89, 2, '10.00'),
(89, '2021-04-20 21:19:43', 110, 90, 2, '10.00'),
(90, '2021-04-20 21:19:43', 110, 91, 2, '10.00'),
(91, '2021-04-20 21:19:43', 110, 92, 2, '10.00'),
(92, '2021-04-20 21:19:43', 110, 93, 2, '10.00'),
(93, '2021-04-20 21:19:43', 110, 94, 2, '10.00'),
(94, '2021-04-20 21:19:43', 110, 95, 2, '10.00'),
(95, '2021-04-20 21:19:43', 110, 96, 2, '10.00'),
(96, '2021-04-20 21:19:43', 110, 97, 2, '10.00'),
(97, '2021-04-20 21:19:43', 110, 98, 2, '10.00'),
(98, '2021-04-20 21:19:43', 110, 99, 2, '10.00'),
(99, '2021-04-20 21:19:43', 110, 100, 2, '10.00'),
(100, '2021-04-20 21:19:43', 110, 101, 2, '10.00'),
(101, '2021-04-20 21:19:43', 110, 102, 2, '10.00'),
(102, '2021-04-20 21:19:43', 110, 103, 2, '10.00'),
(103, '2021-04-20 21:19:43', 110, 104, 2, '10.00'),
(104, '2021-04-20 21:19:43', 110, 105, 2, '10.00'),
(105, '2021-04-20 21:19:43', 110, 106, 2, '10.00'),
(106, '2021-04-20 21:19:43', 110, 107, 2, '10.00'),
(107, '2021-04-20 21:19:43', 110, 108, 2, '10.00'),
(108, '2021-04-20 21:19:43', 110, 109, 2, '10.00'),
(109, '2021-04-20 21:19:43', 110, 112, 2, '10.00'),
(110, '2021-04-20 21:19:43', 110, 113, 2, '10.00'),
(111, '2021-04-20 21:19:43', 110, 114, 2, '10.00'),
(112, '2021-04-20 21:19:43', 110, 115, 2, '10.00'),
(113, '2021-04-20 21:19:43', 110, 116, 2, '10.00'),
(114, '2021-04-20 21:19:43', 110, 118, 2, '10.00'),
(115, '2021-04-20 21:19:43', 110, 119, 2, '10.00'),
(116, '2021-04-20 21:19:43', 110, 120, 2, '10.00'),
(117, '2021-04-20 21:19:43', 110, 121, 2, '10.00'),
(118, '2021-04-20 21:19:43', 110, 124, 2, '10.00'),
(119, '2021-04-20 21:19:43', 110, 126, 2, '10.00'),
(120, '2021-04-20 21:19:43', 110, 127, 2, '10.00'),
(121, '2021-04-20 21:19:43', 110, 128, 2, '10.00'),
(122, '2021-04-20 21:19:43', 110, 129, 2, '10.00'),
(123, '2021-04-20 21:19:43', 110, 130, 2, '10.00'),
(124, '2021-04-20 21:19:43', 110, 131, 2, '10.00'),
(125, '2021-04-20 21:19:43', 110, 132, 2, '10.00'),
(126, '2021-04-20 21:19:43', 110, 133, 2, '10.00'),
(127, '2021-04-20 21:19:43', 110, 134, 2, '10.00'),
(128, '2021-04-20 21:19:43', 110, 135, 2, '10.00'),
(129, '2021-04-20 21:19:43', 110, 136, 2, '10.00'),
(130, '2021-04-20 21:19:43', 110, 137, 2, '10.00'),
(131, '2021-04-20 21:19:43', 110, 138, 2, '10.00'),
(132, '2021-04-20 21:19:43', 110, 139, 2, '10.00'),
(133, '2021-04-20 21:19:43', 110, 140, 2, '10.00'),
(134, '2021-04-20 21:19:43', 110, 141, 2, '10.00'),
(135, '2021-06-07 19:45:46', 110, 1, 2, '10.00'),
(136, '2021-06-07 19:45:46', 110, 2, 2, '10.00'),
(137, '2021-06-07 19:45:46', 110, 3, 2, '10.00'),
(138, '2021-06-07 19:45:46', 110, 4, 2, '10.00'),
(139, '2021-06-07 19:45:46', 110, 5, 2, '10.00'),
(140, '2021-06-07 19:45:46', 110, 6, 2, '10.00'),
(141, '2021-06-07 19:45:46', 110, 7, 2, '10.00'),
(142, '2021-06-07 19:45:46', 110, 8, 2, '10.00'),
(143, '2021-06-07 19:45:46', 110, 9, 2, '10.00'),
(144, '2021-06-07 19:45:46', 110, 10, 2, '10.00'),
(145, '2021-06-07 19:45:46', 110, 11, 2, '10.00'),
(146, '2021-06-07 19:45:46', 110, 12, 2, '10.00'),
(147, '2021-06-07 19:45:46', 110, 13, 2, '10.00'),
(148, '2021-06-07 19:45:46', 110, 14, 2, '10.00'),
(149, '2021-06-07 19:45:46', 110, 15, 2, '10.00'),
(150, '2021-06-07 19:45:46', 110, 16, 2, '10.00'),
(151, '2021-06-07 19:45:46', 110, 17, 2, '10.00'),
(152, '2021-06-07 19:45:46', 110, 18, 2, '10.00'),
(153, '2021-06-07 19:45:46', 110, 19, 2, '10.00'),
(154, '2021-06-07 19:45:46', 110, 20, 2, '10.00'),
(155, '2021-06-07 19:45:46', 110, 21, 2, '10.00'),
(156, '2021-06-07 19:45:46', 110, 22, 2, '10.00'),
(157, '2021-06-07 19:45:46', 110, 23, 2, '10.00'),
(158, '2021-06-07 19:45:46', 110, 24, 2, '10.00'),
(159, '2021-06-07 19:45:46', 110, 25, 2, '10.00'),
(160, '2021-06-07 19:45:46', 110, 26, 2, '10.00'),
(161, '2021-06-07 19:45:46', 110, 27, 2, '10.00'),
(162, '2021-06-07 19:45:46', 110, 28, 2, '10.00'),
(163, '2021-06-07 19:45:46', 110, 29, 2, '10.00'),
(164, '2021-06-07 19:45:46', 110, 30, 2, '10.00'),
(165, '2021-06-07 19:45:46', 110, 31, 2, '10.00'),
(166, '2021-06-07 19:45:46', 110, 32, 2, '10.00'),
(167, '2021-06-07 19:45:46', 110, 33, 2, '10.00'),
(168, '2021-06-07 19:45:46', 110, 34, 2, '10.00'),
(169, '2021-06-07 19:45:46', 110, 35, 2, '10.00'),
(170, '2021-06-07 19:45:46', 110, 36, 2, '10.00'),
(171, '2021-06-07 19:45:46', 110, 37, 2, '10.00'),
(172, '2021-06-07 19:45:46', 110, 38, 2, '10.00'),
(173, '2021-06-07 19:45:46', 110, 39, 2, '10.00'),
(174, '2021-06-07 19:45:46', 110, 40, 2, '10.00'),
(175, '2021-06-07 19:45:46', 110, 41, 2, '10.00'),
(176, '2021-06-07 19:45:46', 110, 42, 2, '10.00'),
(177, '2021-06-07 19:45:46', 110, 43, 2, '10.00'),
(178, '2021-06-07 19:45:46', 110, 44, 2, '10.00'),
(179, '2021-06-07 19:45:46', 110, 45, 2, '10.00'),
(180, '2021-06-07 19:45:46', 110, 46, 2, '10.00'),
(181, '2021-06-07 19:45:46', 110, 47, 2, '10.00'),
(182, '2021-06-07 19:45:46', 110, 48, 2, '10.00'),
(183, '2021-06-07 19:45:46', 110, 49, 2, '10.00'),
(184, '2021-06-07 19:45:46', 110, 50, 2, '10.00'),
(185, '2021-06-07 19:45:46', 110, 51, 2, '10.00'),
(186, '2021-06-07 19:45:46', 110, 52, 2, '10.00'),
(187, '2021-06-07 19:45:46', 110, 53, 2, '10.00'),
(188, '2021-06-07 19:45:46', 110, 54, 2, '10.00'),
(189, '2021-06-07 19:45:46', 110, 55, 2, '10.00'),
(190, '2021-06-07 19:45:46', 110, 56, 2, '10.00'),
(191, '2021-06-07 19:45:46', 110, 57, 2, '10.00'),
(192, '2021-06-07 19:45:46', 110, 58, 2, '10.00'),
(193, '2021-06-07 19:45:46', 110, 59, 2, '10.00'),
(194, '2021-06-07 19:45:46', 110, 60, 2, '10.00'),
(195, '2021-06-07 19:45:46', 110, 61, 2, '10.00'),
(196, '2021-06-07 19:45:46', 110, 62, 2, '10.00'),
(197, '2021-06-07 19:45:46', 110, 63, 2, '10.00'),
(198, '2021-06-07 19:45:46', 110, 64, 2, '10.00'),
(199, '2021-06-07 19:45:46', 110, 65, 2, '10.00'),
(200, '2021-06-07 19:45:46', 110, 66, 2, '10.00'),
(201, '2021-06-07 19:45:46', 110, 67, 2, '10.00'),
(202, '2021-06-07 19:45:46', 110, 68, 2, '10.00'),
(203, '2021-06-07 19:45:46', 110, 69, 2, '10.00'),
(204, '2021-06-07 19:45:46', 110, 70, 2, '10.00'),
(205, '2021-06-07 19:45:46', 110, 71, 2, '10.00'),
(206, '2021-06-07 19:45:46', 110, 72, 2, '10.00'),
(207, '2021-06-07 19:45:46', 110, 73, 2, '10.00'),
(208, '2021-06-07 19:45:46', 110, 74, 2, '10.00'),
(209, '2021-06-07 19:45:46', 110, 75, 2, '10.00'),
(210, '2021-06-07 19:45:46', 110, 76, 2, '10.00'),
(211, '2021-06-07 19:45:46', 110, 77, 2, '10.00'),
(212, '2021-06-07 19:45:46', 110, 78, 2, '10.00'),
(213, '2021-06-07 19:45:46', 110, 79, 2, '10.00'),
(214, '2021-06-07 19:45:46', 110, 80, 2, '10.00'),
(215, '2021-06-07 19:45:46', 110, 81, 2, '10.00'),
(216, '2021-06-07 19:45:46', 110, 82, 2, '10.00'),
(217, '2021-06-07 19:45:46', 110, 83, 2, '10.00'),
(218, '2021-06-07 19:45:46', 110, 84, 2, '10.00'),
(219, '2021-06-07 19:45:46', 110, 85, 2, '10.00'),
(220, '2021-06-07 19:45:46', 110, 86, 2, '10.00'),
(221, '2021-06-07 19:45:46', 110, 87, 2, '10.00'),
(222, '2021-06-07 19:45:46', 110, 88, 2, '10.00'),
(223, '2021-06-07 19:45:46', 110, 89, 2, '10.00'),
(224, '2021-06-07 19:45:46', 110, 90, 2, '10.00'),
(225, '2021-06-07 19:45:46', 110, 91, 2, '10.00'),
(226, '2021-06-07 19:45:46', 110, 93, 2, '10.00'),
(227, '2021-06-07 19:45:46', 110, 94, 2, '10.00'),
(228, '2021-06-07 19:45:46', 110, 95, 2, '10.00'),
(229, '2021-06-07 19:45:46', 110, 96, 2, '10.00'),
(230, '2021-06-07 19:45:46', 110, 97, 2, '10.00'),
(231, '2021-06-07 19:45:46', 110, 98, 2, '10.00'),
(232, '2021-06-07 19:45:46', 110, 99, 2, '10.00'),
(233, '2021-06-07 19:45:46', 110, 100, 2, '10.00'),
(234, '2021-06-07 19:45:46', 110, 101, 2, '10.00'),
(235, '2021-06-07 19:45:46', 110, 102, 2, '10.00'),
(236, '2021-06-07 19:45:46', 110, 103, 2, '10.00'),
(237, '2021-06-07 19:45:46', 110, 104, 2, '10.00'),
(238, '2021-06-07 19:45:46', 110, 105, 2, '10.00'),
(239, '2021-06-07 19:45:46', 110, 106, 2, '10.00'),
(240, '2021-06-07 19:45:46', 110, 107, 2, '10.00'),
(241, '2021-06-07 19:45:46', 110, 108, 2, '10.00'),
(242, '2021-06-07 19:45:46', 110, 109, 2, '10.00'),
(243, '2021-06-07 19:45:46', 110, 112, 2, '10.00'),
(244, '2021-06-07 19:45:46', 110, 113, 2, '10.00'),
(245, '2021-06-07 19:45:46', 110, 114, 2, '10.00'),
(246, '2021-06-07 19:45:46', 110, 115, 2, '10.00'),
(247, '2021-06-07 19:45:46', 110, 116, 2, '10.00'),
(248, '2021-06-07 19:45:46', 110, 118, 2, '10.00'),
(249, '2021-06-07 19:45:46', 110, 119, 2, '10.00'),
(250, '2021-06-07 19:45:46', 110, 120, 2, '10.00'),
(251, '2021-06-07 19:45:46', 110, 121, 2, '10.00'),
(252, '2021-06-07 19:45:46', 110, 124, 2, '10.00'),
(253, '2021-06-07 19:45:46', 110, 126, 2, '10.00'),
(254, '2021-06-07 19:45:46', 110, 127, 2, '10.00'),
(255, '2021-06-07 19:45:46', 110, 128, 2, '10.00'),
(256, '2021-06-07 19:45:46', 110, 129, 2, '10.00'),
(257, '2021-06-07 19:45:46', 110, 130, 2, '10.00'),
(258, '2021-06-07 19:45:46', 110, 131, 2, '10.00'),
(259, '2021-06-07 19:45:46', 110, 132, 2, '10.00'),
(260, '2021-06-07 19:45:46', 110, 133, 2, '10.00'),
(261, '2021-06-07 19:45:46', 110, 134, 2, '10.00'),
(262, '2021-06-07 19:45:46', 110, 135, 2, '10.00'),
(263, '2021-06-07 19:45:46', 110, 136, 2, '10.00'),
(264, '2021-06-07 19:45:46', 110, 137, 2, '10.00'),
(265, '2021-06-07 19:45:46', 110, 138, 2, '10.00'),
(266, '2021-06-07 19:45:46', 110, 139, 2, '10.00'),
(267, '2021-06-07 19:45:46', 110, 140, 2, '10.00'),
(268, '2021-06-07 19:45:46', 110, 141, 2, '10.00'),
(269, '2021-06-07 19:45:46', 110, 142, 2, '10.00'),
(270, '2021-06-28 23:37:42', 110, 1, 2, '10.00'),
(271, '2021-06-28 23:37:42', 110, 2, 2, '10.00'),
(272, '2021-06-28 23:37:42', 110, 3, 2, '10.00'),
(273, '2021-06-28 23:37:42', 110, 4, 2, '10.00'),
(274, '2021-06-28 23:37:42', 110, 5, 2, '10.00'),
(275, '2021-06-28 23:37:42', 110, 6, 2, '10.00'),
(276, '2021-06-28 23:37:42', 110, 7, 2, '10.00'),
(277, '2021-06-28 23:37:42', 110, 8, 2, '10.00'),
(278, '2021-06-28 23:37:42', 110, 9, 2, '10.00'),
(279, '2021-06-28 23:37:42', 110, 10, 2, '10.00'),
(280, '2021-06-28 23:37:42', 110, 11, 2, '10.00'),
(281, '2021-06-28 23:37:42', 110, 12, 2, '10.00'),
(282, '2021-06-28 23:37:42', 110, 13, 2, '10.00'),
(283, '2021-06-28 23:37:42', 110, 14, 2, '10.00'),
(284, '2021-06-28 23:37:42', 110, 15, 2, '10.00'),
(285, '2021-06-28 23:37:42', 110, 16, 2, '10.00'),
(286, '2021-06-28 23:37:42', 110, 17, 2, '10.00'),
(287, '2021-06-28 23:37:42', 110, 18, 2, '10.00'),
(288, '2021-06-28 23:37:42', 110, 19, 2, '10.00'),
(289, '2021-06-28 23:37:42', 110, 20, 2, '10.00'),
(290, '2021-06-28 23:37:42', 110, 21, 2, '10.00'),
(291, '2021-06-28 23:37:42', 110, 22, 2, '10.00'),
(292, '2021-06-28 23:37:42', 110, 23, 2, '10.00'),
(293, '2021-06-28 23:37:42', 110, 24, 2, '10.00'),
(294, '2021-06-28 23:37:42', 110, 25, 2, '10.00'),
(295, '2021-06-28 23:37:42', 110, 26, 2, '10.00'),
(296, '2021-06-28 23:37:42', 110, 27, 2, '10.00'),
(297, '2021-06-28 23:37:42', 110, 28, 2, '10.00'),
(298, '2021-06-28 23:37:42', 110, 29, 2, '10.00'),
(299, '2021-06-28 23:37:42', 110, 30, 2, '10.00'),
(300, '2021-06-28 23:37:42', 110, 31, 2, '10.00'),
(301, '2021-06-28 23:37:42', 110, 32, 2, '10.00'),
(302, '2021-06-28 23:37:42', 110, 33, 2, '10.00'),
(303, '2021-06-28 23:37:42', 110, 34, 2, '10.00'),
(304, '2021-06-28 23:37:42', 110, 35, 2, '10.00'),
(305, '2021-06-28 23:37:42', 110, 36, 2, '10.00'),
(306, '2021-06-28 23:37:42', 110, 37, 2, '10.00'),
(307, '2021-06-28 23:37:42', 110, 38, 2, '10.00'),
(308, '2021-06-28 23:37:42', 110, 39, 2, '10.00'),
(309, '2021-06-28 23:37:42', 110, 40, 2, '10.00'),
(310, '2021-06-28 23:37:42', 110, 41, 2, '10.00'),
(311, '2021-06-28 23:37:42', 110, 42, 2, '10.00'),
(312, '2021-06-28 23:37:42', 110, 43, 2, '10.00'),
(313, '2021-06-28 23:37:42', 110, 44, 2, '10.00'),
(314, '2021-06-28 23:37:42', 110, 45, 2, '10.00'),
(315, '2021-06-28 23:37:42', 110, 46, 2, '10.00'),
(316, '2021-06-28 23:37:42', 110, 47, 2, '10.00'),
(317, '2021-06-28 23:37:42', 110, 48, 2, '10.00'),
(318, '2021-06-28 23:37:42', 110, 49, 2, '10.00'),
(319, '2021-06-28 23:37:42', 110, 50, 2, '10.00'),
(320, '2021-06-28 23:37:42', 110, 51, 2, '10.00'),
(321, '2021-06-28 23:37:42', 110, 52, 2, '10.00'),
(322, '2021-06-28 23:37:42', 110, 53, 2, '10.00'),
(323, '2021-06-28 23:37:42', 110, 54, 2, '10.00'),
(324, '2021-06-28 23:37:42', 110, 55, 2, '10.00'),
(325, '2021-06-28 23:37:42', 110, 56, 2, '10.00'),
(326, '2021-06-28 23:37:42', 110, 57, 2, '10.00'),
(327, '2021-06-28 23:37:42', 110, 58, 2, '10.00'),
(328, '2021-06-28 23:37:42', 110, 59, 2, '10.00'),
(329, '2021-06-28 23:37:42', 110, 60, 2, '10.00'),
(330, '2021-06-28 23:37:42', 110, 61, 2, '10.00'),
(331, '2021-06-28 23:37:42', 110, 62, 2, '10.00'),
(332, '2021-06-28 23:37:42', 110, 63, 2, '10.00'),
(333, '2021-06-28 23:37:42', 110, 64, 2, '10.00'),
(334, '2021-06-28 23:37:42', 110, 65, 2, '10.00'),
(335, '2021-06-28 23:37:42', 110, 66, 2, '10.00'),
(336, '2021-06-28 23:37:42', 110, 67, 2, '10.00'),
(337, '2021-06-28 23:37:42', 110, 68, 2, '10.00'),
(338, '2021-06-28 23:37:42', 110, 69, 2, '10.00'),
(339, '2021-06-28 23:37:42', 110, 70, 2, '10.00'),
(340, '2021-06-28 23:37:42', 110, 71, 2, '10.00'),
(341, '2021-06-28 23:37:42', 110, 72, 2, '10.00'),
(342, '2021-06-28 23:37:42', 110, 73, 2, '10.00'),
(343, '2021-06-28 23:37:42', 110, 74, 2, '10.00'),
(344, '2021-06-28 23:37:42', 110, 75, 2, '10.00'),
(345, '2021-06-28 23:37:42', 110, 76, 2, '10.00'),
(346, '2021-06-28 23:37:42', 110, 78, 2, '10.00'),
(347, '2021-06-28 23:37:42', 110, 79, 2, '10.00'),
(348, '2021-06-28 23:37:42', 110, 80, 2, '10.00'),
(349, '2021-06-28 23:37:42', 110, 81, 2, '10.00'),
(350, '2021-06-28 23:37:42', 110, 82, 2, '10.00'),
(351, '2021-06-28 23:37:42', 110, 83, 2, '10.00'),
(352, '2021-06-28 23:37:42', 110, 84, 2, '10.00'),
(353, '2021-06-28 23:37:42', 110, 85, 2, '10.00'),
(354, '2021-06-28 23:37:42', 110, 86, 2, '10.00'),
(355, '2021-06-28 23:37:42', 110, 87, 2, '10.00'),
(356, '2021-06-28 23:37:42', 110, 88, 2, '10.00'),
(357, '2021-06-28 23:37:42', 110, 89, 2, '10.00'),
(358, '2021-06-28 23:37:42', 110, 90, 2, '10.00'),
(359, '2021-06-28 23:37:42', 110, 91, 2, '10.00'),
(360, '2021-06-28 23:37:42', 110, 92, 2, '10.00'),
(361, '2021-06-28 23:37:42', 110, 93, 2, '10.00'),
(362, '2021-06-28 23:37:42', 110, 94, 2, '10.00'),
(363, '2021-06-28 23:37:42', 110, 95, 2, '10.00'),
(364, '2021-06-28 23:37:42', 110, 96, 2, '10.00'),
(365, '2021-06-28 23:37:42', 110, 97, 2, '10.00'),
(366, '2021-06-28 23:37:42', 110, 98, 2, '10.00'),
(367, '2021-06-28 23:37:42', 110, 99, 2, '10.00'),
(368, '2021-06-28 23:37:42', 110, 100, 2, '10.00'),
(369, '2021-06-28 23:37:42', 110, 101, 2, '10.00'),
(370, '2021-06-28 23:37:42', 110, 102, 2, '10.00'),
(371, '2021-06-28 23:37:42', 110, 103, 2, '10.00'),
(372, '2021-06-28 23:37:42', 110, 104, 2, '10.00'),
(373, '2021-06-28 23:37:42', 110, 105, 2, '10.00'),
(374, '2021-06-28 23:37:42', 110, 106, 2, '10.00'),
(375, '2021-06-28 23:37:42', 110, 107, 2, '10.00'),
(376, '2021-06-28 23:37:42', 110, 108, 2, '10.00'),
(377, '2021-06-28 23:37:42', 110, 109, 2, '10.00'),
(378, '2021-06-28 23:37:42', 110, 112, 2, '10.00'),
(379, '2021-06-28 23:37:42', 110, 113, 2, '10.00'),
(380, '2021-06-28 23:37:42', 110, 114, 2, '10.00'),
(381, '2021-06-28 23:37:42', 110, 115, 2, '10.00'),
(382, '2021-06-28 23:37:42', 110, 116, 2, '10.00'),
(383, '2021-06-28 23:37:42', 110, 118, 2, '10.00'),
(384, '2021-06-28 23:37:42', 110, 119, 2, '10.00'),
(385, '2021-06-28 23:37:42', 110, 120, 2, '10.00'),
(386, '2021-06-28 23:37:42', 110, 121, 2, '10.00'),
(387, '2021-06-28 23:37:42', 110, 124, 2, '10.00'),
(388, '2021-06-28 23:37:42', 110, 126, 2, '10.00'),
(389, '2021-06-28 23:37:42', 110, 127, 2, '10.00'),
(390, '2021-06-28 23:37:42', 110, 128, 2, '10.00'),
(391, '2021-06-28 23:37:42', 110, 129, 2, '10.00'),
(392, '2021-06-28 23:37:42', 110, 130, 2, '10.00'),
(393, '2021-06-28 23:37:42', 110, 131, 2, '10.00'),
(394, '2021-06-28 23:37:42', 110, 132, 2, '10.00'),
(395, '2021-06-28 23:37:42', 110, 133, 2, '10.00'),
(396, '2021-06-28 23:37:42', 110, 134, 2, '10.00'),
(397, '2021-06-28 23:37:42', 110, 135, 2, '10.00'),
(398, '2021-06-28 23:37:42', 110, 136, 2, '10.00'),
(399, '2021-06-28 23:37:42', 110, 137, 2, '10.00'),
(400, '2021-06-28 23:37:42', 110, 138, 2, '10.00'),
(401, '2021-06-28 23:37:42', 110, 139, 2, '10.00'),
(402, '2021-06-28 23:37:42', 110, 140, 2, '10.00'),
(403, '2021-06-28 23:37:42', 110, 141, 2, '10.00'),
(404, '2021-06-28 23:37:42', 110, 142, 2, '10.00'),
(405, '2021-06-28 23:37:42', 110, 143, 2, '10.00'),
(406, '2021-06-28 23:37:42', 110, 144, 2, '10.00'),
(407, '2021-06-28 23:37:42', 110, 145, 2, '10.00'),
(408, '2021-06-28 23:37:42', 110, 146, 2, '10.00'),
(409, '2021-10-16 23:18:48', 110, 1, 1, '20.00'),
(410, '2021-10-16 23:18:48', 110, 2, 1, '20.00'),
(411, '2021-10-16 23:18:48', 110, 3, 1, '20.00'),
(412, '2021-10-16 23:18:48', 110, 4, 1, '20.00'),
(413, '2021-10-16 23:18:48', 110, 5, 1, '20.00'),
(414, '2021-10-16 23:18:48', 110, 7, 1, '20.00'),
(415, '2021-10-16 23:18:48', 110, 8, 1, '20.00'),
(416, '2021-10-16 23:18:48', 110, 9, 1, '20.00'),
(417, '2021-10-16 23:18:48', 110, 10, 1, '20.00'),
(418, '2021-10-16 23:18:48', 110, 11, 1, '20.00'),
(419, '2021-10-16 23:18:48', 110, 13, 1, '20.00'),
(420, '2021-10-16 23:18:48', 110, 15, 1, '20.00'),
(421, '2021-10-16 23:18:48', 110, 16, 1, '20.00'),
(422, '2021-10-16 23:18:48', 110, 17, 1, '20.00'),
(423, '2021-10-16 23:18:48', 110, 18, 1, '20.00'),
(424, '2021-10-16 23:18:48', 110, 23, 1, '20.00'),
(425, '2021-10-16 23:18:48', 110, 24, 1, '20.00'),
(426, '2021-10-16 23:18:48', 110, 25, 1, '20.00'),
(427, '2021-10-16 23:18:48', 110, 28, 1, '20.00'),
(428, '2021-10-16 23:18:48', 110, 30, 1, '20.00'),
(429, '2021-10-16 23:18:48', 110, 33, 1, '20.00'),
(430, '2021-10-16 23:18:48', 110, 36, 1, '20.00'),
(431, '2021-10-16 23:18:48', 110, 37, 1, '20.00'),
(432, '2021-10-16 23:18:48', 110, 38, 1, '20.00'),
(433, '2021-10-16 23:18:48', 110, 39, 1, '20.00'),
(434, '2021-10-16 23:18:48', 110, 40, 1, '20.00'),
(435, '2021-10-16 23:18:48', 110, 41, 1, '20.00'),
(436, '2021-10-16 23:18:48', 110, 42, 1, '20.00'),
(437, '2021-10-16 23:18:48', 110, 48, 1, '20.00'),
(438, '2021-10-16 23:18:48', 110, 51, 1, '20.00'),
(439, '2021-10-16 23:18:48', 110, 54, 1, '20.00'),
(440, '2021-10-16 23:18:48', 110, 56, 1, '20.00'),
(441, '2021-10-16 23:18:48', 110, 57, 1, '20.00'),
(442, '2021-10-16 23:18:48', 110, 60, 1, '20.00'),
(443, '2021-10-16 23:18:48', 110, 61, 1, '20.00'),
(444, '2021-10-16 23:18:48', 110, 63, 1, '20.00'),
(445, '2021-10-16 23:18:48', 110, 64, 1, '20.00'),
(446, '2021-10-16 23:18:48', 110, 65, 1, '20.00'),
(447, '2021-10-16 23:18:48', 110, 66, 1, '20.00'),
(448, '2021-10-16 23:18:48', 110, 67, 1, '20.00'),
(449, '2021-10-16 23:18:48', 110, 68, 1, '20.00'),
(450, '2021-10-16 23:18:48', 110, 70, 1, '20.00'),
(451, '2021-10-16 23:18:48', 110, 71, 1, '20.00'),
(452, '2021-10-16 23:18:48', 110, 72, 1, '20.00'),
(453, '2021-10-16 23:18:48', 110, 73, 1, '20.00'),
(454, '2021-10-16 23:18:48', 110, 74, 1, '20.00'),
(455, '2021-10-16 23:18:48', 110, 75, 1, '20.00'),
(456, '2021-10-16 23:18:48', 110, 76, 1, '20.00'),
(457, '2021-10-16 23:18:48', 110, 77, 1, '20.00'),
(458, '2021-10-16 23:18:48', 110, 81, 1, '20.00'),
(459, '2021-10-16 23:18:48', 110, 83, 1, '20.00'),
(460, '2021-10-16 23:18:48', 110, 88, 1, '20.00'),
(461, '2021-10-16 23:18:48', 110, 90, 1, '20.00'),
(462, '2021-10-16 23:18:48', 110, 92, 1, '20.00'),
(463, '2021-10-16 23:18:48', 110, 94, 1, '20.00'),
(464, '2021-10-16 23:18:48', 110, 95, 1, '20.00'),
(465, '2021-10-16 23:18:48', 110, 96, 1, '20.00'),
(466, '2021-10-16 23:18:48', 110, 98, 1, '20.00'),
(467, '2021-10-16 23:18:48', 110, 101, 1, '20.00'),
(468, '2021-10-16 23:18:48', 110, 102, 1, '20.00'),
(469, '2021-10-16 23:18:48', 110, 105, 1, '20.00'),
(470, '2021-10-16 23:18:48', 110, 112, 1, '20.00'),
(471, '2021-10-16 23:18:48', 110, 113, 1, '20.00'),
(472, '2021-10-16 23:18:48', 110, 115, 1, '20.00'),
(473, '2021-10-16 23:18:48', 110, 118, 1, '20.00'),
(474, '2021-10-16 23:18:48', 110, 119, 1, '20.00'),
(475, '2021-10-16 23:18:48', 110, 120, 1, '20.00'),
(476, '2021-10-16 23:18:48', 110, 121, 1, '20.00'),
(477, '2021-10-16 23:18:48', 110, 124, 1, '20.00'),
(478, '2021-10-16 23:18:48', 110, 126, 1, '20.00'),
(479, '2021-10-16 23:18:48', 110, 127, 1, '20.00'),
(480, '2021-10-16 23:18:48', 110, 128, 1, '20.00'),
(481, '2021-10-16 23:18:48', 110, 130, 1, '20.00'),
(482, '2021-10-16 23:18:48', 110, 131, 1, '20.00'),
(483, '2021-10-16 23:18:48', 110, 132, 1, '20.00'),
(484, '2021-10-16 23:18:48', 110, 133, 1, '20.00'),
(485, '2021-10-16 23:18:48', 110, 134, 1, '20.00'),
(486, '2021-10-16 23:18:48', 110, 135, 1, '20.00'),
(487, '2021-10-16 23:18:48', 110, 136, 1, '20.00'),
(488, '2021-10-16 23:18:48', 110, 137, 1, '20.00'),
(489, '2021-10-16 23:18:48', 110, 138, 1, '20.00'),
(490, '2021-10-16 23:18:48', 110, 139, 1, '20.00'),
(491, '2021-10-16 23:18:48', 110, 140, 1, '20.00'),
(492, '2021-10-16 23:18:48', 110, 141, 1, '20.00'),
(493, '2021-10-16 23:18:48', 110, 142, 1, '20.00'),
(494, '2021-10-16 23:18:48', 110, 143, 1, '20.00'),
(495, '2021-10-16 23:18:48', 110, 144, 1, '20.00'),
(496, '2021-10-16 23:18:48', 110, 145, 1, '20.00'),
(497, '2021-10-16 23:18:48', 110, 146, 1, '20.00'),
(498, '2021-10-16 23:18:48', 110, 147, 1, '20.00'),
(499, '2021-10-16 23:18:48', 110, 148, 1, '20.00'),
(500, '2021-10-16 23:22:09', 110, 1, 2, '10.00'),
(501, '2021-10-16 23:22:09', 110, 2, 2, '10.00'),
(502, '2021-10-16 23:22:09', 110, 3, 2, '10.00'),
(503, '2021-10-16 23:22:09', 110, 4, 2, '10.00'),
(504, '2021-10-16 23:22:09', 110, 5, 2, '10.00'),
(505, '2021-10-16 23:22:09', 110, 10, 2, '10.00'),
(506, '2021-10-16 23:22:09', 110, 11, 2, '10.00'),
(507, '2021-10-16 23:22:09', 110, 13, 2, '10.00'),
(508, '2021-10-16 23:22:09', 110, 17, 2, '10.00'),
(509, '2021-10-16 23:22:09', 110, 18, 2, '10.00'),
(510, '2021-10-16 23:22:09', 110, 24, 2, '10.00'),
(511, '2021-10-16 23:22:09', 110, 28, 2, '10.00'),
(512, '2021-10-16 23:22:09', 110, 30, 2, '10.00'),
(513, '2021-10-16 23:22:09', 110, 33, 2, '10.00'),
(514, '2021-10-16 23:22:09', 110, 36, 2, '10.00'),
(515, '2021-10-16 23:22:09', 110, 37, 2, '10.00'),
(516, '2021-10-16 23:22:09', 110, 38, 2, '10.00'),
(517, '2021-10-16 23:22:09', 110, 39, 2, '10.00'),
(518, '2021-10-16 23:22:09', 110, 40, 2, '10.00'),
(519, '2021-10-16 23:22:09', 110, 41, 2, '10.00'),
(520, '2021-10-16 23:22:09', 110, 42, 2, '10.00'),
(521, '2021-10-16 23:22:09', 110, 48, 2, '10.00'),
(522, '2021-10-16 23:22:09', 110, 51, 2, '10.00'),
(523, '2021-10-16 23:22:09', 110, 54, 2, '10.00'),
(524, '2021-10-16 23:22:09', 110, 56, 2, '10.00'),
(525, '2021-10-16 23:22:09', 110, 57, 2, '10.00'),
(526, '2021-10-16 23:22:09', 110, 60, 2, '10.00'),
(527, '2021-10-16 23:22:09', 110, 61, 2, '10.00'),
(528, '2021-10-16 23:22:09', 110, 63, 2, '10.00'),
(529, '2021-10-16 23:22:09', 110, 64, 2, '10.00'),
(530, '2021-10-16 23:22:09', 110, 66, 2, '10.00'),
(531, '2021-10-16 23:22:09', 110, 67, 2, '10.00'),
(532, '2021-10-16 23:22:09', 110, 71, 2, '10.00'),
(533, '2021-10-16 23:22:09', 110, 72, 2, '10.00'),
(534, '2021-10-16 23:22:09', 110, 73, 2, '10.00'),
(535, '2021-10-16 23:22:09', 110, 74, 2, '10.00'),
(536, '2021-10-16 23:22:09', 110, 75, 2, '10.00'),
(537, '2021-10-16 23:22:09', 110, 76, 2, '10.00'),
(538, '2021-10-16 23:22:09', 110, 77, 2, '10.00'),
(539, '2021-10-16 23:22:09', 110, 81, 2, '10.00'),
(540, '2021-10-16 23:22:09', 110, 83, 2, '10.00'),
(541, '2021-10-16 23:22:09', 110, 90, 2, '10.00'),
(542, '2021-10-16 23:22:09', 110, 92, 2, '10.00'),
(543, '2021-10-16 23:22:09', 110, 94, 2, '10.00'),
(544, '2021-10-16 23:22:09', 110, 95, 2, '10.00'),
(545, '2021-10-16 23:22:09', 110, 102, 2, '10.00'),
(546, '2021-10-16 23:22:09', 110, 105, 2, '10.00'),
(547, '2021-10-16 23:22:09', 110, 112, 2, '10.00'),
(548, '2021-10-16 23:22:09', 110, 115, 2, '10.00'),
(549, '2021-10-16 23:22:09', 110, 118, 2, '10.00'),
(550, '2021-10-16 23:22:09', 110, 119, 2, '10.00'),
(551, '2021-10-16 23:22:09', 110, 120, 2, '10.00'),
(552, '2021-10-16 23:22:09', 110, 121, 2, '10.00'),
(553, '2021-10-16 23:22:09', 110, 124, 2, '10.00'),
(554, '2021-10-16 23:22:09', 110, 128, 2, '10.00'),
(555, '2021-10-16 23:22:09', 110, 130, 2, '10.00'),
(556, '2021-10-16 23:22:09', 110, 132, 2, '10.00'),
(557, '2021-10-16 23:22:09', 110, 135, 2, '10.00'),
(558, '2021-10-16 23:22:09', 110, 136, 2, '10.00'),
(559, '2021-10-16 23:22:09', 110, 137, 2, '10.00'),
(560, '2021-10-16 23:22:09', 110, 138, 2, '10.00'),
(561, '2021-10-16 23:22:09', 110, 139, 2, '10.00'),
(562, '2021-10-16 23:22:09', 110, 140, 2, '10.00'),
(563, '2021-10-16 23:22:09', 110, 141, 2, '10.00'),
(564, '2021-10-16 23:22:09', 110, 142, 2, '10.00'),
(565, '2021-10-16 23:22:09', 110, 143, 2, '10.00'),
(566, '2021-10-16 23:22:09', 110, 144, 2, '10.00'),
(567, '2021-10-16 23:22:09', 110, 145, 2, '10.00'),
(568, '2021-10-16 23:22:09', 110, 146, 2, '10.00'),
(569, '2021-10-16 23:22:09', 110, 147, 2, '10.00'),
(570, '2021-10-16 23:22:09', 110, 148, 2, '10.00');

-- --------------------------------------------------------

--
-- Table structure for table `donations`
--

CREATE TABLE `donations` (
  `id` int(11) NOT NULL,
  `date` timestamp NOT NULL DEFAULT CURRENT_TIMESTAMP,
  `encoder_id` int(11) DEFAULT NULL,
  `user_id` int(11) DEFAULT NULL,
  `amt` decimal(10,2) DEFAULT NULL
) ENGINE=InnoDB DEFAULT CHARSET=latin1;

--
-- Dumping data for table `donations`
--

INSERT INTO `donations` (`id`, `date`, `encoder_id`, `user_id`, `amt`) VALUES
(1, '2019-11-28 07:00:01', NULL, 1, '30.00'),
(2, '2019-11-28 07:00:02', NULL, 2, '30.00'),
(3, '2019-11-28 07:00:03', NULL, 3, '30.00'),
(4, '2019-11-28 07:00:04', NULL, 4, '30.00'),
(5, '2019-11-28 07:00:05', NULL, 5, '30.00'),
(6, '2019-11-28 07:00:06', NULL, 6, '30.00'),
(7, '2019-11-28 07:00:07', NULL, 7, '30.00'),
(8, '2019-11-28 07:00:08', NULL, 8, '30.00'),
(9, '2019-11-28 07:00:09', NULL, 9, '30.00'),
(10, '2019-11-28 07:00:10', NULL, 10, '30.00'),
(11, '2019-11-28 07:00:11', NULL, 11, '30.00'),
(12, '2019-11-28 07:00:12', NULL, 12, '30.00'),
(13, '2019-11-28 07:00:13', NULL, 13, '30.00'),
(14, '2019-11-28 07:00:14', NULL, 14, '30.00'),
(15, '2019-11-28 07:00:15', NULL, 15, '30.00'),
(16, '2019-11-28 07:00:16', NULL, 16, '30.00'),
(17, '2019-11-28 07:00:17', NULL, 17, '30.00'),
(18, '2019-12-05 07:00:01', NULL, 18, '30.00'),
(19, '2019-12-05 07:00:02', NULL, 19, '30.00'),
(20, '2019-12-08 07:00:01', NULL, 20, '30.00'),
(21, '2019-12-08 07:00:02', NULL, 21, '30.00'),
(22, '2019-12-08 07:00:03', NULL, 22, '30.00'),
(23, '2019-12-08 07:00:04', NULL, 23, '30.00'),
(24, '2019-12-11 07:00:01', NULL, 24, '30.00'),
(25, '2019-12-12 07:00:02', NULL, 25, '30.00'),
(26, '2019-12-13 07:00:01', NULL, 26, '30.00'),
(27, '2019-12-17 07:00:01', NULL, 27, '30.00'),
(28, '2019-12-17 07:00:02', NULL, 28, '30.00'),
(29, '2019-12-16 07:00:01', NULL, 29, '30.00'),
(30, '2019-12-17 07:00:03', NULL, 30, '30.00'),
(31, '2019-12-18 07:00:01', NULL, 31, '30.00'),
(32, '2019-12-18 07:00:02', NULL, 32, '30.00'),
(33, '2019-12-18 07:00:03', NULL, 33, '30.00'),
(34, '2019-12-18 07:00:04', NULL, 34, '30.00'),
(35, '2019-12-18 07:00:05', NULL, 35, '30.00'),
(36, '2019-12-18 07:00:06', NULL, 36, '30.00'),
(37, '2019-12-18 07:00:07', NULL, 37, '30.00'),
(38, '2019-12-18 07:00:08', NULL, 38, '30.00'),
(39, '2019-12-18 07:00:09', NULL, 39, '30.00'),
(40, '2019-12-19 07:00:01', NULL, 40, '30.00'),
(41, '2019-12-19 07:00:02', NULL, 41, '30.00'),
(42, '2019-12-20 07:00:01', NULL, 42, '30.00'),
(43, '2019-12-20 07:00:02', NULL, 43, '30.00'),
(44, '2019-12-20 07:00:03', NULL, 44, '30.00'),
(45, '2019-12-20 07:00:04', NULL, 45, '30.00'),
(46, '2019-12-20 07:00:05', NULL, 46, '30.00'),
(47, '2019-12-22 07:00:01', NULL, 47, '30.00'),
(48, '2019-12-22 07:00:02', NULL, 48, '30.00'),
(49, '2019-12-22 07:00:03', NULL, 49, '30.00'),
(50, '2019-12-13 07:00:02', NULL, 50, '30.00'),
(51, '2019-12-24 07:00:01', NULL, 51, '30.00'),
(52, '2019-12-25 07:00:01', NULL, 52, '30.00'),
(53, '2019-12-25 07:00:02', NULL, 53, '30.00'),
(54, '2019-12-26 07:00:01', NULL, 54, '30.00'),
(55, '2019-12-29 07:00:01', NULL, 55, '30.00'),
(56, '2020-01-02 07:00:01', NULL, 56, '30.00'),
(57, '2020-01-03 07:00:01', NULL, 57, '30.00'),
(58, '2020-01-04 07:00:01', NULL, 58, '30.00'),
(59, '2020-01-05 07:00:01', NULL, 59, '30.00'),
(60, '2020-01-08 07:00:01', NULL, 60, '30.00'),
(61, '2020-01-08 07:00:02', NULL, 61, '30.00'),
(62, '2020-01-10 07:00:01', NULL, 62, '30.00'),
(63, '2020-01-10 07:00:02', NULL, 63, '30.00'),
(64, '2020-01-11 07:00:00', NULL, 64, '30.00'),
(65, '2020-01-12 07:00:00', NULL, 65, '30.00'),
(66, '2020-01-15 07:00:00', NULL, 66, '30.00'),
(67, '2020-01-16 07:00:01', NULL, 67, '30.00'),
(68, '2020-01-16 07:00:02', NULL, 68, '30.00'),
(69, '2020-01-16 07:00:03', NULL, 69, '30.00'),
(70, '2020-01-16 07:00:04', NULL, 70, '30.00'),
(71, '2020-01-19 07:00:00', NULL, 71, '30.00'),
(72, '2020-01-19 07:00:01', NULL, 72, '30.00'),
(73, '2020-01-19 07:00:02', NULL, 73, '30.00'),
(74, '2020-01-20 07:00:01', NULL, 74, '30.00'),
(75, '2020-01-20 07:00:02', NULL, 75, '30.00'),
(76, '2020-01-21 07:00:00', NULL, 76, '30.00'),
(77, '2020-01-23 07:00:00', NULL, 77, '30.00'),
(78, '2020-01-25 07:00:00', NULL, 78, '30.00'),
(79, '2020-01-26 07:00:00', NULL, 79, '30.00'),
(80, '2020-01-28 07:00:00', NULL, 80, '30.00'),
(81, '2020-01-29 07:00:00', NULL, 81, '30.00'),
(82, '2020-01-30 07:00:00', NULL, 82, '30.00'),
(83, '2019-12-26 07:00:03', NULL, 83, '30.00'),
(84, '2020-01-31 07:00:00', NULL, 84, '30.00'),
(85, '2020-02-02 07:00:00', NULL, 85, '30.00'),
(86, '2020-02-04 07:00:00', NULL, 86, '30.00'),
(87, '2020-03-04 07:00:00', NULL, 87, '30.00'),
(88, '2020-02-04 07:00:00', NULL, 88, '30.00'),
(89, '2020-02-04 07:00:01', NULL, 89, '30.00'),
(90, '2020-02-08 07:00:00', NULL, 90, '30.00'),
(91, '2020-03-03 07:00:00', NULL, 91, '30.00'),
(92, '2020-03-03 07:00:01', NULL, 92, '30.00'),
(93, '2020-03-03 07:00:02', NULL, 93, '30.00'),
(94, '2020-03-03 07:00:03', NULL, 94, '30.00'),
(95, '2020-03-03 07:00:04', NULL, 95, '30.00'),
(96, '2020-03-03 07:00:05', NULL, 96, '30.00'),
(97, '2020-03-07 07:00:00', NULL, 97, '30.00'),
(98, '2020-03-09 06:00:00', NULL, 98, '30.00'),
(99, '2020-03-09 06:00:01', NULL, 99, '30.00'),
(100, '2020-03-09 06:00:02', NULL, 100, '30.00'),
(101, '2020-03-17 06:00:00', NULL, 101, '30.00'),
(102, '2020-03-17 06:00:01', NULL, 102, '30.00'),
(103, '2020-04-08 06:00:00', NULL, 103, '30.00'),
(104, '2020-04-08 06:00:01', NULL, 104, '30.00'),
(105, '2020-04-08 06:00:02', NULL, 105, '30.00'),
(106, '2020-04-08 06:00:03', NULL, 106, '30.00'),
(107, '2020-04-08 06:00:04', NULL, 107, '30.00'),
(108, '2020-04-09 06:00:00', NULL, 108, '30.00'),
(109, '2020-04-09 06:00:01', NULL, 109, '30.00'),
(110, '2020-06-06 01:49:50', 110, 112, '30.00'),
(111, '2020-06-14 04:04:51', 110, 113, '30.00'),
(112, '2020-06-26 12:25:05', 110, 114, '30.00'),
(113, '2020-07-01 22:23:42', 110, 115, '30.00'),
(114, '2020-08-10 21:38:45', 110, 116, '30.00'),
(115, '2020-09-19 21:43:33', 110, 118, '30.00'),
(116, '2020-09-20 01:00:20', 110, 2, '10.00'),
(117, '2020-09-20 02:50:35', 110, 119, '30.00'),
(118, '2020-09-20 02:59:15', 110, 118, '20.00'),
(119, '2020-09-20 02:59:29', 110, 119, '20.00'),
(120, '2020-09-20 02:59:43', 110, 2, '10.00'),
(121, '2020-10-06 19:28:41', 110, 120, '50.00'),
(122, '2020-10-06 19:46:30', 110, 121, '50.00'),
(123, '2020-10-08 02:55:24', 110, 2, '10.00'),
(124, '2020-10-08 02:55:57', 110, 2, '10.00'),
(126, '2020-11-04 21:13:05', 110, 124, '50.00'),
(128, '2020-12-03 18:30:02', 110, 126, '50.00'),
(129, '2020-12-03 19:28:31', 110, 127, '50.00'),
(130, '2020-12-03 19:41:59', 110, 128, '50.00'),
(131, '2020-12-03 22:02:11', 110, 129, '50.00'),
(132, '2020-12-03 22:40:15', 110, 130, '50.00'),
(133, '2020-12-03 22:54:32', 110, 131, '50.00'),
(134, '2020-12-04 00:41:25', 110, 132, '50.00'),
(135, '2020-12-04 21:21:54', 110, 133, '50.00'),
(136, '2020-12-04 21:30:57', 110, 134, '50.00'),
(137, '2020-12-04 21:39:47', 110, 135, '50.00'),
(138, '2020-12-04 22:45:38', 110, 13, '10.00'),
(139, '2020-12-04 22:51:13', 110, 24, '10.00'),
(140, '2020-12-04 22:53:42', 110, 24, '10.00'),
(141, '2020-12-04 22:54:47', 110, 11, '10.00'),
(142, '2020-12-04 22:56:51', 110, 17, '10.00'),
(143, '2020-12-04 22:59:47', 110, 129, '10.00'),
(144, '2020-12-04 23:03:46', 110, 13, '10.00'),
(145, '2020-12-04 23:15:51', 110, 2, '10.00'),
(146, '2020-12-04 23:17:44', 110, 24, '10.00'),
(147, '2020-12-04 23:19:08', 110, 13, '10.00'),
(148, '2020-12-04 23:20:46', 110, 128, '10.00'),
(149, '2020-12-07 20:10:08', 110, 136, '50.00'),
(150, '2020-12-07 20:20:05', 110, 17, '10.00'),
(151, '2020-12-07 21:09:32', 110, 42, '50.00'),
(152, '2020-12-09 12:45:55', 110, 42, '30.00'),
(153, '2020-12-09 12:48:02', 110, 3, '30.00'),
(154, '2020-12-09 12:49:23', 110, 10, '30.00'),
(155, '2020-12-11 23:37:24', 110, 38, '30.00'),
(156, '2020-12-11 23:38:21', 110, 39, '30.00'),
(157, '2020-12-11 23:45:41', 110, 76, '30.00'),
(158, '2020-12-11 23:47:05', 110, 73, '30.00'),
(159, '2020-12-11 23:48:46', 110, 30, '30.00'),
(160, '2020-12-11 23:49:56', 110, 56, '30.00'),
(161, '2020-12-11 23:50:48', 110, 13, '30.00'),
(162, '2020-12-11 23:51:35', 110, 119, '30.00'),
(163, '2020-12-11 23:52:10', 110, 120, '30.00'),
(164, '2020-12-11 23:52:46', 110, 132, '30.00'),
(165, '2020-12-11 23:53:22', 110, 118, '30.00'),
(166, '2020-12-11 23:54:17', 110, 121, '30.00'),
(167, '2020-12-11 23:55:01', 110, 66, '30.00'),
(168, '2020-12-11 23:55:49', 110, 24, '30.00'),
(169, '2020-12-11 23:56:22', 110, 28, '30.00'),
(170, '2020-12-11 23:56:59', 110, 36, '30.00'),
(171, '2020-12-11 23:57:46', 110, 64, '30.00'),
(172, '2020-12-11 23:58:25', 110, 71, '30.00'),
(173, '2020-12-15 17:34:15', 110, 41, '30.00'),
(174, '2020-12-15 17:34:46', 110, 2, '30.00'),
(175, '2020-12-15 17:35:39', 110, 27, '30.00'),
(176, '2020-12-15 17:36:14', 110, 7, '30.00'),
(177, '2020-12-15 17:36:47', 110, 8, '30.00'),
(178, '2020-12-15 17:37:17', 110, 9, '30.00'),
(179, '2020-12-15 17:37:48', 110, 11, '30.00'),
(180, '2020-12-15 17:38:18', 110, 25, '30.00'),
(181, '2020-12-15 17:38:55', 110, 15, '30.00'),
(182, '2020-12-15 17:39:27', 110, 16, '30.00'),
(183, '2020-12-15 18:23:28', 110, 26, '30.00'),
(184, '2020-12-15 21:25:33', 110, 51, '30.00'),
(185, '2020-12-16 18:58:47', 110, 94, '30.00'),
(186, '2020-12-16 18:59:53', 110, 88, '30.00'),
(187, '2021-01-13 17:05:30', 110, 23, '30.00'),
(188, '2021-01-20 16:44:42', 110, 83, '30.00'),
(189, '2021-01-27 17:56:32', 110, 60, '30.00'),
(190, '2021-02-05 20:11:23', 110, 137, '50.00'),
(191, '2021-02-05 20:23:09', 110, 138, '50.00'),
(192, '2021-02-05 21:07:17', 110, 139, '50.00'),
(193, '2021-02-05 21:15:22', 110, 140, '50.00'),
(194, '2021-02-05 21:28:57', 110, 56, '10.00'),
(195, '2021-02-05 21:29:42', 110, 56, '10.00'),
(196, '2021-02-05 21:30:52', 110, 56, '10.00'),
(197, '2021-02-05 21:31:44', 110, 56, '10.00'),
(198, '2021-02-19 21:09:41', 110, 74, '30.00'),
(199, '2021-02-22 20:28:50', 110, 10, '30.00'),
(200, '2021-03-08 17:40:05', 110, 101, '30.00'),
(201, '2021-03-18 19:57:21', 110, 81, '30.00'),
(202, '2021-04-12 17:08:00', 110, 42, '100.00'),
(203, '2021-04-12 17:34:19', 110, 141, '50.00'),
(204, '2021-04-12 19:57:23', 110, 136, '10.00'),
(205, '2021-04-21 16:12:46', 110, 142, '50.00'),
(206, '2021-04-21 16:21:18', 110, 17, '10.00'),
(207, '2021-05-20 16:01:23', 110, 37, '100.00'),
(208, '2021-05-20 19:39:06', 110, 102, '30.00'),
(209, '2021-05-20 19:40:39', 110, 115, '40.00'),
(210, '2021-05-20 19:45:22', 110, 41, '40.00'),
(211, '2021-06-07 18:53:33', 110, 23, '10.00'),
(212, '2021-06-07 18:55:01', 110, 2, '10.00'),
(213, '2021-06-07 18:56:55', 110, 113, '10.00'),
(214, '2021-06-07 18:58:00', 110, 132, '10.00'),
(215, '2021-06-07 18:58:51', 110, 98, '10.00'),
(216, '2021-06-07 18:59:27', 110, 7, '10.00'),
(217, '2021-06-07 19:00:20', 110, 8, '10.00'),
(218, '2021-06-07 19:01:02', 110, 9, '10.00'),
(219, '2021-06-07 19:01:35', 110, 10, '10.00'),
(220, '2021-06-07 19:02:09', 110, 11, '10.00'),
(221, '2021-06-07 19:02:41', 110, 65, '10.00'),
(222, '2021-06-07 19:03:23', 110, 25, '10.00'),
(223, '2021-06-07 19:04:14', 110, 15, '10.00'),
(224, '2021-06-07 19:05:00', 110, 16, '10.00'),
(225, '2021-06-07 19:05:50', 110, 23, '10.00'),
(226, '2021-06-07 19:06:23', 110, 2, '10.00'),
(227, '2021-06-07 19:07:00', 110, 113, '10.00'),
(228, '2021-06-07 19:07:45', 110, 132, '10.00'),
(229, '2021-06-07 19:08:21', 110, 98, '10.00'),
(230, '2021-06-07 19:08:50', 110, 7, '10.00'),
(231, '2021-06-07 19:09:17', 110, 8, '10.00'),
(232, '2021-06-07 19:09:58', 110, 9, '10.00'),
(233, '2021-06-07 19:10:25', 110, 10, '10.00'),
(234, '2021-06-07 19:10:47', 110, 11, '10.00'),
(235, '2021-06-07 19:11:20', 110, 65, '10.00'),
(236, '2021-06-07 19:11:52', 110, 25, '10.00'),
(237, '2021-06-07 19:12:17', 110, 15, '10.00'),
(238, '2021-06-07 19:12:56', 110, 16, '10.00'),
(239, '2021-06-07 22:07:49', 110, 4, '110.00'),
(240, '2021-06-07 22:31:43', 110, 75, '30.00'),
(241, '2021-06-07 22:36:41', 110, 75, '20.00'),
(242, '2021-06-08 20:07:05', 110, 101, '20.00'),
(243, '2021-06-09 23:15:46', 110, 1, '50.00'),
(244, '2021-06-09 23:16:30', 110, 142, '10.00'),
(245, '2021-06-09 23:17:03', 110, 129, '10.00'),
(246, '2021-06-09 23:17:45', 110, 129, '10.00'),
(247, '2021-06-09 23:18:34', 110, 3, '50.00'),
(248, '2021-06-09 23:19:59', 110, 124, '50.00'),
(249, '2021-06-09 23:21:10', 110, 130, '10.00'),
(250, '2021-06-09 23:21:36', 110, 130, '10.00'),
(251, '2021-06-09 23:22:20', 110, 40, '10.00'),
(252, '2021-06-09 23:22:44', 110, 40, '10.00'),
(253, '2021-06-09 23:23:12', 110, 17, '10.00'),
(254, '2021-06-09 23:23:39', 110, 17, '10.00'),
(255, '2021-06-09 23:24:17', 110, 141, '10.00'),
(256, '2021-06-09 23:24:44', 110, 141, '10.00'),
(257, '2021-06-09 23:25:11', 110, 68, '10.00'),
(258, '2021-06-09 23:25:34', 110, 68, '10.00'),
(259, '2021-06-09 23:26:06', 110, 96, '10.00'),
(260, '2021-06-09 23:26:40', 110, 96, '10.00'),
(261, '2021-06-09 23:27:25', 110, 136, '10.00'),
(262, '2021-06-09 23:27:49', 110, 136, '10.00'),
(263, '2021-06-10 22:44:25', 110, 5, '30.00'),
(264, '2021-06-15 16:16:41', 110, 5, '10.00'),
(265, '2021-06-15 16:17:18', 110, 5, '10.00'),
(266, '2021-06-16 20:50:44', 110, 48, '30.00'),
(267, '2021-06-16 20:51:25', 110, 48, '10.00'),
(268, '2021-06-16 20:51:50', 110, 48, '10.00'),
(269, '2021-06-17 18:34:14', 110, 143, '50.00'),
(270, '2021-06-17 18:42:28', 110, 144, '50.00'),
(271, '2021-06-17 18:49:11', 110, 145, '50.00'),
(272, '2021-06-17 19:14:35', 110, 146, '50.00'),
(273, '2021-06-17 21:13:32', 110, 17, '10.00'),
(274, '2021-06-17 21:14:04', 110, 17, '10.00'),
(275, '2021-06-17 21:14:36', 110, 17, '10.00'),
(276, '2021-06-17 21:15:03', 110, 17, '10.00'),
(277, '2021-06-18 16:39:50', 110, 129, '50.00'),
(278, '2021-06-18 16:40:27', 110, 40, '30.00'),
(279, '2021-06-18 16:41:06', 110, 18, '30.00'),
(280, '2021-06-18 16:53:42', 110, 18, '10.00'),
(281, '2021-06-18 16:54:06', 110, 18, '10.00'),
(282, '2021-06-18 21:14:40', 110, 105, '30.00'),
(283, '2021-06-18 21:15:03', 110, 105, '10.00'),
(284, '2021-06-18 21:15:24', 110, 105, '10.00'),
(285, '2021-06-21 20:04:02', 110, 88, '10.00'),
(286, '2021-06-21 20:04:27', 110, 88, '10.00'),
(287, '2021-06-22 22:28:47', 110, 95, '30.00'),
(288, '2021-06-22 22:29:33', 110, 95, '10.00'),
(289, '2021-06-22 22:30:02', 110, 95, '10.00'),
(290, '2021-06-24 16:38:35', 110, 92, '30.00'),
(291, '2021-06-25 23:16:46', 110, 120, '100.00'),
(292, '2021-06-28 20:18:42', 110, 77, '50.00'),
(293, '2021-06-28 23:39:25', 110, 135, '10.00'),
(294, '2021-06-28 23:40:05', 110, 136, '10.00'),
(295, '2021-06-28 23:41:01', 110, 137, '10.00'),
(296, '2021-06-28 23:41:36', 110, 138, '10.00'),
(297, '2021-06-28 23:42:13', 110, 139, '10.00'),
(298, '2021-06-28 23:42:46', 110, 140, '10.00'),
(299, '2021-06-28 23:43:17', 110, 141, '10.00'),
(300, '2021-06-28 23:43:43', 110, 142, '10.00'),
(301, '2021-06-28 23:44:42', 110, 143, '10.00'),
(302, '2021-06-28 23:45:12', 110, 144, '10.00'),
(303, '2021-06-28 23:45:41', 110, 145, '10.00'),
(304, '2021-06-28 23:46:10', 110, 146, '10.00'),
(305, '2021-06-29 20:27:56', 110, 72, '30.00'),
(306, '2021-06-29 20:28:30', 110, 72, '30.00'),
(307, '2021-07-02 17:25:47', 110, 101, '10.00'),
(308, '2021-07-06 21:08:42', 110, 33, '60.00'),
(309, '2021-07-08 21:03:04', 110, 61, '30.00'),
(310, '2021-07-08 21:05:13', 110, 61, '30.00'),
(311, '2021-07-21 16:23:59', 110, 51, '100.00'),
(312, '2021-07-22 19:25:29', 110, 24, '30.00'),
(313, '2021-07-22 19:26:56', 110, 24, '30.00'),
(314, '2021-07-27 17:06:18', 110, 112, '40.00'),
(315, '2021-07-29 20:28:50', 110, 130, '10.00'),
(316, '2021-08-03 22:03:34', 110, 28, '30.00'),
(317, '2021-08-06 19:26:47', 110, 76, '30.00'),
(318, '2021-08-16 16:47:58', 110, 64, '30.00'),
(319, '2021-08-16 16:49:52', 110, 64, '30.00'),
(320, '2021-08-16 22:35:26', 110, 147, '50.00'),
(321, '2021-08-16 23:13:28', 110, 40, '10.00'),
(322, '2021-08-20 16:37:47', 110, 60, '30.00'),
(323, '2021-08-20 16:38:42', 110, 60, '30.00'),
(324, '2021-08-24 20:19:22', 110, 81, '30.00'),
(325, '2021-08-24 20:21:04', 110, 81, '30.00'),
(326, '2021-08-27 19:47:12', 110, 63, '30.00'),
(327, '2021-08-27 19:47:37', 110, 63, '50.00'),
(328, '2021-09-03 23:13:27', 110, 137, '40.00'),
(329, '2021-09-03 23:14:25', 110, 138, '40.00'),
(330, '2021-09-03 23:15:14', 110, 139, '40.00'),
(331, '2021-09-03 23:15:48', 110, 140, '40.00'),
(332, '2021-09-03 23:23:37', 110, 74, '50.00'),
(333, '2021-09-03 23:25:15', 110, 56, '50.00'),
(334, '2021-09-03 23:33:16', 110, 41, '40.00'),
(335, '2021-09-06 20:55:53', 110, 148, '50.00'),
(336, '2021-09-06 22:19:11', 110, 146, '10.00'),
(337, '2021-09-08 21:16:50', 110, 81, '30.00'),
(338, '2021-09-10 16:07:57', 110, 66, '50.00'),
(339, '2021-09-10 20:43:19', 110, 54, '80.00'),
(340, '2021-09-10 20:49:59', 110, 101, '20.00'),
(341, '2021-09-13 16:24:33', 110, 121, '50.00'),
(342, '2021-09-13 16:28:05', 110, 70, '20.00'),
(343, '2021-09-13 19:14:33', 110, 67, '80.00'),
(344, '2021-09-13 19:17:13', 110, 76, '20.00'),
(345, '2021-09-14 19:54:55', 110, 57, '80.00'),
(346, '2021-09-14 20:22:09', 110, 94, '80.00'),
(347, '2021-09-15 19:48:41', 110, 90, '80.00'),
(348, '2021-09-20 16:22:11', 110, 83, '50.00'),
(349, '2021-09-21 17:29:30', 110, 36, '50.00'),
(350, '2021-09-29 15:52:31', 110, 81, '20.00'),
(351, '2021-10-04 17:22:34', 110, 10, '40.00'),
(352, '2021-10-05 16:49:14', 110, 1, '50.00'),
(353, '2021-10-05 16:52:17', 110, 64, '30.00'),
(354, '2021-10-14 20:34:47', 110, 18, '40.00'),
(355, '2021-10-19 16:50:14', 110, 74, '30.00'),
(356, '2021-11-11 20:35:33', 110, 39, '30.00'),
(357, '2021-11-11 20:39:37', 110, 39, '30.00'),
(358, '2021-11-16 18:59:36', 110, 23, '70.00'),
(359, '2021-11-25 20:46:54', 110, 30, '60.00'),
(360, '2021-11-25 20:51:46', 110, 32, '60.00'),
(361, '2021-11-26 20:55:52', 110, 71, '30.00'),
(362, '2021-11-26 20:56:44', 110, 71, '60.00'),
(363, '2021-11-26 22:44:54', 110, 102, '60.00'),
(364, '2021-12-02 17:37:31', 110, 35, '120.00'),
(365, '2021-12-13 16:44:49', 110, 26, '90.00'),
(366, '2022-01-24 16:50:44', 110, 28, '60.00'),
(367, '2022-03-01 22:33:24', 110, 41, '40.00'),
(368, '2022-03-01 23:58:35', 110, 127, '90.00'),
(369, '2022-03-14 16:25:49', 110, 67, '30.00'),
(370, '2022-03-14 16:33:14', 110, 128, '30.00'),
(371, '2022-03-14 16:36:15', 110, 128, '60.00'),
(372, '2022-03-21 19:41:27', 110, 140, '40.00'),
(373, '2022-03-28 17:17:28', 110, 63, '30.00'),
(374, '2022-04-04 16:10:42', 110, 149, '50.00'),
(375, '2022-04-04 16:52:54', 110, 1, '10.00'),
(376, '2022-04-11 16:04:45', 110, 77, '30.00'),
(377, '2022-04-11 16:07:29', 110, 77, '30.00'),
(378, '2022-04-19 17:19:52', 110, 27, '100.00'),
(379, '2022-06-14 22:27:32', 110, 5, '70.00'),
(380, '2022-06-17 19:36:29', 110, 43, '80.00'),
(381, '2022-07-04 16:13:04', 110, 24, '60.00'),
(382, '2022-08-15 17:12:32', 110, 58, '60.00'),
(383, '2022-08-15 17:21:22', 110, 58, '60.00'),
(384, '2022-08-16 17:37:44', 110, 144, '40.00'),
(385, '2022-08-16 22:12:10', 110, 143, '40.00'),
(386, '2022-08-30 21:46:21', 110, 90, '70.00'),
(387, '2022-09-13 21:45:12', 110, 48, '100.00'),
(388, '2022-09-26 17:13:59', 110, 33, '90.00'),
(389, '2022-10-13 18:23:55', 110, 56, '70.00'),
(390, '2022-10-13 19:47:18', 110, 95, '80.00'),
(391, '2022-10-20 16:37:57', 110, 54, '70.00'),
(392, '2022-10-25 16:18:27', 110, 127, '30.00'),
(393, '2022-11-02 16:34:11', 110, 64, '30.00'),
(394, '2022-11-04 19:47:11', 110, 81, '30.00'),
(395, '2022-11-07 17:38:44', 110, 40, '100.00'),
(396, '2022-11-11 23:50:40', 110, 115, '110.00'),
(397, '2022-11-15 17:35:39', 110, 10, '70.00'),
(398, '2022-11-15 21:08:13', 110, 74, '40.00'),
(399, '2022-11-15 22:45:24', 110, 1, '100.00'),
(400, '2022-11-16 18:24:36', 110, 18, '60.00'),
(401, '2022-11-17 18:10:45', 110, 30, '50.00'),
(402, '2022-11-24 16:56:37', 110, 141, '60.00'),
(403, '2022-11-28 23:19:15', 110, 120, '100.00'),
(404, '2022-12-09 17:26:07', 110, 28, '30.00'),
(405, '2022-12-12 17:12:19', 110, 96, '100.00'),
(406, '2022-12-13 17:45:33', 110, 12, '120.00');

-- --------------------------------------------------------

--
-- Table structure for table `fees`
--

CREATE TABLE `fees` (
  `id` int(11) NOT NULL,
  `date` timestamp NOT NULL DEFAULT CURRENT_TIMESTAMP,
  `value` int(11) DEFAULT NULL,
  `description` varchar(150) DEFAULT NULL,
  `amt` decimal(10,2) DEFAULT NULL
) ENGINE=InnoDB DEFAULT CHARSET=latin1;

--
-- Dumping data for table `fees`
--

INSERT INTO `fees` (`id`, `date`, `value`, `description`, `amt`) VALUES
(1, '2020-05-08 02:05:51', 1, 'Membership Fee', '50.00'),
(2, '2020-05-08 02:06:04', 2, 'Emergency Fund', '50.00'),
(3, '2020-11-26 19:45:44', 3, 'Annual Fee', '30.00');

-- --------------------------------------------------------

--
-- Stand-in structure for view `finances_view`
-- (See below for the actual view)
--
CREATE TABLE `finances_view` (
`id` int(11)
,`date` timestamp
,`credit` decimal(18,2)
,`debit` decimal(18,2)
,`trans` varchar(1)
,`trans_desc` varchar(150)
,`encoder_id` int(11)
,`user_id` int(11)
,`remarks` varchar(150)
);

-- --------------------------------------------------------

--
-- Stand-in structure for view `finances_view_general`
-- (See below for the actual view)
--
CREATE TABLE `finances_view_general` (
`id` int(11)
,`date` timestamp
,`credit` decimal(18,2)
,`debit` decimal(18,2)
,`trans` varchar(1)
,`trans_desc` varchar(150)
,`encoder_id` varchar(100)
,`user_id` varchar(100)
,`remarks` varchar(150)
);

-- --------------------------------------------------------

--
-- Table structure for table `folder`
--

CREATE TABLE `folder` (
  `id` int(11) NOT NULL,
  `user_name` varchar(20) NOT NULL,
  `passport_path` varchar(250) DEFAULT NULL,
  `nso_path` varchar(250) DEFAULT NULL,
  `mc_path` varchar(250) DEFAULT NULL,
  `sbook_path` varchar(250) DEFAULT NULL,
  `appform_path` varchar(70) DEFAULT NULL,
  `other_path` varchar(70) DEFAULT NULL,
  `folderpath` varchar(250) DEFAULT NULL,
  `date` datetime NOT NULL DEFAULT CURRENT_TIMESTAMP
) ENGINE=InnoDB DEFAULT CHARSET=latin1;

--
-- Dumping data for table `folder`
--

INSERT INTO `folder` (`id`, `user_name`, `passport_path`, `nso_path`, `mc_path`, `sbook_path`, `appform_path`, `other_path`, `folderpath`, `date`) VALUES
(1, '2019-00000001', NULL, NULL, NULL, NULL, 'folder/RAFAEL_DORONA/00001 DORONA-RAFAEL JR FENANDEZ (1).xlsx', NULL, 'folder/RAFAEL_DORONA', '2020-05-12 19:43:46'),
(2, '2019-00000002', NULL, NULL, NULL, NULL, NULL, NULL, 'folder/FELIX_GARCIANO', '2020-05-12 19:43:46'),
(3, '2019-00000003', NULL, NULL, NULL, NULL, NULL, NULL, 'folder/GLENN_ESBER', '2020-05-12 19:43:46'),
(4, '2019-00000004', NULL, NULL, NULL, NULL, NULL, NULL, 'folder/JIMMY_PEDRO', '2020-05-12 19:43:46'),
(5, '2019-00000005', NULL, NULL, NULL, NULL, NULL, NULL, 'folder/LUTHER_CABILAO', '2020-05-12 19:43:46'),
(6, '2019-00000006', NULL, NULL, NULL, NULL, NULL, NULL, 'folder/MARLON_MAGNO', '2020-05-12 19:43:46'),
(7, '2019-00000007', NULL, NULL, NULL, NULL, NULL, NULL, 'folder/ARDIE_SALAZAR', '2020-05-12 19:43:46'),
(8, '2019-00000008', NULL, NULL, NULL, NULL, NULL, NULL, 'folder/JAYPEE_ADION', '2020-05-12 19:43:46'),
(9, '2019-00000009', NULL, NULL, NULL, NULL, NULL, NULL, 'folder/EMMANUEL_FELISILDA', '2020-05-12 19:43:46'),
(10, '2019-00000010', NULL, NULL, NULL, NULL, NULL, NULL, 'folder/MARVIN_DIAZ', '2020-05-12 19:43:46'),
(11, '2019-00000011', NULL, NULL, NULL, NULL, NULL, NULL, 'folder/JUANITO_OPERIANO', '2020-05-12 19:43:46'),
(12, '2019-00000012', NULL, NULL, NULL, NULL, NULL, NULL, 'folder/ERIC_DOYDORA', '2020-05-12 19:43:46'),
(13, '2019-00000013', NULL, NULL, NULL, NULL, NULL, NULL, 'folder/FERDIMARK_COSTELO', '2020-05-12 19:43:46'),
(14, '2019-00000014', NULL, NULL, NULL, NULL, NULL, NULL, 'folder/ERIC_BUCACAO', '2020-05-12 19:43:46'),
(15, '2019-00000015', NULL, NULL, NULL, NULL, NULL, NULL, 'folder/JONATHAN_DELLEVA', '2020-05-12 19:43:46'),
(16, '2019-00000016', NULL, NULL, NULL, NULL, NULL, NULL, 'folder/MICHAELO_PAGALING', '2020-05-12 19:43:46'),
(17, '2019-00000017', NULL, NULL, NULL, NULL, NULL, NULL, 'folder/JEROME_BARNUEVO', '2020-05-12 19:43:46'),
(18, '2019-00000018', NULL, NULL, NULL, NULL, NULL, NULL, 'folder/VICTOR_MIRANDA', '2020-05-12 19:43:46'),
(19, '2019-00000019', NULL, NULL, NULL, NULL, NULL, NULL, 'folder/MANUELITO_PANTALEON', '2020-05-12 19:43:46'),
(20, '2019-00000020', NULL, NULL, NULL, NULL, NULL, NULL, 'folder/MARK ANTHONY_BANGGAWAN', '2020-05-12 19:43:46'),
(21, '2019-00000021', NULL, NULL, NULL, NULL, NULL, NULL, 'folder/MICHAEL_PEDRO', '2020-05-12 19:43:46'),
(22, '2019-00000022', NULL, NULL, NULL, NULL, NULL, NULL, 'folder/ELESEO_COMBINIDO', '2020-05-12 19:43:46'),
(23, '2019-00000023', NULL, NULL, NULL, NULL, NULL, NULL, 'folder/JIMMY_MILAGROSA', '2020-05-12 19:43:46'),
(24, '2019-00000024', NULL, NULL, NULL, NULL, NULL, NULL, 'folder/JOEL_WONG', '2020-05-12 19:43:46'),
(25, '2019-00000025', NULL, NULL, NULL, NULL, NULL, NULL, 'folder/JAMESON_NIADAS', '2020-05-12 19:43:46'),
(26, '2019-00000026', NULL, NULL, NULL, NULL, NULL, NULL, 'folder/ARTHUR_CORDERO', '2020-05-12 19:43:46'),
(27, '2019-00000027', NULL, NULL, NULL, NULL, NULL, NULL, 'folder/EMMANUEL_MALIWAT', '2020-05-12 19:43:46'),
(28, '2019-00000028', NULL, NULL, NULL, NULL, NULL, NULL, 'folder/ARIEL JADE_ESTROSOS', '2020-05-12 19:43:46'),
(29, '2019-00000029', NULL, NULL, NULL, NULL, NULL, NULL, 'folder/VERLY_BOLASOC', '2020-05-12 19:43:46'),
(30, '2019-00000030', NULL, NULL, NULL, NULL, NULL, NULL, 'folder/FRITZ_DELLINA', '2020-05-12 19:43:46'),
(31, '2019-00000031', NULL, NULL, NULL, NULL, NULL, NULL, 'folder/KENT_DORONA', '2020-05-12 19:43:46'),
(32, '2019-00000032', NULL, NULL, NULL, NULL, NULL, NULL, 'folder/LOUIE_CAOAGDAN', '2020-05-12 19:43:46'),
(33, '2019-00000033', NULL, NULL, NULL, NULL, NULL, NULL, 'folder/JERRYCO_REMOTIGUE', '2020-05-12 19:43:46'),
(34, '2019-00000034', NULL, NULL, NULL, NULL, NULL, NULL, 'folder/NELSON_DULOS', '2020-05-12 19:43:46'),
(35, '2019-00000035', NULL, NULL, NULL, NULL, NULL, NULL, 'folder/GERMAN_CALAMBA', '2020-05-12 19:43:46'),
(36, '2019-00000036', NULL, NULL, NULL, NULL, NULL, NULL, 'folder/HEVER_SEVILLO', '2020-05-12 19:43:46'),
(37, '2019-00000037', NULL, NULL, NULL, NULL, NULL, NULL, 'folder/JOHN CLIFFORD _COSARE', '2020-05-12 19:43:46'),
(38, '2019-00000038', NULL, NULL, NULL, NULL, NULL, NULL, 'folder/JOEL_MARANAN', '2020-05-12 19:43:46'),
(39, '2019-00000039', NULL, NULL, NULL, NULL, NULL, NULL, 'folder/ROMEO_ALANDRA', '2020-05-12 19:43:46'),
(40, '2019-00000040', NULL, NULL, NULL, NULL, NULL, NULL, 'folder/ALLAN_FERNANDEZ', '2020-05-12 19:43:46'),
(41, '2019-00000041', NULL, NULL, NULL, NULL, NULL, NULL, 'folder/WILLY_ACOSTA', '2020-05-12 19:43:46'),
(42, '2019-00000042', NULL, NULL, NULL, NULL, NULL, NULL, 'folder/MARVIN_PRESBITERO', '2020-05-12 19:43:46'),
(43, '2019-00000043', NULL, NULL, NULL, NULL, NULL, NULL, 'folder/VINCENT_DE LA PENA', '2020-05-12 19:43:46'),
(44, '2019-00000044', NULL, NULL, NULL, NULL, NULL, NULL, 'folder/RAMEL_VERDIJO', '2020-05-12 19:43:46'),
(45, '2019-00000045', NULL, NULL, NULL, NULL, NULL, NULL, 'folder/ETELIANO_PEDRO', '2020-05-12 19:43:46'),
(46, '2019-00000046', NULL, NULL, NULL, NULL, NULL, NULL, 'folder/JOVEN_PEDRO', '2020-05-12 19:43:46'),
(47, '2019-00000047', NULL, NULL, NULL, NULL, NULL, NULL, 'folder/MARK JOHNSEN_DONIEGO', '2020-05-12 19:43:46'),
(48, '2019-00000048', NULL, NULL, NULL, NULL, NULL, NULL, 'folder/JEFF_NEDULA', '2020-05-12 19:43:46'),
(49, '2019-00000049', NULL, NULL, NULL, NULL, NULL, NULL, 'folder/JONATHAN_NAMOC', '2020-05-12 19:43:46'),
(50, '2019-00000050', NULL, NULL, NULL, NULL, NULL, NULL, 'folder/LEONEL_DOLORMENTE', '2020-05-12 19:43:46'),
(51, '2019-00000051', NULL, NULL, NULL, NULL, NULL, NULL, 'folder/MICHAEL VINCENT_FELISILDA', '2020-05-12 19:43:46'),
(52, '2019-00000052', NULL, NULL, NULL, NULL, NULL, NULL, 'folder/FLORENCIO_ROMANO', '2020-05-12 19:43:46'),
(53, '2019-00000053', NULL, NULL, NULL, NULL, NULL, NULL, 'folder/SAMUEL_CAGATIN', '2020-05-12 19:43:46'),
(54, '2019-00000054', NULL, NULL, NULL, NULL, NULL, NULL, 'folder/BENGIE_SUMBI', '2020-05-12 19:43:46'),
(55, '2019-00000055', NULL, NULL, NULL, NULL, NULL, NULL, 'folder/GARRY_COMBINIDO', '2020-05-12 19:43:46'),
(56, '2020-00000056', NULL, NULL, NULL, NULL, NULL, NULL, 'folder/ROGER_AUGUIS', '2020-05-12 19:43:46'),
(57, '2020-00000057', NULL, NULL, NULL, NULL, NULL, NULL, 'folder/ROSALIO_CONCILLADO', '2020-05-12 19:43:46'),
(58, '2020-00000058', NULL, NULL, NULL, NULL, NULL, NULL, 'folder/JOHN ELIJAH_PASCUA', '2020-05-12 19:43:46'),
(59, '2020-00000059', NULL, NULL, NULL, NULL, NULL, NULL, 'folder/JONATHAN RUSTY_UBAS', '2020-05-12 19:43:46'),
(60, '2020-00000060', NULL, NULL, NULL, NULL, NULL, NULL, 'folder/RENATO_VISITACION', '2020-05-12 19:43:46'),
(61, '2020-00000061', NULL, NULL, NULL, NULL, NULL, NULL, 'folder/LLOYD_SANTILLAN', '2020-05-12 19:43:46'),
(62, '2020-00000062', NULL, NULL, NULL, NULL, NULL, NULL, 'folder/MICHAEL_DORONA', '2020-05-12 19:43:46'),
(63, '2020-00000063', NULL, NULL, NULL, NULL, NULL, NULL, 'folder/FREDERICK_MAGADIA', '2020-05-12 19:43:46'),
(64, '2020-00000064', NULL, NULL, NULL, NULL, NULL, NULL, 'folder/JERZON_PIOQUINTO', '2020-05-12 19:43:46'),
(65, '2020-00000065', NULL, NULL, NULL, NULL, NULL, NULL, 'folder/KEVIN_BELIMAC', '2020-05-12 19:43:46'),
(66, '2020-00000066', NULL, NULL, NULL, NULL, NULL, NULL, 'folder/FORT_FOROSUELO', '2020-05-12 19:43:46'),
(67, '2020-00000067', NULL, NULL, NULL, NULL, NULL, NULL, 'folder/JASON_QUINIT', '2020-05-12 19:43:46'),
(68, '2020-00000068', NULL, NULL, NULL, NULL, NULL, NULL, 'folder/JUCEL_GARCIA', '2020-05-12 19:43:46'),
(69, '2020-00000069', NULL, NULL, NULL, NULL, NULL, NULL, 'folder/ROBERTO_PEDAL', '2020-05-12 19:43:46'),
(70, '2020-00000070', NULL, NULL, NULL, NULL, NULL, NULL, 'folder/EUSEBIO_DELLEVA', '2020-05-12 19:43:46'),
(71, '2020-00000071', NULL, NULL, NULL, NULL, NULL, NULL, 'folder/ROWEL_OGA', '2020-05-12 19:43:46'),
(72, '2020-00000072', NULL, NULL, NULL, NULL, NULL, NULL, 'folder/LOWEL_GEONANGA', '2020-05-12 19:43:46'),
(73, '2020-00000073', NULL, NULL, NULL, NULL, NULL, NULL, 'folder/REY_BESANA', '2020-05-12 19:43:46'),
(74, '2020-00000074', NULL, NULL, NULL, NULL, NULL, NULL, 'folder/STEVE_NAPARAM', '2020-05-12 19:43:46'),
(75, '2020-00000075', NULL, NULL, NULL, NULL, NULL, NULL, 'folder/FLAVIANO_FOSTANES', '2020-05-12 19:43:46'),
(76, '2020-00000076', NULL, NULL, NULL, NULL, NULL, NULL, 'folder/ELMER_DINOROG', '2020-05-12 19:43:46'),
(77, '2020-00000077', NULL, NULL, NULL, NULL, NULL, NULL, 'folder/RONAN_ZARSUELO', '2020-05-12 19:43:46'),
(78, '2020-00000078', NULL, NULL, NULL, NULL, NULL, NULL, 'folder/JABBAR_KASIM', '2020-05-12 19:43:46'),
(79, '2020-00000079', NULL, NULL, NULL, NULL, NULL, NULL, 'folder/JULIUS_PEDRO', '2020-05-12 19:43:46'),
(80, '2020-00000080', NULL, NULL, NULL, NULL, NULL, NULL, 'folder/JOVEN_ESPINA', '2020-05-12 19:43:46'),
(81, '2020-00000081', NULL, NULL, NULL, NULL, NULL, NULL, 'folder/REY_ESPIGADERA', '2020-05-12 19:43:46'),
(82, '2020-00000082', NULL, NULL, NULL, NULL, NULL, NULL, 'folder/PAUL LESTER_PANES', '2020-05-12 19:43:46'),
(83, '2019-00000083', NULL, NULL, NULL, NULL, NULL, NULL, 'folder/FREDERICK CARLO JUN-JUN_ESTIGOY', '2020-05-12 19:43:46'),
(84, '2020-00000084', NULL, NULL, NULL, NULL, NULL, NULL, 'folder/DIOBER_MALONES', '2020-05-12 19:43:46'),
(85, '2020-00000085', NULL, NULL, NULL, NULL, NULL, NULL, 'folder/ROY_FERNANDEZ', '2020-05-12 19:43:46'),
(86, '2020-00000086', NULL, NULL, NULL, NULL, NULL, NULL, 'folder/GAVEN_VENAS', '2020-05-12 19:43:46'),
(87, '2020-00000087', NULL, NULL, NULL, NULL, NULL, NULL, 'folder/JORDS_DIMAANO', '2020-05-12 19:43:46'),
(88, '2020-00000088', NULL, NULL, NULL, NULL, NULL, NULL, 'folder/REY ALEXIS_CUBELO', '2020-05-12 19:43:46'),
(89, '2020-00000089', NULL, NULL, NULL, NULL, NULL, NULL, 'folder/EDWIN_PALMA', '2020-05-12 19:43:46'),
(90, '2020-00000090', NULL, NULL, NULL, NULL, NULL, NULL, 'folder/NESTOR_LACAO', '2020-05-12 19:43:46'),
(91, '2020-00000091', NULL, NULL, NULL, NULL, NULL, NULL, 'folder/LOLANDO_SIERRA', '2020-05-12 19:43:46'),
(92, '2020-00000092', NULL, NULL, NULL, NULL, NULL, NULL, 'folder/DOMINGO CEZAR_SAVAREZ', '2020-05-12 19:43:46'),
(93, '2020-00000093', NULL, NULL, NULL, NULL, NULL, NULL, 'folder/ARNOLD_REDOBLE', '2020-05-12 19:43:46'),
(94, '2020-00000094', NULL, NULL, NULL, NULL, NULL, NULL, 'folder/CESAR_NASIS', '2020-05-12 19:43:46'),
(95, '2020-00000095', NULL, NULL, NULL, NULL, NULL, NULL, 'folder/JAYSON_SELORIO', '2020-05-12 19:43:46'),
(96, '2020-00000096', NULL, NULL, NULL, NULL, NULL, NULL, 'folder/LOUIE_SANTOS', '2020-05-12 19:43:46'),
(97, '2020-00000097', NULL, NULL, NULL, NULL, NULL, NULL, 'folder/REYMIL_PALMARES', '2020-05-12 19:43:46'),
(98, '2020-00000098', NULL, NULL, NULL, NULL, NULL, NULL, 'folder/ALVEM_LABRADOR', '2020-05-12 19:43:46'),
(99, '2020-00000099', NULL, NULL, NULL, NULL, NULL, NULL, 'folder/DON KARLO_FERNANDEZ', '2020-05-12 19:43:46'),
(100, '2020-00000100', NULL, NULL, NULL, NULL, NULL, NULL, 'folder/NERY_SUELAN', '2020-05-12 19:43:46'),
(101, '2020-00000101', NULL, NULL, NULL, NULL, NULL, NULL, 'folder/NOLI_OPERIANO', '2020-05-12 19:43:46'),
(102, '2020-00000102', NULL, NULL, NULL, NULL, NULL, NULL, 'folder/ANGEL_MALLARI', '2020-05-12 19:43:46'),
(103, '2020-00000103', NULL, NULL, NULL, NULL, NULL, NULL, 'folder/EDDIE_MARTINEZ', '2020-05-12 19:43:46'),
(104, '2020-00000104', NULL, NULL, NULL, NULL, NULL, NULL, 'folder/LEO_MAGBANUA', '2020-05-12 19:43:46'),
(105, '2020-00000105', NULL, NULL, NULL, NULL, NULL, NULL, 'folder/ROMEO_MOLDEZ', '2020-05-12 19:43:46'),
(106, '2020-00000106', NULL, NULL, NULL, NULL, NULL, NULL, 'folder/ELMER_ELLAM', '2020-05-12 19:43:46'),
(107, '2020-00000107', NULL, NULL, NULL, NULL, NULL, NULL, 'folder/MICHAEL_SERVIDAD', '2020-05-12 19:43:46'),
(108, '2020-00000108', NULL, NULL, NULL, NULL, NULL, NULL, 'folder/ALBERT_ISIDRO', '2020-05-12 19:43:46'),
(109, '2020-00000109', NULL, NULL, NULL, NULL, NULL, NULL, 'folder/ROY_BENEDICTO', '2020-05-12 19:43:46'),
(110, 'admin-dorona', NULL, NULL, NULL, NULL, NULL, NULL, 'folder/ADMIN_DORONA', '2020-05-13 01:11:06'),
(111, 'Contingency Fund', NULL, NULL, NULL, NULL, NULL, NULL, 'folder/Contingency_Fund', '2020-05-14 23:38:52'),
(112, '2020-00000112', 'folder/GENE_TAMONDONG/PASSPORT.jpeg', 'folder/GENE_TAMONDONG/', 'folder/GENE_TAMONDONG/', 'folder/GENE_TAMONDONG/SEAMANS BOOK.jpeg', 'folder/GENE_TAMONDONG/00112 TAMONDONG, GENE BAUTISTA .xlsx', 'folder/GENE_TAMONDONG/', 'folder/GENE_TAMONDONG', '2020-06-05 05:49:50'),
(113, '2020-00000113', 'folder/Rodrigo_Ballener/103025531_935673540215065_8064595844905615056_n.jpg', 'folder/Rodrigo_Ballener/', 'folder/Rodrigo_Ballener/', 'folder/Rodrigo_Ballener/104287046_570766336909644_32862643912873552_n.jpg', 'folder/Rodrigo_Ballener/00113 BALLENER RODRIGO JR. LECIAS.xlsx', 'folder/Rodrigo_Ballener/', 'folder/Rodrigo_Ballener', '2020-06-13 08:04:51'),
(114, '2020-00000114', 'folder/EDILBERTO_DURA/PASSPORT.png', 'folder/EDILBERTO_DURA/', 'folder/EDILBERTO_DURA/', 'folder/EDILBERTO_DURA/SEAMANS BOOK.png', 'folder/EDILBERTO_DURA/00114 DURA, EDILBERTO JR. VILLARAN.xlsx', 'folder/EDILBERTO_DURA/', 'folder/EDILBERTO_DURA', '2020-06-25 16:25:05'),
(115, '2020-00000115', 'folder/EDGARDO_BASILIO/PASSPORT.pdf', 'folder/EDGARDO_BASILIO/', 'folder/EDGARDO_BASILIO/', 'folder/EDGARDO_BASILIO/SIRB (1).pdf', 'folder/EDGARDO_BASILIO/00115 BASILIO EDGARDO BADUA.pdf', 'folder/EDGARDO_BASILIO/', 'folder/EDGARDO_BASILIO', '2020-07-01 02:23:42'),
(116, '2020-00000116', 'folder/ROEL_MAGBANUA/PASSPORT.jpg', 'folder/ROEL_MAGBANUA/', 'folder/ROEL_MAGBANUA/', 'folder/ROEL_MAGBANUA/SIRB.jpg', 'folder/ROEL_MAGBANUA/00116 MAGBNUA, ROEL GODINEZ.xlsx', 'folder/ROEL_MAGBANUA/', 'folder/ROEL_MAGBANUA', '2020-08-10 01:38:45'),
(117, '2020-00000117', NULL, NULL, NULL, NULL, NULL, NULL, 'folder/Felix_Garciano', '2020-08-23 21:50:04'),
(118, '2020-00000118', 'folder/JESSIE PAU_ARAYNADO/PASSPORT.jpg', 'folder/JESSIE PAU_ARAYNADO/', 'folder/JESSIE PAU_ARAYNADO/', 'folder/JESSIE PAU_ARAYNADO/SEAMANS BOOK.jpg', 'folder/JESSIE PAU_ARAYNADO/00118 ARANAYDO, JESSIE PAUL.xlsx', 'folder/JESSIE PAU_ARAYNADO/', 'folder/JESSIE PAU_ARAYNADO', '2020-09-19 01:43:33'),
(119, '2020-00000119', 'folder/RICARTE_VICOY/PASSPORT.jpg', 'folder/RICARTE_VICOY/', 'folder/RICARTE_VICOY/', 'folder/RICARTE_VICOY/SEAMANS BOOK.jpg', 'folder/RICARTE_VICOY/00119 VICOY, RICARTE GOCOTANO.xlsx', 'folder/RICARTE_VICOY/', 'folder/RICARTE_VICOY', '2020-09-19 06:50:35'),
(120, '2020-00000120', 'folder/HERMOGENES _LASTIMA/120827446_1470374353352041_3354446150827412609_n.jpg', 'folder/HERMOGENES _LASTIMA/', 'folder/HERMOGENES _LASTIMA/', 'folder/HERMOGENES _LASTIMA/120748812_330817274813446_2969461917499630085_n.jpg', 'folder/HERMOGENES _LASTIMA/00120 HERMOGENES LASTIMA.xlsx', 'folder/HERMOGENES _LASTIMA/', 'folder/HERMOGENES _LASTIMA', '2020-10-05 23:28:41'),
(121, '2020-00000121', 'folder/Diovie_Cananga/120661761_650677218923842_3372815969779330467_n.jpg', 'folder/Diovie_Cananga/', 'folder/Diovie_Cananga/', 'folder/Diovie_Cananga/120768038_393342698325285_5051068527959603549_n.jpg', 'folder/Diovie_Cananga/00121 CANANGA DIOVIE.xlsx', 'folder/Diovie_Cananga/', 'folder/Diovie_Cananga', '2020-10-05 23:46:30'),
(122, '2020-00000122', NULL, NULL, NULL, NULL, NULL, NULL, 'folder/JONATHAN_SOLIVEN', '2020-11-03 18:31:22'),
(123, '2020-00000123', 'folder/JONATHAN_SOLIVEN/20201031_220358_resized.jpg', 'folder/JONATHAN_SOLIVEN/', 'folder/JONATHAN_SOLIVEN/', 'folder/JONATHAN_SOLIVEN/20201031_220230_resized.jpg', 'folder/JONATHAN_SOLIVEN/HMI REGISTRATION FORM (1).xlsx', 'folder/JONATHAN_SOLIVEN/', 'folder/JONATHAN_SOLIVEN', '2020-11-03 23:07:41'),
(124, '2020-00000124', 'folder/JONATHAN_SOLIVEN/20201031_220358_resized.jpg', 'folder/JONATHAN_SOLIVEN/', 'folder/JONATHAN_SOLIVEN/', 'folder/JONATHAN_SOLIVEN/20201031_220230_resized.jpg', 'folder/JONATHAN_SOLIVEN/HMI REGISTRATION FORM (1).xlsx', 'folder/JONATHAN_SOLIVEN/', 'folder/JONATHAN_SOLIVEN', '2020-11-03 23:13:05'),
(125, '2020-00000125', 'folder/JONATHAN_SOLIVEN/SOLIVEN PASSPORT.jpg', 'folder/JONATHAN_SOLIVEN/', 'folder/JONATHAN_SOLIVEN/', 'folder/JONATHAN_SOLIVEN/20201031_220230_resized.jpg', 'folder/JONATHAN_SOLIVEN/SOLIVEN REGISTRATION.xlsx', 'folder/JONATHAN_SOLIVEN/', 'folder/JONATHAN_SOLIVEN', '2020-12-01 22:55:39'),
(126, '2020-00000125', 'folder/FROILAN_ELLAO/ELLAO PASSPORT.pdf', 'folder/FROILAN_ELLAO/', 'folder/FROILAN_ELLAO/', 'folder/FROILAN_ELLAO/ELLAO SEAMANSBOOK.pdf', 'folder/FROILAN_ELLAO/ELLAO REGISTRATION FORM.xlsx', 'folder/FROILAN_ELLAO/', 'folder/FROILAN_ELLAO', '2020-12-02 20:30:02'),
(127, '2020-00000127', 'folder/MONELL_GALOS/GALOS PASSPORT.pdf', 'folder/MONELL_GALOS/', 'folder/MONELL_GALOS/', 'folder/MONELL_GALOS/GALOS SEAMANSBOOK.pdf', 'folder/MONELL_GALOS/GALOS REGISTRATION.xlsx', 'folder/MONELL_GALOS/', 'folder/MONELL_GALOS', '2020-12-02 21:28:31'),
(128, '2020-00000128', 'folder/JEROME_OPERIANO/AB OPERIANO PASSPORT.pdf', 'folder/JEROME_OPERIANO/', 'folder/JEROME_OPERIANO/', 'folder/JEROME_OPERIANO/AB OPERIANO  SEMANS BOOK.pdf', 'folder/JEROME_OPERIANO/HMI REGISTRATION FORM - operiano.xlsx', 'folder/JEROME_OPERIANO/', 'folder/JEROME_OPERIANO', '2020-12-02 21:41:59'),
(129, '2020-00000129', 'folder/JUVELO_GASPAR/3RD OFF GASPAR PASSPORT.pdf', 'folder/JUVELO_GASPAR/', 'folder/JUVELO_GASPAR/', 'folder/JUVELO_GASPAR/3RD OFF GASPAR SEAMANS BOOK.pdf', 'folder/JUVELO_GASPAR/HMI REGISTRATION FORM - GASPAR.xlsx', 'folder/JUVELO_GASPAR/', 'folder/JUVELO_GASPAR', '2020-12-03 00:02:11'),
(130, '2020-00000130', 'folder/JONATHAN_NARAGA/BSN NARAGA PASSPORT.pdf', 'folder/JONATHAN_NARAGA/', 'folder/JONATHAN_NARAGA/', 'folder/JONATHAN_NARAGA/BSN NARAGA SEAMNS BOOK.pdf', 'folder/JONATHAN_NARAGA/HMI REGISTRATION FORM - NARAGA.xlsx', 'folder/JONATHAN_NARAGA/', 'folder/JONATHAN_NARAGA', '2020-12-03 00:40:14'),
(131, '2020-00000131', 'folder/RAZEL_BARI/OLR BARI MPASSPORT.pdf', 'folder/RAZEL_BARI/', 'folder/RAZEL_BARI/', 'folder/RAZEL_BARI/OLR BARI SEAMANS BOOK.pdf', 'folder/RAZEL_BARI/OILER Bari HMI REGISTRATION FORM.xlsx', 'folder/RAZEL_BARI/', 'folder/RAZEL_BARI', '2020-12-03 00:54:32'),
(132, '2020-00000132', 'folder/MARK LESTER_MANALO/MARK LESTER PASSPORT.png', 'folder/MARK LESTER_MANALO/', 'folder/MARK LESTER_MANALO/', 'folder/MARK LESTER_MANALO/MARK LESTER SEAMANSBOOK.png', 'folder/MARK LESTER_MANALO/MARK LESTER REGISTRATION.jpg', 'folder/MARK LESTER_MANALO/', 'folder/MARK LESTER_MANALO', '2020-12-03 02:41:25'),
(133, '2020-00000133', 'folder/EDGARDO_DELGADO/DELGADO PASSPORT.pdf', 'folder/EDGARDO_DELGADO/', 'folder/EDGARDO_DELGADO/', 'folder/EDGARDO_DELGADO/DELGADO SEAMANSBOOK.jpg', 'folder/EDGARDO_DELGADO/DELGADO REGISTRATION FORM.xlsx', 'folder/EDGARDO_DELGADO/', 'folder/EDGARDO_DELGADO', '2020-12-03 23:21:54'),
(134, '2020-00000134', 'folder/RUFO_AVILA/1AE AVILA PASSPORT.pdf', 'folder/RUFO_AVILA/', 'folder/RUFO_AVILA/', 'folder/RUFO_AVILA/1AE AVILA SEAMANS BOOK.pdf', 'folder/RUFO_AVILA/AVILA REGISTRATION FORM.xlsx', 'folder/RUFO_AVILA/', 'folder/RUFO_AVILA', '2020-12-03 23:30:57'),
(135, '2020-00000135', 'folder/ABETHSON DESIDERIO_TAMARGO/2ND OFF TAMARGO PASSPORT.pdf', 'folder/ABETHSON DESIDERIO_TAMARGO/', 'folder/ABETHSON DESIDERIO_TAMARGO/', 'folder/ABETHSON DESIDERIO_TAMARGO/2ND OFF TAMARGO SEAMANS BOOK.pdf', 'folder/ABETHSON DESIDERIO_TAMARGO/TAMARGO REGISTRATION.xlsx', 'folder/ABETHSON DESIDERIO_TAMARGO/', 'folder/ABETHSON DESIDERIO_TAMARGO', '2020-12-03 23:39:47'),
(136, '2020-00000136', 'folder/MICHELL_RICAFRANCA/CCK RICAFRANCA PASSPORT.pdf', 'folder/MICHELL_RICAFRANCA/', 'folder/MICHELL_RICAFRANCA/', 'folder/MICHELL_RICAFRANCA/CCK RICAFRANCA SEAMANS BOOK.pdf', 'folder/MICHELL_RICAFRANCA/CCK HMI REGISTRATION FORM.xlsx', 'folder/MICHELL_RICAFRANCA/', 'folder/MICHELL_RICAFRANCA', '2020-12-06 22:10:08'),
(137, '2021-00000137', 'folder/SAMMY_CABAGTE/CABAGTE PASSPORT.jpg', 'folder/SAMMY_CABAGTE/', 'folder/SAMMY_CABAGTE/', 'folder/SAMMY_CABAGTE/CABAGTE SEAMANSBOOK.jpg', 'folder/SAMMY_CABAGTE/CABAGTE REGISTRATION FORM.jpg', 'folder/SAMMY_CABAGTE/', 'folder/SAMMY_CABAGTE', '2021-02-04 22:11:23'),
(138, '2021-00000138', 'folder/RAMIR_ENERO/ENERO PASSPORT.jpg', 'folder/RAMIR_ENERO/', 'folder/RAMIR_ENERO/', 'folder/RAMIR_ENERO/ENERO RAMIR SEAMANSBOOK.jpg', 'folder/RAMIR_ENERO/ENERO REGISTRATION FORM.jpg', 'folder/RAMIR_ENERO/', 'folder/RAMIR_ENERO', '2021-02-04 22:23:09'),
(139, '2021-00000139', 'folder/PATERNO_BERONIO/BERONIO PASSPORT.jpg', 'folder/PATERNO_BERONIO/', 'folder/PATERNO_BERONIO/', 'folder/PATERNO_BERONIO/BERONIO SEAMANSBOOK.jpg', 'folder/PATERNO_BERONIO/BERONIO REGISTRATION FORM.jpg', 'folder/PATERNO_BERONIO/', 'folder/PATERNO_BERONIO', '2021-02-04 23:07:17'),
(140, '2021-00000140', 'folder/JOY_AVENIDO/AVENIDO PASSPORT.jpg', 'folder/JOY_AVENIDO/', 'folder/JOY_AVENIDO/', 'folder/JOY_AVENIDO/AVENIDO SEAMANSBOOK.jpg', 'folder/JOY_AVENIDO/AVENIDO REGISTRATION FORM.jpg', 'folder/JOY_AVENIDO/', 'folder/JOY_AVENIDO', '2021-02-04 23:15:22'),
(141, '2021-00000141', 'folder/MICHAEL LAINOL_VILLAR/VILLAR PASSPORT.pdf', 'folder/MICHAEL LAINOL_VILLAR/', 'folder/MICHAEL LAINOL_VILLAR/', 'folder/MICHAEL LAINOL_VILLAR/VILLAR SEAMANS BOOK.pdf', 'folder/MICHAEL LAINOL_VILLAR/VILLAR HMI REGISTRATION FORM.xlsx', 'folder/MICHAEL LAINOL_VILLAR/', 'folder/MICHAEL LAINOL_VILLAR', '2021-04-11 21:34:19'),
(142, '2021-00000142', 'folder/CHRISTOPHER_FETALVERO/FETALVERO PASSPORT.pdf', 'folder/CHRISTOPHER_FETALVERO/', 'folder/CHRISTOPHER_FETALVERO/', 'folder/CHRISTOPHER_FETALVERO/FETALVERO SEAMANSBOOK.pdf', 'folder/CHRISTOPHER_FETALVERO/HMI REGISTRATION FORM - FETALVERO.xlsx', 'folder/CHRISTOPHER_FETALVERO/', 'folder/CHRISTOPHER_FETALVERO', '2021-04-20 20:12:46'),
(143, '2021-00000143', 'folder/JOJIT_POSOC/POSOC PASSPORT.pdf', 'folder/JOJIT_POSOC/', 'folder/JOJIT_POSOC/', 'folder/JOJIT_POSOC/POSOC SEAMANS BOOK.pdf', 'folder/JOJIT_POSOC/POSOC, JOJIT L..xlsx', 'folder/JOJIT_POSOC/', 'folder/JOJIT_POSOC', '2021-06-16 22:34:14'),
(144, '2021-00000144', 'folder/JOSE DARRIN_SOLAS/SOLAS PASSPORT.pdf', 'folder/JOSE DARRIN_SOLAS/', 'folder/JOSE DARRIN_SOLAS/', 'folder/JOSE DARRIN_SOLAS/SOLAS SEAMANS BOOK.pdf', 'folder/JOSE DARRIN_SOLAS/SOLAS, JOSE DARRIN L..xlsx', 'folder/JOSE DARRIN_SOLAS/', 'folder/JOSE DARRIN_SOLAS', '2021-06-16 22:42:28'),
(145, '2021-00000145', 'folder/VICTOR_CABUCTOLAN/CABUCTOLAN PASSPSORT.pdf', 'folder/VICTOR_CABUCTOLAN/', 'folder/VICTOR_CABUCTOLAN/', 'folder/VICTOR_CABUCTOLAN/CABUCTOLAN SEAMANS BOOK.pdf', 'folder/VICTOR_CABUCTOLAN/CABUCTOLAN, VICTOR C..xlsx', 'folder/VICTOR_CABUCTOLAN/', 'folder/VICTOR_CABUCTOLAN', '2021-06-16 22:49:11'),
(146, '2021-00000146', 'folder/SONNY BOY_ELLEMA/ELLEMA PASSPORT.pdf', 'folder/SONNY BOY_ELLEMA/', 'folder/SONNY BOY_ELLEMA/', 'folder/SONNY BOY_ELLEMA/ELLEMA SEAMANS BOOK.pdf', 'folder/SONNY BOY_ELLEMA/ELLEMA, SONNY BOY C..xlsx', 'folder/SONNY BOY_ELLEMA/', 'folder/SONNY BOY_ELLEMA', '2021-06-16 23:14:35'),
(147, '2021-00000147', 'folder/ELDRIGE JUNE_MABALA/PASSPORT.pdf', 'folder/ELDRIGE JUNE_MABALA/', 'folder/ELDRIGE JUNE_MABALA/', 'folder/ELDRIGE JUNE_MABALA/SEAMANSBOOK.pdf', 'folder/ELDRIGE JUNE_MABALA/MABALA.xlsx', 'folder/ELDRIGE JUNE_MABALA/', 'folder/ELDRIGE JUNE_MABALA', '2021-08-16 02:35:26'),
(148, '2021-00000148', 'folder/MERVIN_DELA CRUZ/MERVIN DELA CRUZ PASSPORT.pdf', 'folder/MERVIN_DELA CRUZ/', 'folder/MERVIN_DELA CRUZ/', 'folder/MERVIN_DELA CRUZ/MERVIN DELA CRUZ SEAMANS BOOK.pdf', 'folder/MERVIN_DELA CRUZ/DELA CRUZ REGISTRATION FORM.xlsx', 'folder/MERVIN_DELA CRUZ/', 'folder/MERVIN_DELA CRUZ', '2021-09-06 00:55:53'),
(149, '2022-00000149', 'folder/LILTON_VILLACORTE/PASSPORT - VILLACORTE, LILTON TABUDLONG.pdf', 'folder/LILTON_VILLACORTE/', 'folder/LILTON_VILLACORTE/', 'folder/LILTON_VILLACORTE/SEAMANS BOOK - VILLACORTE, LILTON TABUDLONG.pdf', 'folder/LILTON_VILLACORTE/VILLACORTE, LILTON TABUDLONG .xlsx', 'folder/LILTON_VILLACORTE/', 'folder/LILTON_VILLACORTE', '2022-04-03 20:10:42');

-- --------------------------------------------------------

--
-- Table structure for table `history`
--

CREATE TABLE `history` (
  `id` int(11) NOT NULL,
  `user_id` int(11) NOT NULL,
  `encoder_id` int(11) NOT NULL,
  `amt` varchar(25) COLLATE utf8_unicode_ci NOT NULL,
  `description` varchar(100) COLLATE utf8_unicode_ci NOT NULL,
  `date` timestamp NOT NULL DEFAULT CURRENT_TIMESTAMP ON UPDATE CURRENT_TIMESTAMP
) ENGINE=MyISAM DEFAULT CHARSET=utf8 COLLATE=utf8_unicode_ci;

--
-- Dumping data for table `history`
--

INSERT INTO `history` (`id`, `user_id`, `encoder_id`, `amt`, `description`, `date`) VALUES
(1, 2, 110, '10', 'Donate', '2020-09-19 11:00:20'),
(2, 118, 110, '20', 'Donate', '2020-09-19 12:59:15'),
(3, 119, 110, '20', 'Donate', '2020-09-19 12:59:29'),
(4, 2, 110, '10', 'Donate', '2020-09-19 12:59:43'),
(5, 2, 110, '10', 'Donate', '2020-10-07 12:55:24'),
(6, 2, 110, '10', 'Donate', '2020-10-07 12:55:57'),
(7, 13, 110, '10', 'Donate', '2020-12-04 07:45:38'),
(8, 24, 110, '10', 'Donate', '2020-12-04 07:51:13'),
(9, 24, 110, '10', 'Donate', '2020-12-04 07:53:42'),
(10, 11, 110, '10', 'Donate', '2020-12-04 07:54:47'),
(11, 17, 110, '10', 'Donate', '2020-12-04 07:56:51'),
(12, 129, 110, '10', 'Donate', '2020-12-04 07:59:47'),
(13, 13, 110, '10', 'Donate', '2020-12-04 08:03:46'),
(14, 2, 110, '10', 'Donate', '2020-12-04 08:15:51'),
(15, 24, 110, '10', 'Donate', '2020-12-04 08:17:44'),
(16, 13, 110, '10', 'Donate', '2020-12-04 08:19:08'),
(17, 128, 110, '10', 'Donate', '2020-12-04 08:20:46'),
(18, 17, 110, '10', 'Donate', '2020-12-07 05:20:05'),
(19, 42, 110, '50', 'Donate', '2020-12-07 06:09:32'),
(20, 42, 110, '30', 'Donate', '2020-12-08 21:45:55'),
(21, 3, 110, '30', 'Donate', '2020-12-08 21:48:02'),
(22, 10, 110, '30', 'Donate', '2020-12-08 21:49:23'),
(23, 38, 110, '30', 'Donate', '2020-12-11 08:37:24'),
(24, 39, 110, '30', 'Donate', '2020-12-11 08:38:21'),
(25, 76, 110, '30', 'Donate', '2020-12-11 08:45:41'),
(26, 73, 110, '30', 'Donate', '2020-12-11 08:47:05'),
(27, 30, 110, '30', 'Donate', '2020-12-11 08:48:46'),
(28, 56, 110, '30', 'Donate', '2020-12-11 08:49:56'),
(29, 13, 110, '30', 'Donate', '2020-12-11 08:50:48'),
(30, 119, 110, '30', 'Donate', '2020-12-11 08:51:35'),
(31, 120, 110, '30', 'Donate', '2020-12-11 08:52:10'),
(32, 132, 110, '30', 'Donate', '2020-12-11 08:52:46'),
(33, 118, 110, '30', 'Donate', '2020-12-11 08:53:22'),
(34, 121, 110, '30', 'Donate', '2020-12-11 08:54:17'),
(35, 66, 110, '30', 'Donate', '2020-12-11 08:55:01'),
(36, 24, 110, '30', 'Donate', '2020-12-11 08:55:49'),
(37, 28, 110, '30', 'Donate', '2020-12-11 08:56:22'),
(38, 36, 110, '30', 'Donate', '2020-12-11 08:56:59'),
(39, 64, 110, '30', 'Donate', '2020-12-11 08:57:46'),
(40, 71, 110, '30', 'Donate', '2020-12-11 08:58:25'),
(41, 41, 110, '30', 'Donate', '2020-12-15 02:34:15'),
(42, 2, 110, '30', 'Donate', '2020-12-15 02:34:46'),
(43, 27, 110, '30', 'Donate', '2020-12-15 02:35:40'),
(44, 7, 110, '30', 'Donate', '2020-12-15 02:36:14'),
(45, 8, 110, '30', 'Donate', '2020-12-15 02:36:47'),
(46, 9, 110, '30', 'Donate', '2020-12-15 02:37:17'),
(47, 11, 110, '30', 'Donate', '2020-12-15 02:37:48'),
(48, 25, 110, '30', 'Donate', '2020-12-15 02:38:18'),
(49, 15, 110, '30', 'Donate', '2020-12-15 02:38:55'),
(50, 16, 110, '30', 'Donate', '2020-12-15 02:39:27'),
(51, 26, 110, '30', 'Donate', '2020-12-15 03:23:28'),
(52, 51, 110, '30', 'Donate', '2020-12-15 06:25:33'),
(53, 94, 110, '30', 'Donate', '2020-12-16 03:58:47'),
(54, 88, 110, '30', 'Donate', '2020-12-16 03:59:53'),
(55, 23, 110, '30', 'Donate', '2021-01-13 02:05:30'),
(56, 83, 110, '30', 'Donate', '2021-01-20 01:44:42'),
(57, 60, 110, '30', 'Donate', '2021-01-27 02:56:32'),
(58, 56, 110, '10', 'Donate', '2021-02-05 06:28:57'),
(59, 56, 110, '10', 'Donate', '2021-02-05 06:29:42'),
(60, 56, 110, '10', 'Donate', '2021-02-05 06:30:52'),
(61, 56, 110, '10', 'Donate', '2021-02-05 06:31:44'),
(62, 74, 110, '30', 'Donate', '2021-02-19 06:09:41'),
(63, 10, 110, '30', 'Donate', '2021-02-22 05:28:50'),
(64, 101, 110, '30', 'Donate', '2021-03-08 02:40:05'),
(65, 81, 110, '30', 'Donate', '2021-03-18 05:57:21'),
(66, 42, 110, '100', 'Donate', '2021-04-12 03:08:00'),
(67, 136, 110, '10', 'Donate', '2021-04-12 05:57:23'),
(68, 30, 110, '1340.00', 'Claimed', '2021-04-20 07:19:43'),
(69, 17, 110, '10', 'Donate', '2021-04-21 02:21:18'),
(70, 37, 110, '100', 'Donate', '2021-05-20 02:01:23'),
(71, 102, 110, '30', 'Donate', '2021-05-20 05:39:06'),
(72, 115, 110, '40', 'Donate', '2021-05-20 05:40:39'),
(73, 41, 110, '40', 'Donate', '2021-05-20 05:45:22'),
(74, 23, 110, '10', 'Donate', '2021-06-07 04:53:33'),
(75, 2, 110, '10', 'Donate', '2021-06-07 04:55:01'),
(76, 113, 110, '10', 'Donate', '2021-06-07 04:56:55'),
(77, 132, 110, '10', 'Donate', '2021-06-07 04:58:00'),
(78, 98, 110, '10', 'Donate', '2021-06-07 04:58:51'),
(79, 7, 110, '10', 'Donate', '2021-06-07 04:59:27'),
(80, 8, 110, '10', 'Donate', '2021-06-07 05:00:20'),
(81, 9, 110, '10', 'Donate', '2021-06-07 05:01:02'),
(82, 10, 110, '10', 'Donate', '2021-06-07 05:01:35'),
(83, 11, 110, '10', 'Donate', '2021-06-07 05:02:09'),
(84, 65, 110, '10', 'Donate', '2021-06-07 05:02:41'),
(85, 25, 110, '10', 'Donate', '2021-06-07 05:03:23'),
(86, 15, 110, '10', 'Donate', '2021-06-07 05:04:14'),
(87, 16, 110, '10', 'Donate', '2021-06-07 05:05:00'),
(88, 23, 110, '10', 'Donate', '2021-06-07 05:05:50'),
(89, 2, 110, '10', 'Donate', '2021-06-07 05:06:23'),
(90, 113, 110, '10', 'Donate', '2021-06-07 05:07:00'),
(91, 132, 110, '10', 'Donate', '2021-06-07 05:07:45'),
(92, 98, 110, '10', 'Donate', '2021-06-07 05:08:21'),
(93, 7, 110, '10', 'Donate', '2021-06-07 05:08:50'),
(94, 8, 110, '10', 'Donate', '2021-06-07 05:09:17'),
(95, 9, 110, '10', 'Donate', '2021-06-07 05:09:58'),
(96, 10, 110, '10', 'Donate', '2021-06-07 05:10:25'),
(97, 11, 110, '10', 'Donate', '2021-06-07 05:10:47'),
(98, 65, 110, '10', 'Donate', '2021-06-07 05:11:20'),
(99, 25, 110, '10', 'Donate', '2021-06-07 05:11:52'),
(100, 15, 110, '10', 'Donate', '2021-06-07 05:12:17'),
(101, 16, 110, '10', 'Donate', '2021-06-07 05:12:56'),
(102, 92, 110, '1350.00', 'Claimed', '2021-06-07 05:45:46'),
(103, 4, 110, '110', 'Donate', '2021-06-07 08:07:49'),
(104, 75, 110, '30', 'Donate', '2021-06-07 08:31:43'),
(105, 75, 110, '20', 'Donate', '2021-06-07 08:36:41'),
(106, 101, 110, '20', 'Donate', '2021-06-08 06:07:05'),
(107, 1, 110, '50', 'Donate', '2021-06-09 09:15:46'),
(108, 142, 110, '10', 'Donate', '2021-06-09 09:16:30'),
(109, 129, 110, '10', 'Donate', '2021-06-09 09:17:03'),
(110, 129, 110, '10', 'Donate', '2021-06-09 09:17:45'),
(111, 3, 110, '50', 'Donate', '2021-06-09 09:18:34'),
(112, 124, 110, '50', 'Donate', '2021-06-09 09:19:59'),
(113, 130, 110, '10', 'Donate', '2021-06-09 09:21:10'),
(114, 130, 110, '10', 'Donate', '2021-06-09 09:21:36'),
(115, 40, 110, '10', 'Donate', '2021-06-09 09:22:20'),
(116, 40, 110, '10', 'Donate', '2021-06-09 09:22:44'),
(117, 17, 110, '10', 'Donate', '2021-06-09 09:23:12'),
(118, 17, 110, '10', 'Donate', '2021-06-09 09:23:39'),
(119, 141, 110, '10', 'Donate', '2021-06-09 09:24:17'),
(120, 141, 110, '10', 'Donate', '2021-06-09 09:24:44'),
(121, 68, 110, '10', 'Donate', '2021-06-09 09:25:11'),
(122, 68, 110, '10', 'Donate', '2021-06-09 09:25:34'),
(123, 96, 110, '10', 'Donate', '2021-06-09 09:26:06'),
(124, 96, 110, '10', 'Donate', '2021-06-09 09:26:40'),
(125, 136, 110, '10', 'Donate', '2021-06-09 09:27:25'),
(126, 136, 110, '10', 'Donate', '2021-06-09 09:27:49'),
(127, 5, 110, '30', 'Donate', '2021-06-10 08:44:25'),
(128, 5, 110, '10', 'Donate', '2021-06-15 02:16:41'),
(129, 5, 110, '10', 'Donate', '2021-06-15 02:17:18'),
(130, 48, 110, '30', 'Donate', '2021-06-16 06:50:44'),
(131, 48, 110, '10', 'Donate', '2021-06-16 06:51:25'),
(132, 48, 110, '10', 'Donate', '2021-06-16 06:51:50'),
(133, 17, 110, '10', 'Donate', '2021-06-17 07:13:32'),
(134, 17, 110, '10', 'Donate', '2021-06-17 07:14:04'),
(135, 17, 110, '10', 'Donate', '2021-06-17 07:14:36'),
(136, 17, 110, '10', 'Donate', '2021-06-17 07:15:03'),
(137, 129, 110, '50', 'Donate', '2021-06-18 02:39:50'),
(138, 40, 110, '30', 'Donate', '2021-06-18 02:40:27'),
(139, 18, 110, '30', 'Donate', '2021-06-18 02:41:06'),
(140, 18, 110, '10', 'Donate', '2021-06-18 02:53:42'),
(141, 18, 110, '10', 'Donate', '2021-06-18 02:54:06'),
(142, 105, 110, '30', 'Donate', '2021-06-18 07:14:40'),
(143, 105, 110, '10', 'Donate', '2021-06-18 07:15:03'),
(144, 105, 110, '10', 'Donate', '2021-06-18 07:15:24'),
(145, 88, 110, '10', 'Donate', '2021-06-21 06:04:02'),
(146, 88, 110, '10', 'Donate', '2021-06-21 06:04:27'),
(147, 95, 110, '30', 'Donate', '2021-06-22 08:28:47'),
(148, 95, 110, '10', 'Donate', '2021-06-22 08:29:33'),
(149, 95, 110, '10', 'Donate', '2021-06-22 08:30:02'),
(150, 92, 110, '30', 'Donate', '2021-06-24 02:38:35'),
(151, 120, 110, '100', 'Donate', '2021-06-25 09:16:46'),
(152, 77, 110, '50', 'Donate', '2021-06-28 06:18:42'),
(153, 77, 110, '1390.00', 'Claimed', '2021-06-28 09:37:42'),
(154, 135, 110, '10', 'Donate', '2021-06-28 09:39:25'),
(155, 136, 110, '10', 'Donate', '2021-06-28 09:40:05'),
(156, 137, 110, '10', 'Donate', '2021-06-28 09:41:01'),
(157, 138, 110, '10', 'Donate', '2021-06-28 09:41:36'),
(158, 139, 110, '10', 'Donate', '2021-06-28 09:42:13'),
(159, 140, 110, '10', 'Donate', '2021-06-28 09:42:46'),
(160, 141, 110, '10', 'Donate', '2021-06-28 09:43:17'),
(161, 142, 110, '10', 'Donate', '2021-06-28 09:43:43'),
(162, 143, 110, '10', 'Donate', '2021-06-28 09:44:42'),
(163, 144, 110, '10', 'Donate', '2021-06-28 09:45:12'),
(164, 145, 110, '10', 'Donate', '2021-06-28 09:45:41'),
(165, 146, 110, '10', 'Donate', '2021-06-28 09:46:10'),
(166, 72, 110, '30', 'Donate', '2021-06-29 06:27:56'),
(167, 72, 110, '30', 'Donate', '2021-06-29 06:28:30'),
(168, 101, 110, '10', 'Donate', '2021-07-02 03:25:47'),
(169, 33, 110, '60', 'Donate', '2021-07-06 07:08:42'),
(170, 61, 110, '30', 'Donate', '2021-07-08 07:03:04'),
(171, 61, 110, '30', 'Donate', '2021-07-08 07:05:13'),
(172, 51, 110, '100', 'Donate', '2021-07-21 02:23:59'),
(173, 70, 110, '0', 'Withdraw', '2021-07-21 06:46:04'),
(174, 24, 110, '30', 'Donate', '2021-07-22 05:25:29'),
(175, 24, 110, '30', 'Donate', '2021-07-22 05:26:56'),
(176, 112, 110, '40', 'Donate', '2021-07-27 03:06:18'),
(177, 130, 110, '10', 'Donate', '2021-07-29 06:28:50'),
(178, 28, 110, '30', 'Donate', '2021-08-03 08:03:34'),
(179, 76, 110, '30', 'Donate', '2021-08-06 05:26:47'),
(180, 64, 110, '30', 'Donate', '2021-08-16 02:47:58'),
(181, 64, 110, '30', 'Donate', '2021-08-16 02:49:52'),
(182, 40, 110, '10', 'Donate', '2021-08-16 09:13:28'),
(183, 60, 110, '30', 'Donate', '2021-08-20 02:37:47'),
(184, 60, 110, '30', 'Donate', '2021-08-20 02:38:43'),
(185, 81, 110, '30', 'Donate', '2021-08-24 06:19:22'),
(186, 81, 110, '30', 'Donate', '2021-08-24 06:21:04'),
(187, 63, 110, '30', 'Donate', '2021-08-27 05:47:12'),
(188, 63, 110, '50', 'Donate', '2021-08-27 05:47:37'),
(189, 137, 110, '40', 'Donate', '2021-09-03 09:13:27'),
(190, 138, 110, '40', 'Donate', '2021-09-03 09:14:25'),
(191, 139, 110, '40', 'Donate', '2021-09-03 09:15:14'),
(192, 140, 110, '40', 'Donate', '2021-09-03 09:15:48'),
(193, 74, 110, '50', 'Donate', '2021-09-03 09:23:37'),
(194, 56, 110, '50', 'Donate', '2021-09-03 09:25:15'),
(195, 41, 110, '40', 'Donate', '2021-09-03 09:33:16'),
(196, 146, 110, '10', 'Donate', '2021-09-06 08:19:11'),
(197, 81, 110, '30', 'Donate', '2021-09-08 07:16:50'),
(198, 66, 110, '50', 'Donate', '2021-09-10 02:07:57'),
(199, 54, 110, '80', 'Donate', '2021-09-10 06:43:19'),
(200, 101, 110, '20', 'Donate', '2021-09-10 06:49:59'),
(201, 121, 110, '50', 'Donate', '2021-09-13 02:24:33'),
(202, 70, 110, '20', 'Donate', '2021-09-13 02:28:05'),
(203, 67, 110, '80', 'Donate', '2021-09-13 05:14:33'),
(204, 76, 110, '20', 'Donate', '2021-09-13 05:17:13'),
(205, 57, 110, '80', 'Donate', '2021-09-14 05:54:55'),
(206, 94, 110, '80', 'Donate', '2021-09-14 06:22:09'),
(207, 90, 110, '80', 'Donate', '2021-09-15 05:48:41'),
(208, 83, 110, '50', 'Donate', '2021-09-20 02:22:11'),
(209, 36, 110, '50', 'Donate', '2021-09-21 03:29:30'),
(210, 81, 110, '20', 'Donate', '2021-09-29 01:52:31'),
(211, 10, 110, '40', 'Donate', '2021-10-04 03:22:34'),
(212, 1, 110, '50', 'Donate', '2021-10-05 02:49:14'),
(213, 64, 110, '30', 'Donate', '2021-10-05 02:52:17'),
(214, 18, 110, '40', 'Donate', '2021-10-14 06:34:47'),
(215, 129, 110, '1820.00', 'Claimed', '2021-10-16 09:18:48'),
(216, 101, 110, '710.00', 'Claimed', '2021-10-16 09:22:09'),
(217, 70, 110, '0', 'Withdraw', '2021-10-18 07:34:43'),
(218, 74, 110, '30', 'Donate', '2021-10-19 02:50:14'),
(219, 39, 110, '30', 'Donate', '2021-11-11 05:35:33'),
(220, 39, 110, '30', 'Donate', '2021-11-11 05:39:37'),
(221, 23, 110, '70', 'Donate', '2021-11-16 03:59:36'),
(222, 30, 110, '60', 'Donate', '2021-11-25 05:46:54'),
(223, 32, 110, '60', 'Donate', '2021-11-25 05:51:46'),
(224, 71, 110, '30', 'Donate', '2021-11-26 05:55:52'),
(225, 71, 110, '60', 'Donate', '2021-11-26 05:56:44'),
(226, 102, 110, '60', 'Donate', '2021-11-26 07:44:54'),
(227, 35, 110, '120', 'Donate', '2021-12-02 02:37:31'),
(228, 26, 110, '90', 'Donate', '2021-12-13 01:44:49'),
(229, 28, 110, '60', 'Donate', '2022-01-24 01:50:44'),
(230, 41, 110, '40', 'Donate', '2022-03-01 07:33:24'),
(231, 127, 110, '90', 'Donate', '2022-03-01 08:58:35'),
(232, 67, 110, '30', 'Donate', '2022-03-14 02:25:49'),
(233, 128, 110, '30', 'Donate', '2022-03-14 02:33:14'),
(234, 128, 110, '60', 'Donate', '2022-03-14 02:36:15'),
(235, 140, 110, '40', 'Donate', '2022-03-21 05:41:28'),
(236, 63, 110, '30', 'Donate', '2022-03-28 03:17:28'),
(237, 1, 110, '10', 'Donate', '2022-04-04 02:52:54'),
(238, 77, 110, '30', 'Donate', '2022-04-11 02:04:45'),
(239, 77, 110, '30', 'Donate', '2022-04-11 02:07:29'),
(240, 27, 110, '100', 'Donate', '2022-04-19 03:19:52'),
(241, 5, 110, '70', 'Donate', '2022-06-14 08:27:32'),
(242, 43, 110, '80', 'Donate', '2022-06-17 05:36:29'),
(243, 24, 110, '60', 'Donate', '2022-07-04 02:13:04'),
(244, 58, 110, '60', 'Donate', '2022-08-15 03:12:32'),
(245, 58, 110, '60', 'Donate', '2022-08-15 03:21:22'),
(246, 144, 110, '40', 'Donate', '2022-08-16 03:37:44'),
(247, 143, 110, '40', 'Donate', '2022-08-16 08:12:10'),
(248, 90, 110, '70', 'Donate', '2022-08-30 07:46:21'),
(249, 48, 110, '100', 'Donate', '2022-09-13 07:45:12'),
(250, 33, 110, '90', 'Donate', '2022-09-26 03:13:59'),
(251, 56, 110, '70', 'Donate', '2022-10-13 04:23:55'),
(252, 95, 110, '80', 'Donate', '2022-10-13 05:47:18'),
(253, 54, 110, '70', 'Donate', '2022-10-20 02:37:57'),
(254, 127, 110, '30', 'Donate', '2022-10-25 02:18:27'),
(255, 64, 110, '30', 'Donate', '2022-11-02 02:34:11'),
(256, 81, 110, '30', 'Donate', '2022-11-04 05:47:11'),
(257, 40, 110, '100', 'Donate', '2022-11-07 02:38:44'),
(258, 115, 110, '110', 'Donate', '2022-11-11 08:50:40'),
(259, 10, 110, '70', 'Donate', '2022-11-15 02:35:39'),
(260, 74, 110, '40', 'Donate', '2022-11-15 06:08:13'),
(261, 1, 110, '100', 'Donate', '2022-11-15 07:45:24'),
(262, 18, 110, '60', 'Donate', '2022-11-16 03:24:36'),
(263, 30, 110, '50', 'Donate', '2022-11-17 03:10:45'),
(264, 141, 110, '60', 'Donate', '2022-11-24 01:56:37'),
(265, 120, 110, '100', 'Donate', '2022-11-28 08:19:15'),
(266, 28, 110, '30', 'Donate', '2022-12-09 02:26:07'),
(267, 96, 110, '100', 'Donate', '2022-12-12 02:12:19'),
(268, 12, 110, '120', 'Donate', '2022-12-13 02:45:33');

-- --------------------------------------------------------

--
-- Stand-in structure for view `log_annual`
-- (See below for the actual view)
--
CREATE TABLE `log_annual` (
`id` int(11)
,`date` datetime
,`description` varchar(200)
,`amt` varchar(200)
,`encoder_id` int(11)
,`user_id` int(11)
);

-- --------------------------------------------------------

--
-- Stand-in structure for view `log_claim`
-- (See below for the actual view)
--
CREATE TABLE `log_claim` (
`id` int(11)
,`date` datetime
,`description` varchar(200)
,`amt` varchar(200)
,`encoder_id` int(11)
,`user_id` int(11)
);

-- --------------------------------------------------------

--
-- Stand-in structure for view `log_docs`
-- (See below for the actual view)
--
CREATE TABLE `log_docs` (
`id` int(11)
,`date` datetime
,`description` varchar(200)
,`encoder_id` int(11)
,`user_id` int(11)
);

-- --------------------------------------------------------

--
-- Stand-in structure for view `log_donation`
-- (See below for the actual view)
--
CREATE TABLE `log_donation` (
`id` int(11)
,`date` datetime
,`description` varchar(200)
,`amt` varchar(200)
,`encoder_id` int(11)
,`user_id` int(11)
);

-- --------------------------------------------------------

--
-- Stand-in structure for view `log_log_in`
-- (See below for the actual view)
--
CREATE TABLE `log_log_in` (
`id` int(11)
,`date` datetime
,`description` varchar(200)
,`encoder_id` int(11)
,`user_id` int(11)
);

-- --------------------------------------------------------

--
-- Stand-in structure for view `log_log_out`
-- (See below for the actual view)
--
CREATE TABLE `log_log_out` (
`id` int(11)
,`date` datetime
,`description` varchar(200)
,`encoder_id` int(11)
,`user_id` int(11)
);

-- --------------------------------------------------------

--
-- Stand-in structure for view `log_pp`
-- (See below for the actual view)
--
CREATE TABLE `log_pp` (
`id` int(11)
,`date` datetime
,`description` varchar(200)
,`encoder_id` int(11)
,`user_id` int(11)
);

-- --------------------------------------------------------

--
-- Stand-in structure for view `log_reg_encoder`
-- (See below for the actual view)
--
CREATE TABLE `log_reg_encoder` (
`id` int(11)
,`date` datetime
,`description` varchar(200)
,`encoder_id` int(11)
,`user_id` int(11)
);

-- --------------------------------------------------------

--
-- Stand-in structure for view `log_reg_member`
-- (See below for the actual view)
--
CREATE TABLE `log_reg_member` (
`id` int(11)
,`date` datetime
,`description` varchar(200)
,`encoder_id` int(11)
,`user_id` int(11)
);

-- --------------------------------------------------------

--
-- Stand-in structure for view `log_tag`
-- (See below for the actual view)
--
CREATE TABLE `log_tag` (
`id` int(11)
,`date` datetime
,`description` varchar(200)
,`action` varchar(200)
,`encoder_id` int(11)
,`user_id` int(11)
);

-- --------------------------------------------------------

--
-- Stand-in structure for view `log_upd_cc`
-- (See below for the actual view)
--
CREATE TABLE `log_upd_cc` (
`id` int(11)
,`date` datetime
,`description` varchar(351)
,`amt` varchar(200)
,`encoder_id` int(11)
,`user_id` int(11)
);

-- --------------------------------------------------------

--
-- Stand-in structure for view `log_upd_fees`
-- (See below for the actual view)
--
CREATE TABLE `log_upd_fees` (
`id` int(11)
,`date` datetime
,`description` varchar(351)
,`amt` varchar(200)
,`encoder_id` int(11)
,`user_id` int(11)
);

-- --------------------------------------------------------

--
-- Stand-in structure for view `log_wdrawal`
-- (See below for the actual view)
--
CREATE TABLE `log_wdrawal` (
`id` int(11)
,`date` datetime
,`description` varchar(200)
,`amt` varchar(200)
,`encoder_id` int(11)
,`user_id` int(11)
);

-- --------------------------------------------------------

--
-- Table structure for table `membership`
--

CREATE TABLE `membership` (
  `id` int(11) NOT NULL,
  `date` timestamp NOT NULL DEFAULT CURRENT_TIMESTAMP,
  `encoder_id` int(11) DEFAULT NULL,
  `user_id` int(11) DEFAULT NULL,
  `amt` decimal(10,2) DEFAULT NULL
) ENGINE=InnoDB DEFAULT CHARSET=latin1;

--
-- Dumping data for table `membership`
--

INSERT INTO `membership` (`id`, `date`, `encoder_id`, `user_id`, `amt`) VALUES
(1, '2019-11-28 07:00:01', NULL, 1, '20.00'),
(2, '2019-11-28 07:00:02', NULL, 2, '20.00'),
(3, '2019-11-28 07:00:03', NULL, 3, '20.00'),
(4, '2019-11-28 07:00:04', NULL, 4, '20.00'),
(5, '2019-11-28 07:00:05', NULL, 5, '20.00'),
(6, '2019-11-28 07:00:06', NULL, 6, '20.00'),
(7, '2019-11-28 07:00:07', NULL, 7, '20.00'),
(8, '2019-11-28 07:00:08', NULL, 8, '20.00'),
(9, '2019-11-28 07:00:09', NULL, 9, '20.00'),
(10, '2019-11-28 07:00:10', NULL, 10, '20.00'),
(11, '2019-11-28 07:00:11', NULL, 11, '20.00'),
(12, '2019-11-28 07:00:12', NULL, 12, '20.00'),
(13, '2019-11-28 07:00:13', NULL, 13, '20.00'),
(14, '2019-11-28 07:00:14', NULL, 14, '20.00'),
(15, '2019-11-28 07:00:15', NULL, 15, '20.00'),
(16, '2019-11-28 07:00:16', NULL, 16, '20.00'),
(17, '2019-11-28 07:00:17', NULL, 17, '20.00'),
(18, '2019-12-05 07:00:01', NULL, 18, '20.00'),
(19, '2019-12-05 07:00:02', NULL, 19, '20.00'),
(20, '2019-12-08 07:00:01', NULL, 20, '20.00'),
(21, '2019-12-08 07:00:02', NULL, 21, '20.00'),
(22, '2019-12-08 07:00:03', NULL, 22, '20.00'),
(23, '2019-12-08 07:00:04', NULL, 23, '20.00'),
(24, '2019-12-11 07:00:01', NULL, 24, '20.00'),
(25, '2019-12-12 07:00:02', NULL, 25, '20.00'),
(26, '2019-12-13 07:00:01', NULL, 26, '20.00'),
(27, '2019-12-17 07:00:01', NULL, 27, '20.00'),
(28, '2019-12-17 07:00:02', NULL, 28, '20.00'),
(29, '2019-12-16 07:00:01', NULL, 29, '20.00'),
(30, '2019-12-17 07:00:03', NULL, 30, '20.00'),
(31, '2019-12-18 07:00:01', NULL, 31, '20.00'),
(32, '2019-12-18 07:00:02', NULL, 32, '20.00'),
(33, '2019-12-18 07:00:03', NULL, 33, '20.00'),
(34, '2019-12-18 07:00:04', NULL, 34, '20.00'),
(35, '2019-12-18 07:00:05', NULL, 35, '20.00'),
(36, '2019-12-18 07:00:06', NULL, 36, '20.00'),
(37, '2019-12-18 07:00:07', NULL, 37, '20.00'),
(38, '2019-12-18 07:00:08', NULL, 38, '20.00'),
(39, '2019-12-18 07:00:09', NULL, 39, '20.00'),
(40, '2019-12-19 07:00:01', NULL, 40, '20.00'),
(41, '2019-12-19 07:00:02', NULL, 41, '20.00'),
(42, '2019-12-20 07:00:01', NULL, 42, '20.00'),
(43, '2019-12-20 07:00:02', NULL, 43, '20.00'),
(44, '2019-12-20 07:00:03', NULL, 44, '20.00'),
(45, '2019-12-20 07:00:04', NULL, 45, '20.00'),
(46, '2019-12-20 07:00:05', NULL, 46, '20.00'),
(47, '2019-12-22 07:00:01', NULL, 47, '20.00'),
(48, '2019-12-22 07:00:02', NULL, 48, '20.00'),
(49, '2019-12-22 07:00:03', NULL, 49, '20.00'),
(50, '2019-12-13 07:00:02', NULL, 50, '20.00'),
(51, '2019-12-24 07:00:01', NULL, 51, '20.00'),
(52, '2019-12-25 07:00:01', NULL, 52, '20.00'),
(53, '2019-12-25 07:00:02', NULL, 53, '20.00'),
(54, '2019-12-26 07:00:01', NULL, 54, '20.00'),
(55, '2019-12-29 07:00:01', NULL, 55, '20.00'),
(56, '2020-01-02 07:00:01', NULL, 56, '20.00'),
(57, '2020-01-03 07:00:01', NULL, 57, '20.00'),
(58, '2020-01-04 07:00:01', NULL, 58, '20.00'),
(59, '2020-01-05 07:00:01', NULL, 59, '20.00'),
(60, '2020-01-08 07:00:01', NULL, 60, '20.00'),
(61, '2020-01-08 07:00:02', NULL, 61, '20.00'),
(62, '2020-01-10 07:00:01', NULL, 62, '20.00'),
(63, '2020-01-10 07:00:02', NULL, 63, '20.00'),
(64, '2020-01-11 07:00:00', NULL, 64, '20.00'),
(65, '2020-01-12 07:00:00', NULL, 65, '20.00'),
(66, '2020-01-15 07:00:00', NULL, 66, '20.00'),
(67, '2020-01-16 07:00:01', NULL, 67, '20.00'),
(68, '2020-01-16 07:00:02', NULL, 68, '20.00'),
(69, '2020-01-16 07:00:03', NULL, 69, '20.00'),
(70, '2020-01-16 07:00:04', NULL, 70, '20.00'),
(71, '2020-01-19 07:00:00', NULL, 71, '20.00'),
(72, '2020-01-19 07:00:01', NULL, 72, '20.00'),
(73, '2020-01-19 07:00:02', NULL, 73, '20.00'),
(74, '2020-01-20 07:00:01', NULL, 74, '20.00'),
(75, '2020-01-20 07:00:02', NULL, 75, '20.00'),
(76, '2020-01-21 07:00:00', NULL, 76, '20.00'),
(77, '2020-01-23 07:00:00', NULL, 77, '20.00'),
(78, '2020-01-25 07:00:00', NULL, 78, '20.00'),
(79, '2020-01-26 07:00:00', NULL, 79, '20.00'),
(80, '2020-01-28 07:00:00', NULL, 80, '20.00'),
(81, '2020-01-29 07:00:00', NULL, 81, '20.00'),
(82, '2020-01-30 07:00:00', NULL, 82, '20.00'),
(83, '2019-12-26 07:00:03', NULL, 83, '20.00'),
(84, '2020-01-31 07:00:00', NULL, 84, '20.00'),
(85, '2020-02-02 07:00:00', NULL, 85, '20.00'),
(86, '2020-02-04 07:00:00', NULL, 86, '20.00'),
(87, '2020-03-04 07:00:00', NULL, 87, '20.00'),
(88, '2020-02-04 07:00:00', NULL, 88, '20.00'),
(89, '2020-02-04 07:00:01', NULL, 89, '20.00'),
(90, '2020-02-08 07:00:00', NULL, 90, '20.00'),
(91, '2020-03-03 07:00:00', NULL, 91, '20.00'),
(92, '2020-03-03 07:00:01', NULL, 92, '20.00'),
(93, '2020-03-03 07:00:02', NULL, 93, '20.00'),
(94, '2020-03-03 07:00:03', NULL, 94, '20.00'),
(95, '2020-03-03 07:00:04', NULL, 95, '20.00'),
(96, '2020-03-03 07:00:05', NULL, 96, '20.00'),
(97, '2020-03-07 07:00:00', NULL, 97, '20.00'),
(98, '2020-03-09 06:00:00', NULL, 98, '20.00'),
(99, '2020-03-09 06:00:01', NULL, 99, '20.00'),
(100, '2020-03-09 06:00:02', NULL, 100, '20.00'),
(101, '2020-03-17 06:00:00', NULL, 101, '20.00'),
(102, '2020-03-17 06:00:01', NULL, 102, '20.00'),
(103, '2020-04-08 06:00:00', NULL, 103, '20.00'),
(104, '2020-04-08 06:00:01', NULL, 104, '20.00'),
(105, '2020-04-08 06:00:02', NULL, 105, '20.00'),
(106, '2020-04-08 06:00:03', NULL, 106, '20.00'),
(107, '2020-04-08 06:00:04', NULL, 107, '20.00'),
(108, '2020-04-09 06:00:00', NULL, 108, '20.00'),
(109, '2020-04-09 06:00:01', NULL, 109, '20.00'),
(110, '2020-06-06 01:49:50', 110, 112, '20.00'),
(111, '2020-06-14 04:04:51', 110, 113, '20.00'),
(112, '2020-06-26 12:25:05', 110, 114, '20.00'),
(113, '2020-07-01 22:23:42', 110, 115, '20.00'),
(114, '2020-08-10 21:38:45', 110, 116, '20.00'),
(115, '2020-09-19 21:43:33', 110, 118, '50.00'),
(116, '2020-09-20 02:50:35', 110, 119, '50.00'),
(117, '2020-10-06 19:28:41', 110, 120, '50.00'),
(118, '2020-10-06 19:46:30', 110, 121, '50.00'),
(120, '2020-11-04 21:13:05', 110, 124, '50.00'),
(122, '2020-12-03 18:30:02', 110, 126, '50.00'),
(123, '2020-12-03 19:28:31', 110, 127, '50.00'),
(124, '2020-12-03 19:41:59', 110, 128, '50.00'),
(125, '2020-12-03 22:02:11', 110, 129, '50.00'),
(126, '2020-12-03 22:40:15', 110, 130, '50.00'),
(127, '2020-12-03 22:54:32', 110, 131, '50.00'),
(128, '2020-12-04 00:41:25', 110, 132, '50.00'),
(129, '2020-12-04 21:21:54', 110, 133, '50.00'),
(130, '2020-12-04 21:30:57', 110, 134, '50.00'),
(131, '2020-12-04 21:39:47', 110, 135, '50.00'),
(132, '2020-12-07 20:10:08', 110, 136, '50.00'),
(133, '2021-02-05 20:11:23', 110, 137, '50.00'),
(134, '2021-02-05 20:23:09', 110, 138, '50.00'),
(135, '2021-02-05 21:07:17', 110, 139, '50.00'),
(136, '2021-02-05 21:15:22', 110, 140, '50.00'),
(137, '2021-04-12 17:34:19', 110, 141, '50.00'),
(138, '2021-04-21 16:12:46', 110, 142, '50.00'),
(139, '2021-06-17 18:34:14', 110, 143, '50.00'),
(140, '2021-06-17 18:42:28', 110, 144, '50.00'),
(141, '2021-06-17 18:49:11', 110, 145, '50.00'),
(142, '2021-06-17 19:14:35', 110, 146, '50.00'),
(143, '2021-08-16 22:35:26', 110, 147, '50.00'),
(144, '2021-09-06 20:55:53', 110, 148, '50.00'),
(145, '2022-04-04 16:10:42', 110, 149, '50.00');

-- --------------------------------------------------------

--
-- Table structure for table `status`
--

CREATE TABLE `status` (
  `id` int(11) NOT NULL,
  `description` varchar(120) DEFAULT NULL
) ENGINE=InnoDB DEFAULT CHARSET=latin1;

--
-- Dumping data for table `status`
--

INSERT INTO `status` (`id`, `description`) VALUES
(1, 'Active'),
(2, 'Inactive'),
(3, 'Deceased'),
(4, 'Administrator'),
(5, 'Encoder');

-- --------------------------------------------------------

--
-- Table structure for table `superadmin`
--

CREATE TABLE `superadmin` (
  `id` int(25) NOT NULL,
  `username` varchar(50) NOT NULL,
  `email` varchar(100) NOT NULL,
  `password` varchar(100) NOT NULL,
  `firstname` varchar(100) NOT NULL,
  `middlename` varchar(100) NOT NULL,
  `lastname` varchar(100) NOT NULL,
  `level` int(11) NOT NULL
) ENGINE=InnoDB DEFAULT CHARSET=latin1;

-- --------------------------------------------------------

--
-- Table structure for table `transaction`
--

CREATE TABLE `transaction` (
  `id` int(11) NOT NULL,
  `description` varchar(150) DEFAULT NULL
) ENGINE=InnoDB DEFAULT CHARSET=latin1;

--
-- Dumping data for table `transaction`
--

INSERT INTO `transaction` (`id`, `description`) VALUES
(1, 'Donation'),
(2, 'Withdrawal'),
(3, 'Claim'),
(4, 'Deduction'),
(5, 'Annual Fee Payment');

-- --------------------------------------------------------

--
-- Table structure for table `transaction_history`
--

CREATE TABLE `transaction_history` (
  `id` int(11) NOT NULL,
  `date` timestamp NOT NULL DEFAULT CURRENT_TIMESTAMP,
  `credit` decimal(10,2) NOT NULL,
  `debit` decimal(10,2) NOT NULL,
  `trans` int(11) NOT NULL,
  `encoder_id` int(11) DEFAULT NULL,
  `user_id` int(11) DEFAULT NULL,
  `remarks` varchar(120) DEFAULT NULL,
  `r` decimal(10,2) NOT NULL
) ENGINE=InnoDB DEFAULT CHARSET=latin1;

--
-- Dumping data for table `transaction_history`
--

INSERT INTO `transaction_history` (`id`, `date`, `credit`, `debit`, `trans`, `encoder_id`, `user_id`, `remarks`, `r`) VALUES
(1, '2019-11-28 07:00:01', '30.00', '0.00', 1, NULL, 1, '', '30.00'),
(2, '2019-11-28 07:00:02', '30.00', '0.00', 1, NULL, 2, '', '30.00'),
(3, '2019-11-28 07:00:03', '30.00', '0.00', 1, NULL, 3, '', '30.00'),
(4, '2019-11-28 07:00:04', '30.00', '0.00', 1, NULL, 4, '', '30.00'),
(5, '2019-11-28 07:00:05', '30.00', '0.00', 1, NULL, 5, '', '30.00'),
(6, '2019-11-28 07:00:06', '30.00', '0.00', 1, NULL, 6, '', '30.00'),
(7, '2019-11-28 07:00:07', '30.00', '0.00', 1, NULL, 7, '', '30.00'),
(8, '2019-11-28 07:00:08', '30.00', '0.00', 1, NULL, 8, '', '30.00'),
(9, '2019-11-28 07:00:09', '30.00', '0.00', 1, NULL, 9, '', '30.00'),
(10, '2019-11-28 07:00:10', '30.00', '0.00', 1, NULL, 10, '', '30.00'),
(11, '2019-11-28 07:00:11', '30.00', '0.00', 1, NULL, 11, '', '30.00'),
(12, '2019-11-28 07:00:12', '30.00', '0.00', 1, NULL, 12, '', '30.00'),
(13, '2019-11-28 07:00:13', '30.00', '0.00', 1, NULL, 13, '', '30.00'),
(14, '2019-11-28 07:00:14', '30.00', '0.00', 1, NULL, 14, '', '30.00'),
(15, '2019-11-28 07:00:15', '30.00', '0.00', 1, NULL, 15, '', '30.00'),
(16, '2019-11-28 07:00:16', '30.00', '0.00', 1, NULL, 16, '', '30.00'),
(17, '2019-11-28 07:00:17', '30.00', '0.00', 1, NULL, 17, '', '30.00'),
(18, '2019-12-05 07:00:01', '30.00', '0.00', 1, NULL, 18, '', '30.00'),
(19, '2019-12-05 07:00:02', '30.00', '0.00', 1, NULL, 19, '', '30.00'),
(20, '2019-12-08 07:00:01', '30.00', '0.00', 1, NULL, 20, '', '30.00'),
(21, '2019-12-08 07:00:02', '30.00', '0.00', 1, NULL, 21, '', '30.00'),
(22, '2019-12-08 07:00:03', '30.00', '0.00', 1, NULL, 22, '', '30.00'),
(23, '2019-12-08 07:00:04', '30.00', '0.00', 1, NULL, 23, '', '30.00'),
(24, '2019-12-11 07:00:01', '30.00', '0.00', 1, NULL, 24, '', '30.00'),
(25, '2019-12-12 07:00:02', '30.00', '0.00', 1, NULL, 25, '', '30.00'),
(26, '2019-12-13 07:00:01', '30.00', '0.00', 1, NULL, 26, '', '30.00'),
(27, '2019-12-17 07:00:01', '30.00', '0.00', 1, NULL, 27, '', '30.00'),
(28, '2019-12-17 07:00:02', '30.00', '0.00', 1, NULL, 28, '', '30.00'),
(29, '2019-12-16 07:00:01', '30.00', '0.00', 1, NULL, 29, '', '30.00'),
(30, '2019-12-17 07:00:03', '30.00', '0.00', 1, NULL, 30, '', '30.00'),
(31, '2019-12-18 07:00:01', '30.00', '0.00', 1, NULL, 31, '', '30.00'),
(32, '2019-12-18 07:00:02', '30.00', '0.00', 1, NULL, 32, '', '30.00'),
(33, '2019-12-18 07:00:03', '30.00', '0.00', 1, NULL, 33, '', '30.00'),
(34, '2019-12-18 07:00:04', '30.00', '0.00', 1, NULL, 34, '', '30.00'),
(35, '2019-12-18 07:00:05', '30.00', '0.00', 1, NULL, 35, '', '30.00'),
(36, '2019-12-18 07:00:06', '30.00', '0.00', 1, NULL, 36, '', '30.00'),
(37, '2019-12-18 07:00:07', '30.00', '0.00', 1, NULL, 37, '', '30.00'),
(38, '2019-12-18 07:00:08', '30.00', '0.00', 1, NULL, 38, '', '30.00'),
(39, '2019-12-18 07:00:09', '30.00', '0.00', 1, NULL, 39, '', '30.00'),
(40, '2019-12-19 07:00:01', '30.00', '0.00', 1, NULL, 40, '', '30.00'),
(41, '2019-12-19 07:00:02', '30.00', '0.00', 1, NULL, 41, '', '30.00'),
(42, '2019-12-20 07:00:01', '30.00', '0.00', 1, NULL, 42, '', '30.00'),
(43, '2019-12-20 07:00:02', '30.00', '0.00', 1, NULL, 43, '', '30.00'),
(44, '2019-12-20 07:00:03', '30.00', '0.00', 1, NULL, 44, '', '30.00'),
(45, '2019-12-20 07:00:04', '30.00', '0.00', 1, NULL, 45, '', '30.00'),
(46, '2019-12-20 07:00:05', '30.00', '0.00', 1, NULL, 46, '', '30.00'),
(47, '2019-12-22 07:00:01', '30.00', '0.00', 1, NULL, 47, '', '30.00'),
(48, '2019-12-22 07:00:02', '30.00', '0.00', 1, NULL, 48, '', '30.00'),
(49, '2019-12-22 07:00:03', '30.00', '0.00', 1, NULL, 49, '', '30.00'),
(50, '2019-12-13 07:00:02', '30.00', '0.00', 1, NULL, 50, '', '30.00'),
(51, '2019-12-24 07:00:01', '30.00', '0.00', 1, NULL, 51, '', '30.00'),
(52, '2019-12-25 07:00:01', '30.00', '0.00', 1, NULL, 52, '', '30.00'),
(53, '2019-12-25 07:00:02', '30.00', '0.00', 1, NULL, 53, '', '30.00'),
(54, '2019-12-26 07:00:01', '30.00', '0.00', 1, NULL, 54, '', '30.00'),
(55, '2019-12-29 07:00:01', '30.00', '0.00', 1, NULL, 55, '', '30.00'),
(56, '2020-01-02 07:00:01', '30.00', '0.00', 1, NULL, 56, '', '30.00'),
(57, '2020-01-03 07:00:01', '30.00', '0.00', 1, NULL, 57, '', '30.00'),
(58, '2020-01-04 07:00:01', '30.00', '0.00', 1, NULL, 58, '', '30.00'),
(59, '2020-01-05 07:00:01', '30.00', '0.00', 1, NULL, 59, '', '30.00'),
(60, '2020-01-08 07:00:01', '30.00', '0.00', 1, NULL, 60, '', '30.00'),
(61, '2020-01-08 07:00:02', '30.00', '0.00', 1, NULL, 61, '', '30.00'),
(62, '2020-01-10 07:00:01', '30.00', '0.00', 1, NULL, 62, '', '30.00'),
(63, '2020-01-10 07:00:02', '30.00', '0.00', 1, NULL, 63, '', '30.00'),
(64, '2020-01-11 07:00:00', '30.00', '0.00', 1, NULL, 64, '', '30.00'),
(65, '2020-01-12 07:00:00', '30.00', '0.00', 1, NULL, 65, '', '30.00'),
(66, '2020-01-15 07:00:00', '30.00', '0.00', 1, NULL, 66, '', '30.00'),
(67, '2020-01-16 07:00:01', '30.00', '0.00', 1, NULL, 67, '', '30.00'),
(68, '2020-01-16 07:00:02', '30.00', '0.00', 1, NULL, 68, '', '30.00'),
(69, '2020-01-16 07:00:03', '30.00', '0.00', 1, NULL, 69, '', '30.00'),
(70, '2020-01-16 07:00:04', '30.00', '0.00', 1, NULL, 70, '', '30.00'),
(71, '2020-01-19 07:00:00', '30.00', '0.00', 1, NULL, 71, '', '30.00'),
(72, '2020-01-19 07:00:01', '30.00', '0.00', 1, NULL, 72, '', '30.00'),
(73, '2020-01-19 07:00:02', '30.00', '0.00', 1, NULL, 73, '', '30.00'),
(74, '2020-01-20 07:00:01', '30.00', '0.00', 1, NULL, 74, '', '30.00'),
(75, '2020-01-20 07:00:02', '30.00', '0.00', 1, NULL, 75, '', '30.00'),
(76, '2020-01-21 07:00:00', '30.00', '0.00', 1, NULL, 76, '', '30.00'),
(77, '2020-01-23 07:00:00', '30.00', '0.00', 1, NULL, 77, '', '30.00'),
(78, '2020-01-25 07:00:00', '30.00', '0.00', 1, NULL, 78, '', '30.00'),
(79, '2020-01-26 07:00:00', '30.00', '0.00', 1, NULL, 79, '', '30.00'),
(80, '2020-01-28 07:00:00', '30.00', '0.00', 1, NULL, 80, '', '30.00'),
(81, '2020-01-29 07:00:00', '30.00', '0.00', 1, NULL, 81, '', '30.00'),
(82, '2020-01-30 07:00:00', '30.00', '0.00', 1, NULL, 82, '', '30.00'),
(83, '2019-12-26 07:00:03', '30.00', '0.00', 1, NULL, 83, '', '30.00'),
(84, '2020-01-31 07:00:00', '30.00', '0.00', 1, NULL, 84, '', '30.00'),
(85, '2020-02-02 07:00:00', '30.00', '0.00', 1, NULL, 85, '', '30.00'),
(86, '2020-02-04 07:00:00', '30.00', '0.00', 1, NULL, 86, '', '30.00'),
(87, '2020-03-04 07:00:00', '30.00', '0.00', 1, NULL, 87, '', '30.00'),
(88, '2020-02-04 07:00:00', '30.00', '0.00', 1, NULL, 88, '', '30.00'),
(89, '2020-02-04 07:00:01', '30.00', '0.00', 1, NULL, 89, '', '30.00'),
(90, '2020-02-08 07:00:00', '30.00', '0.00', 1, NULL, 90, '', '30.00'),
(91, '2020-03-03 07:00:00', '30.00', '0.00', 1, NULL, 91, '', '30.00'),
(92, '2020-03-03 07:00:01', '30.00', '0.00', 1, NULL, 92, '', '30.00'),
(93, '2020-03-03 07:00:02', '30.00', '0.00', 1, NULL, 93, '', '30.00'),
(94, '2020-03-03 07:00:03', '30.00', '0.00', 1, NULL, 94, '', '30.00'),
(95, '2020-03-03 07:00:04', '30.00', '0.00', 1, NULL, 95, '', '30.00'),
(96, '2020-03-03 07:00:05', '30.00', '0.00', 1, NULL, 96, '', '30.00'),
(97, '2020-03-07 07:00:00', '30.00', '0.00', 1, NULL, 97, '', '30.00'),
(98, '2020-03-09 06:00:00', '30.00', '0.00', 1, NULL, 98, '', '30.00'),
(99, '2020-03-09 06:00:01', '30.00', '0.00', 1, NULL, 99, '', '30.00'),
(100, '2020-03-09 06:00:02', '30.00', '0.00', 1, NULL, 100, '', '30.00'),
(101, '2020-03-17 06:00:00', '30.00', '0.00', 1, NULL, 101, '', '30.00'),
(102, '2020-03-17 06:00:01', '30.00', '0.00', 1, NULL, 102, '', '30.00'),
(103, '2020-04-08 06:00:00', '30.00', '0.00', 1, NULL, 103, '', '30.00'),
(104, '2020-04-08 06:00:01', '30.00', '0.00', 1, NULL, 104, '', '30.00'),
(105, '2020-04-08 06:00:02', '30.00', '0.00', 1, NULL, 105, '', '30.00'),
(106, '2020-04-08 06:00:03', '30.00', '0.00', 1, NULL, 106, '', '30.00'),
(107, '2020-04-08 06:00:04', '30.00', '0.00', 1, NULL, 107, '', '30.00'),
(108, '2020-04-09 06:00:00', '30.00', '0.00', 1, NULL, 108, '', '30.00'),
(109, '2020-04-09 06:00:01', '30.00', '0.00', 1, NULL, 109, '', '30.00'),
(128, '2020-06-06 01:49:50', '30.00', '0.00', 1, 110, 112, NULL, '30.00'),
(129, '2020-06-14 04:04:51', '30.00', '0.00', 1, 110, 113, NULL, '30.00'),
(130, '2020-06-26 12:25:05', '30.00', '0.00', 1, 110, 114, NULL, '30.00'),
(131, '2020-07-01 22:23:42', '30.00', '0.00', 1, 110, 115, NULL, '30.00'),
(132, '2020-08-10 21:38:45', '30.00', '0.00', 1, 110, 116, NULL, '30.00'),
(133, '2020-09-19 21:43:33', '30.00', '0.00', 1, 110, 118, NULL, '30.00'),
(134, '2020-09-20 01:00:20', '10.00', '0.00', 1, 110, 2, '', '40.00'),
(135, '2020-09-20 02:50:35', '30.00', '0.00', 1, 110, 119, NULL, '30.00'),
(136, '2020-09-20 02:59:15', '20.00', '0.00', 1, 110, 118, '', '50.00'),
(137, '2020-09-20 02:59:29', '20.00', '0.00', 1, 110, 119, '', '50.00'),
(138, '2020-09-20 02:59:43', '10.00', '0.00', 1, 110, 2, '', '50.00'),
(139, '2020-10-06 19:28:41', '50.00', '0.00', 1, 110, 120, NULL, '50.00'),
(140, '2020-10-06 19:46:30', '50.00', '0.00', 1, 110, 121, NULL, '50.00'),
(141, '2020-10-08 02:55:24', '10.00', '0.00', 1, 110, 2, '', '60.00'),
(142, '2020-10-08 02:55:57', '10.00', '0.00', 1, 110, 2, '', '70.00'),
(144, '2020-11-04 21:13:05', '50.00', '0.00', 1, 110, 124, NULL, '50.00'),
(146, '2020-12-03 18:30:02', '50.00', '0.00', 1, 110, 126, NULL, '50.00'),
(147, '2020-12-03 19:28:31', '50.00', '0.00', 1, 110, 127, NULL, '50.00'),
(148, '2020-12-03 19:41:59', '50.00', '0.00', 1, 110, 128, NULL, '50.00'),
(149, '2020-12-03 22:02:11', '50.00', '0.00', 1, 110, 129, NULL, '50.00'),
(150, '2020-12-03 22:40:15', '50.00', '0.00', 1, 110, 130, NULL, '50.00'),
(151, '2020-12-03 22:54:32', '50.00', '0.00', 1, 110, 131, NULL, '50.00'),
(152, '2020-12-04 00:41:25', '50.00', '0.00', 1, 110, 132, NULL, '50.00'),
(153, '2020-12-04 21:21:54', '50.00', '0.00', 1, 110, 133, NULL, '50.00'),
(154, '2020-12-04 21:30:57', '50.00', '0.00', 1, 110, 134, NULL, '50.00'),
(155, '2020-12-04 21:39:47', '50.00', '0.00', 1, 110, 135, NULL, '50.00'),
(156, '2020-12-04 22:45:38', '10.00', '0.00', 1, 110, 13, '', '40.00'),
(157, '2020-12-04 22:51:13', '10.00', '0.00', 1, 110, 24, '', '40.00'),
(158, '2020-12-04 22:53:42', '10.00', '0.00', 1, 110, 24, '', '50.00'),
(159, '2020-12-04 22:54:47', '10.00', '0.00', 1, 110, 11, '', '40.00'),
(160, '2020-12-04 22:56:51', '10.00', '0.00', 1, 110, 17, '', '40.00'),
(161, '2020-12-04 22:59:47', '10.00', '0.00', 1, 110, 129, '', '60.00'),
(162, '2020-12-04 23:03:46', '10.00', '0.00', 1, 110, 13, '', '50.00'),
(163, '2020-12-04 23:15:51', '10.00', '0.00', 1, 110, 2, '', '80.00'),
(164, '2020-12-04 23:17:44', '10.00', '0.00', 1, 110, 24, '', '60.00'),
(165, '2020-12-04 23:19:08', '10.00', '0.00', 1, 110, 13, '', '60.00'),
(166, '2020-12-04 23:20:46', '10.00', '0.00', 1, 110, 128, '', '60.00'),
(167, '2020-12-07 20:10:08', '50.00', '0.00', 1, 110, 136, NULL, '50.00'),
(168, '2020-12-07 20:20:05', '10.00', '0.00', 1, 110, 17, '', '50.00'),
(169, '2020-12-07 21:09:32', '50.00', '0.00', 1, 110, 42, '', '80.00'),
(170, '2020-12-09 12:30:23', '0.00', '30.00', 5, 110, 42, NULL, '50.00'),
(171, '2020-12-09 12:32:26', '0.00', '30.00', 5, 110, 3, NULL, '0.00'),
(172, '2020-12-09 12:33:02', '0.00', '30.00', 5, 110, 10, NULL, '0.00'),
(173, '2020-12-09 12:45:55', '30.00', '0.00', 1, 110, 42, '', '80.00'),
(174, '2020-12-09 12:48:02', '30.00', '0.00', 1, 110, 3, '', '30.00'),
(175, '2020-12-09 12:49:23', '30.00', '0.00', 1, 110, 10, '', '30.00'),
(176, '2020-12-11 23:37:24', '30.00', '0.00', 1, 110, 38, '', '60.00'),
(177, '2020-12-11 23:38:21', '30.00', '0.00', 1, 110, 39, '', '60.00'),
(178, '2020-12-11 23:45:41', '30.00', '0.00', 1, 110, 76, '', '60.00'),
(179, '2020-12-11 23:47:05', '30.00', '0.00', 1, 110, 73, '', '60.00'),
(180, '2020-12-11 23:48:46', '30.00', '0.00', 1, 110, 30, '', '60.00'),
(181, '2020-12-11 23:49:56', '30.00', '0.00', 1, 110, 56, '', '60.00'),
(182, '2020-12-11 23:50:48', '30.00', '0.00', 1, 110, 13, '', '90.00'),
(183, '2020-12-11 23:51:35', '30.00', '0.00', 1, 110, 119, '', '80.00'),
(184, '2020-12-11 23:52:10', '30.00', '0.00', 1, 110, 120, '', '80.00'),
(185, '2020-12-11 23:52:46', '30.00', '0.00', 1, 110, 132, '', '80.00'),
(186, '2020-12-11 23:53:22', '30.00', '0.00', 1, 110, 118, '', '80.00'),
(187, '2020-12-11 23:54:17', '30.00', '0.00', 1, 110, 121, '', '80.00'),
(188, '2020-12-11 23:55:01', '30.00', '0.00', 1, 110, 66, '', '60.00'),
(189, '2020-12-11 23:55:49', '30.00', '0.00', 1, 110, 24, '', '90.00'),
(190, '2020-12-11 23:56:22', '30.00', '0.00', 1, 110, 28, '', '60.00'),
(191, '2020-12-11 23:56:59', '30.00', '0.00', 1, 110, 36, '', '60.00'),
(192, '2020-12-11 23:57:46', '30.00', '0.00', 1, 110, 64, '', '60.00'),
(193, '2020-12-11 23:58:25', '30.00', '0.00', 1, 110, 71, '', '60.00'),
(194, '2020-12-11 12:13:10', '0.00', '30.00', 5, 110, 38, NULL, '30.00'),
(195, '2020-12-11 12:19:55', '0.00', '30.00', 5, 110, 39, NULL, '30.00'),
(196, '2020-12-11 12:21:40', '0.00', '30.00', 5, 110, 76, NULL, '30.00'),
(197, '2020-12-11 12:22:10', '0.00', '30.00', 5, 110, 73, NULL, '30.00'),
(198, '2020-12-11 12:22:52', '0.00', '30.00', 5, 110, 30, NULL, '30.00'),
(199, '2020-12-11 12:23:24', '0.00', '30.00', 5, 110, 56, NULL, '30.00'),
(200, '2020-12-11 12:23:45', '0.00', '30.00', 5, 110, 13, NULL, '60.00'),
(201, '2020-12-11 12:24:28', '0.00', '30.00', 5, 110, 119, NULL, '50.00'),
(202, '2020-12-11 12:25:27', '0.00', '30.00', 5, 110, 120, NULL, '50.00'),
(203, '2020-12-11 12:25:58', '0.00', '30.00', 5, 110, 132, NULL, '50.00'),
(204, '2020-12-11 12:26:38', '0.00', '30.00', 5, 110, 118, NULL, '50.00'),
(205, '2020-12-11 12:27:08', '0.00', '30.00', 5, 110, 121, NULL, '50.00'),
(206, '2020-12-11 12:27:38', '0.00', '30.00', 5, 110, 66, NULL, '30.00'),
(207, '2020-12-11 12:28:08', '0.00', '30.00', 5, 110, 24, NULL, '60.00'),
(208, '2020-12-11 12:28:35', '0.00', '30.00', 5, 110, 28, NULL, '30.00'),
(209, '2020-12-11 12:29:04', '0.00', '30.00', 5, 110, 36, NULL, '30.00'),
(210, '2020-12-11 12:29:32', '0.00', '30.00', 5, 110, 64, NULL, '30.00'),
(211, '2020-12-11 12:30:04', '0.00', '30.00', 5, 110, 71, NULL, '30.00'),
(212, '2020-12-15 17:34:15', '30.00', '0.00', 1, 110, 41, '', '60.00'),
(213, '2020-12-15 17:34:46', '30.00', '0.00', 1, 110, 2, '', '110.00'),
(214, '2020-12-15 17:35:39', '30.00', '0.00', 1, 110, 27, '', '60.00'),
(215, '2020-12-15 17:36:14', '30.00', '0.00', 1, 110, 7, '', '60.00'),
(216, '2020-12-15 17:36:47', '30.00', '0.00', 1, 110, 8, '', '60.00'),
(217, '2020-12-15 17:37:17', '30.00', '0.00', 1, 110, 9, '', '60.00'),
(218, '2020-12-15 17:37:48', '30.00', '0.00', 1, 110, 11, '', '70.00'),
(219, '2020-12-15 17:38:18', '30.00', '0.00', 1, 110, 25, '', '60.00'),
(220, '2020-12-15 17:38:55', '30.00', '0.00', 1, 110, 15, '', '60.00'),
(221, '2020-12-15 17:39:27', '30.00', '0.00', 1, 110, 16, '', '60.00'),
(222, '2020-12-15 18:23:28', '30.00', '0.00', 1, 110, 26, '', '60.00'),
(223, '2020-12-15 18:26:08', '0.00', '30.00', 5, 110, 41, NULL, '30.00'),
(224, '2020-12-15 18:26:31', '0.00', '30.00', 5, 110, 2, NULL, '80.00'),
(225, '2020-12-15 18:27:06', '0.00', '30.00', 5, 110, 27, NULL, '30.00'),
(226, '2020-12-15 18:27:31', '0.00', '30.00', 5, 110, 7, NULL, '30.00'),
(227, '2020-12-15 18:27:48', '0.00', '30.00', 5, 110, 8, NULL, '30.00'),
(228, '2020-12-15 18:28:14', '0.00', '30.00', 5, 110, 9, NULL, '30.00'),
(229, '2020-12-15 18:28:43', '0.00', '30.00', 5, 110, 11, NULL, '40.00'),
(230, '2020-12-15 18:29:27', '0.00', '30.00', 5, 110, 25, NULL, '30.00'),
(231, '2020-12-15 18:30:12', '0.00', '30.00', 5, 110, 15, NULL, '30.00'),
(232, '2020-12-15 18:31:06', '0.00', '30.00', 5, 110, 16, NULL, '30.00'),
(233, '2020-12-15 18:31:38', '0.00', '30.00', 5, 110, 26, NULL, '30.00'),
(234, '2020-12-15 21:25:33', '30.00', '0.00', 1, 110, 51, '', '60.00'),
(235, '2020-12-15 09:26:35', '0.00', '30.00', 5, 110, 51, NULL, '30.00'),
(236, '2020-12-16 18:58:47', '30.00', '0.00', 1, 110, 94, '', '60.00'),
(237, '2020-12-16 18:59:53', '30.00', '0.00', 1, 110, 88, '', '60.00'),
(238, '2020-12-16 19:01:24', '0.00', '30.00', 5, 110, 94, NULL, '30.00'),
(239, '2020-12-16 19:02:30', '0.00', '30.00', 5, 110, 88, NULL, '30.00'),
(240, '2021-01-13 17:05:30', '30.00', '0.00', 1, 110, 23, '', '60.00'),
(241, '2021-01-13 17:07:14', '0.00', '30.00', 5, 110, 23, NULL, '30.00'),
(242, '2021-01-20 16:44:42', '30.00', '0.00', 1, 110, 83, '', '60.00'),
(243, '2021-01-20 16:46:00', '0.00', '30.00', 5, 110, 83, NULL, '30.00'),
(244, '2021-01-27 17:56:32', '30.00', '0.00', 1, 110, 60, '', '60.00'),
(245, '2021-01-27 17:57:12', '0.00', '30.00', 5, 110, 60, NULL, '30.00'),
(246, '2021-02-05 20:11:23', '50.00', '0.00', 1, 110, 137, NULL, '50.00'),
(247, '2021-02-05 20:23:09', '50.00', '0.00', 1, 110, 138, NULL, '50.00'),
(248, '2021-02-05 21:07:17', '50.00', '0.00', 1, 110, 139, NULL, '50.00'),
(249, '2021-02-05 21:15:22', '50.00', '0.00', 1, 110, 140, NULL, '50.00'),
(250, '2021-02-05 21:28:57', '10.00', '0.00', 1, 110, 56, '', '70.00'),
(251, '2021-02-05 21:29:42', '10.00', '0.00', 1, 110, 56, '', '80.00'),
(252, '2021-02-05 21:30:52', '10.00', '0.00', 1, 110, 56, '', '90.00'),
(253, '2021-02-05 21:31:44', '10.00', '0.00', 1, 110, 56, '', '100.00'),
(254, '2021-02-19 21:09:41', '30.00', '0.00', 1, 110, 74, '', '60.00'),
(255, '2021-02-19 09:11:21', '0.00', '30.00', 5, 110, 74, NULL, '30.00'),
(256, '2021-02-22 20:28:50', '30.00', '0.00', 1, 110, 10, '', '60.00'),
(257, '2021-02-22 08:29:18', '0.00', '30.00', 5, 110, 10, NULL, '30.00'),
(258, '2021-03-08 17:40:05', '30.00', '0.00', 1, 110, 101, '', '60.00'),
(259, '2021-03-08 17:41:51', '0.00', '30.00', 5, 110, 101, NULL, '30.00'),
(260, '2021-03-18 19:57:21', '30.00', '0.00', 1, 110, 81, '', '60.00'),
(261, '2021-03-18 07:59:15', '0.00', '30.00', 5, 110, 81, NULL, '30.00'),
(262, '2021-04-12 17:08:00', '100.00', '0.00', 1, 110, 42, '', '180.00'),
(263, '2021-04-12 17:34:19', '50.00', '0.00', 1, 110, 141, NULL, '50.00'),
(264, '2021-04-12 19:57:23', '10.00', '0.00', 1, 110, 136, '', '60.00'),
(265, '2021-04-20 21:19:41', '1340.00', '0.00', 3, 110, 30, '2', '60.00'),
(266, '2021-04-20 21:19:42', '0.00', '10.00', 4, 110, 1, '2', '20.00'),
(267, '2021-04-20 21:19:42', '0.00', '10.00', 4, 110, 2, '2', '70.00'),
(268, '2021-04-20 21:19:42', '0.00', '10.00', 4, 110, 3, '2', '20.00'),
(269, '2021-04-20 21:19:42', '0.00', '10.00', 4, 110, 4, '2', '20.00'),
(270, '2021-04-20 21:19:42', '0.00', '10.00', 4, 110, 5, '2', '20.00'),
(271, '2021-04-20 21:19:42', '0.00', '10.00', 4, 110, 6, '2', '20.00'),
(272, '2021-04-20 21:19:42', '0.00', '10.00', 4, 110, 7, '2', '20.00'),
(273, '2021-04-20 21:19:42', '0.00', '10.00', 4, 110, 8, '2', '20.00'),
(274, '2021-04-20 21:19:42', '0.00', '10.00', 4, 110, 9, '2', '20.00'),
(275, '2021-04-20 21:19:43', '0.00', '10.00', 4, 110, 10, '2', '50.00'),
(276, '2021-04-20 21:19:43', '0.00', '10.00', 4, 110, 11, '2', '30.00'),
(277, '2021-04-20 21:19:43', '0.00', '10.00', 4, 110, 12, '2', '20.00'),
(278, '2021-04-20 21:19:43', '0.00', '10.00', 4, 110, 13, '2', '80.00'),
(279, '2021-04-20 21:19:43', '0.00', '10.00', 4, 110, 14, '2', '20.00'),
(280, '2021-04-20 21:19:43', '0.00', '10.00', 4, 110, 15, '2', '20.00'),
(281, '2021-04-20 21:19:43', '0.00', '10.00', 4, 110, 16, '2', '20.00'),
(282, '2021-04-20 21:19:43', '0.00', '10.00', 4, 110, 17, '2', '40.00'),
(283, '2021-04-20 21:19:43', '0.00', '10.00', 4, 110, 18, '2', '20.00'),
(284, '2021-04-20 21:19:43', '0.00', '10.00', 4, 110, 19, '2', '20.00'),
(285, '2021-04-20 21:19:43', '0.00', '10.00', 4, 110, 20, '2', '20.00'),
(286, '2021-04-20 21:19:43', '0.00', '10.00', 4, 110, 21, '2', '20.00'),
(287, '2021-04-20 21:19:43', '0.00', '10.00', 4, 110, 22, '2', '20.00'),
(288, '2021-04-20 21:19:43', '0.00', '10.00', 4, 110, 23, '2', '20.00'),
(289, '2021-04-20 21:19:43', '0.00', '10.00', 4, 110, 24, '2', '80.00'),
(290, '2021-04-20 21:19:43', '0.00', '10.00', 4, 110, 25, '2', '20.00'),
(291, '2021-04-20 21:19:43', '0.00', '10.00', 4, 110, 26, '2', '20.00'),
(292, '2021-04-20 21:19:43', '0.00', '10.00', 4, 110, 27, '2', '20.00'),
(293, '2021-04-20 21:19:43', '0.00', '10.00', 4, 110, 28, '2', '50.00'),
(294, '2021-04-20 21:19:43', '0.00', '10.00', 4, 110, 29, '2', '20.00'),
(295, '2021-04-20 21:19:43', '0.00', '10.00', 4, 110, 31, '2', '20.00'),
(296, '2021-04-20 21:19:43', '0.00', '10.00', 4, 110, 32, '2', '20.00'),
(297, '2021-04-20 21:19:43', '0.00', '10.00', 4, 110, 33, '2', '20.00'),
(298, '2021-04-20 21:19:43', '0.00', '10.00', 4, 110, 34, '2', '20.00'),
(299, '2021-04-20 21:19:43', '0.00', '10.00', 4, 110, 35, '2', '20.00'),
(300, '2021-04-20 21:19:43', '0.00', '10.00', 4, 110, 36, '2', '50.00'),
(301, '2021-04-20 21:19:43', '0.00', '10.00', 4, 110, 37, '2', '20.00'),
(302, '2021-04-20 21:19:43', '0.00', '10.00', 4, 110, 38, '2', '50.00'),
(303, '2021-04-20 21:19:43', '0.00', '10.00', 4, 110, 39, '2', '50.00'),
(304, '2021-04-20 21:19:43', '0.00', '10.00', 4, 110, 40, '2', '20.00'),
(305, '2021-04-20 21:19:43', '0.00', '10.00', 4, 110, 41, '2', '20.00'),
(306, '2021-04-20 21:19:43', '0.00', '10.00', 4, 110, 42, '2', '170.00'),
(307, '2021-04-20 21:19:43', '0.00', '10.00', 4, 110, 43, '2', '20.00'),
(308, '2021-04-20 21:19:43', '0.00', '10.00', 4, 110, 44, '2', '20.00'),
(309, '2021-04-20 21:19:43', '0.00', '10.00', 4, 110, 45, '2', '20.00'),
(310, '2021-04-20 21:19:43', '0.00', '10.00', 4, 110, 46, '2', '20.00'),
(311, '2021-04-20 21:19:43', '0.00', '10.00', 4, 110, 47, '2', '20.00'),
(312, '2021-04-20 21:19:43', '0.00', '10.00', 4, 110, 48, '2', '20.00'),
(313, '2021-04-20 21:19:43', '0.00', '10.00', 4, 110, 49, '2', '20.00'),
(314, '2021-04-20 21:19:43', '0.00', '10.00', 4, 110, 50, '2', '20.00'),
(315, '2021-04-20 21:19:43', '0.00', '10.00', 4, 110, 51, '2', '50.00'),
(316, '2021-04-20 21:19:43', '0.00', '10.00', 4, 110, 52, '2', '20.00'),
(317, '2021-04-20 21:19:43', '0.00', '10.00', 4, 110, 53, '2', '20.00'),
(318, '2021-04-20 21:19:43', '0.00', '10.00', 4, 110, 54, '2', '20.00'),
(319, '2021-04-20 21:19:43', '0.00', '10.00', 4, 110, 55, '2', '20.00'),
(320, '2021-04-20 21:19:43', '0.00', '10.00', 4, 110, 56, '2', '90.00'),
(321, '2021-04-20 21:19:43', '0.00', '10.00', 4, 110, 57, '2', '20.00'),
(322, '2021-04-20 21:19:43', '0.00', '10.00', 4, 110, 58, '2', '20.00'),
(323, '2021-04-20 21:19:43', '0.00', '10.00', 4, 110, 59, '2', '20.00'),
(324, '2021-04-20 21:19:43', '0.00', '10.00', 4, 110, 60, '2', '20.00'),
(325, '2021-04-20 21:19:43', '0.00', '10.00', 4, 110, 61, '2', '20.00'),
(326, '2021-04-20 21:19:43', '0.00', '10.00', 4, 110, 62, '2', '20.00'),
(327, '2021-04-20 21:19:43', '0.00', '10.00', 4, 110, 63, '2', '20.00'),
(328, '2021-04-20 21:19:43', '0.00', '10.00', 4, 110, 64, '2', '50.00'),
(329, '2021-04-20 21:19:43', '0.00', '10.00', 4, 110, 65, '2', '20.00'),
(330, '2021-04-20 21:19:43', '0.00', '10.00', 4, 110, 66, '2', '50.00'),
(331, '2021-04-20 21:19:43', '0.00', '10.00', 4, 110, 67, '2', '20.00'),
(332, '2021-04-20 21:19:43', '0.00', '10.00', 4, 110, 68, '2', '20.00'),
(333, '2021-04-20 21:19:43', '0.00', '10.00', 4, 110, 69, '2', '20.00'),
(334, '2021-04-20 21:19:43', '0.00', '10.00', 4, 110, 70, '2', '20.00'),
(335, '2021-04-20 21:19:43', '0.00', '10.00', 4, 110, 71, '2', '50.00'),
(336, '2021-04-20 21:19:43', '0.00', '10.00', 4, 110, 72, '2', '20.00'),
(337, '2021-04-20 21:19:43', '0.00', '10.00', 4, 110, 73, '2', '50.00'),
(338, '2021-04-20 21:19:43', '0.00', '10.00', 4, 110, 74, '2', '50.00'),
(339, '2021-04-20 21:19:43', '0.00', '10.00', 4, 110, 75, '2', '20.00'),
(340, '2021-04-20 21:19:43', '0.00', '10.00', 4, 110, 76, '2', '50.00'),
(341, '2021-04-20 21:19:43', '0.00', '10.00', 4, 110, 77, '2', '20.00'),
(342, '2021-04-20 21:19:43', '0.00', '10.00', 4, 110, 78, '2', '20.00'),
(343, '2021-04-20 21:19:43', '0.00', '10.00', 4, 110, 79, '2', '20.00'),
(344, '2021-04-20 21:19:43', '0.00', '10.00', 4, 110, 80, '2', '20.00'),
(345, '2021-04-20 21:19:43', '0.00', '10.00', 4, 110, 81, '2', '50.00'),
(346, '2021-04-20 21:19:43', '0.00', '10.00', 4, 110, 82, '2', '20.00'),
(347, '2021-04-20 21:19:43', '0.00', '10.00', 4, 110, 83, '2', '20.00'),
(348, '2021-04-20 21:19:43', '0.00', '10.00', 4, 110, 84, '2', '20.00'),
(349, '2021-04-20 21:19:43', '0.00', '10.00', 4, 110, 85, '2', '20.00'),
(350, '2021-04-20 21:19:43', '0.00', '10.00', 4, 110, 86, '2', '20.00'),
(351, '2021-04-20 21:19:43', '0.00', '10.00', 4, 110, 87, '2', '20.00'),
(352, '2021-04-20 21:19:43', '0.00', '10.00', 4, 110, 88, '2', '20.00'),
(353, '2021-04-20 21:19:43', '0.00', '10.00', 4, 110, 89, '2', '20.00'),
(354, '2021-04-20 21:19:43', '0.00', '10.00', 4, 110, 90, '2', '20.00'),
(355, '2021-04-20 21:19:43', '0.00', '10.00', 4, 110, 91, '2', '20.00'),
(356, '2021-04-20 21:19:43', '0.00', '10.00', 4, 110, 92, '2', '20.00'),
(357, '2021-04-20 21:19:43', '0.00', '10.00', 4, 110, 93, '2', '20.00'),
(358, '2021-04-20 21:19:43', '0.00', '10.00', 4, 110, 94, '2', '20.00'),
(359, '2021-04-20 21:19:43', '0.00', '10.00', 4, 110, 95, '2', '20.00'),
(360, '2021-04-20 21:19:43', '0.00', '10.00', 4, 110, 96, '2', '20.00'),
(361, '2021-04-20 21:19:43', '0.00', '10.00', 4, 110, 97, '2', '20.00'),
(362, '2021-04-20 21:19:43', '0.00', '10.00', 4, 110, 98, '2', '20.00'),
(363, '2021-04-20 21:19:43', '0.00', '10.00', 4, 110, 99, '2', '20.00'),
(364, '2021-04-20 21:19:43', '0.00', '10.00', 4, 110, 100, '2', '20.00'),
(365, '2021-04-20 21:19:43', '0.00', '10.00', 4, 110, 101, '2', '20.00'),
(366, '2021-04-20 21:19:43', '0.00', '10.00', 4, 110, 102, '2', '20.00'),
(367, '2021-04-20 21:19:43', '0.00', '10.00', 4, 110, 103, '2', '20.00'),
(368, '2021-04-20 21:19:43', '0.00', '10.00', 4, 110, 104, '2', '20.00'),
(369, '2021-04-20 21:19:43', '0.00', '10.00', 4, 110, 105, '2', '20.00'),
(370, '2021-04-20 21:19:43', '0.00', '10.00', 4, 110, 106, '2', '20.00'),
(371, '2021-04-20 21:19:43', '0.00', '10.00', 4, 110, 107, '2', '20.00'),
(372, '2021-04-20 21:19:43', '0.00', '10.00', 4, 110, 108, '2', '20.00'),
(373, '2021-04-20 21:19:43', '0.00', '10.00', 4, 110, 109, '2', '20.00'),
(374, '2021-04-20 21:19:43', '0.00', '10.00', 4, 110, 112, '2', '20.00'),
(375, '2021-04-20 21:19:43', '0.00', '10.00', 4, 110, 113, '2', '20.00'),
(376, '2021-04-20 21:19:43', '0.00', '10.00', 4, 110, 114, '2', '20.00'),
(377, '2021-04-20 21:19:43', '0.00', '10.00', 4, 110, 115, '2', '20.00'),
(378, '2021-04-20 21:19:43', '0.00', '10.00', 4, 110, 116, '2', '20.00'),
(379, '2021-04-20 21:19:43', '0.00', '10.00', 4, 110, 118, '2', '70.00'),
(380, '2021-04-20 21:19:43', '0.00', '10.00', 4, 110, 119, '2', '70.00'),
(381, '2021-04-20 21:19:43', '0.00', '10.00', 4, 110, 120, '2', '70.00'),
(382, '2021-04-20 21:19:43', '0.00', '10.00', 4, 110, 121, '2', '70.00'),
(383, '2021-04-20 21:19:43', '0.00', '10.00', 4, 110, 124, '2', '40.00'),
(384, '2021-04-20 21:19:43', '0.00', '10.00', 4, 110, 126, '2', '40.00'),
(385, '2021-04-20 21:19:43', '0.00', '10.00', 4, 110, 127, '2', '40.00'),
(386, '2021-04-20 21:19:43', '0.00', '10.00', 4, 110, 128, '2', '50.00'),
(387, '2021-04-20 21:19:43', '0.00', '10.00', 4, 110, 129, '2', '50.00'),
(388, '2021-04-20 21:19:43', '0.00', '10.00', 4, 110, 130, '2', '40.00'),
(389, '2021-04-20 21:19:43', '0.00', '10.00', 4, 110, 131, '2', '40.00'),
(390, '2021-04-20 21:19:43', '0.00', '10.00', 4, 110, 132, '2', '70.00'),
(391, '2021-04-20 21:19:43', '0.00', '10.00', 4, 110, 133, '2', '40.00'),
(392, '2021-04-20 21:19:43', '0.00', '10.00', 4, 110, 134, '2', '40.00'),
(393, '2021-04-20 21:19:43', '0.00', '10.00', 4, 110, 135, '2', '40.00'),
(394, '2021-04-20 21:19:43', '0.00', '10.00', 4, 110, 136, '2', '50.00'),
(395, '2021-04-20 21:19:43', '0.00', '10.00', 4, 110, 137, '2', '40.00'),
(396, '2021-04-20 21:19:43', '0.00', '10.00', 4, 110, 138, '2', '40.00'),
(397, '2021-04-20 21:19:43', '0.00', '10.00', 4, 110, 139, '2', '40.00'),
(398, '2021-04-20 21:19:43', '0.00', '10.00', 4, 110, 140, '2', '40.00'),
(399, '2021-04-20 21:19:43', '0.00', '10.00', 4, 110, 141, '2', '40.00'),
(400, '2021-04-21 16:12:46', '50.00', '0.00', 1, 110, 142, NULL, '50.00'),
(401, '2021-04-21 16:21:18', '10.00', '0.00', 1, 110, 17, '', '50.00'),
(402, '2021-05-20 16:01:23', '100.00', '0.00', 1, 110, 37, '', '120.00'),
(403, '2021-05-20 19:39:06', '30.00', '0.00', 1, 110, 102, '', '50.00'),
(404, '2021-05-20 19:40:39', '40.00', '0.00', 1, 110, 115, '', '60.00'),
(405, '2021-05-20 19:45:22', '40.00', '0.00', 1, 110, 41, '', '60.00'),
(406, '2021-06-07 18:53:33', '10.00', '0.00', 1, 110, 23, '', '30.00'),
(407, '2021-06-07 18:55:01', '10.00', '0.00', 1, 110, 2, '', '80.00'),
(408, '2021-06-07 18:56:55', '10.00', '0.00', 1, 110, 113, '', '30.00'),
(409, '2021-06-07 18:58:00', '10.00', '0.00', 1, 110, 132, '', '80.00'),
(410, '2021-06-07 18:58:51', '10.00', '0.00', 1, 110, 98, '', '30.00'),
(411, '2021-06-07 18:59:27', '10.00', '0.00', 1, 110, 7, '', '30.00'),
(412, '2021-06-07 19:00:20', '10.00', '0.00', 1, 110, 8, '', '30.00'),
(413, '2021-06-07 19:01:02', '10.00', '0.00', 1, 110, 9, '', '30.00'),
(414, '2021-06-07 19:01:35', '10.00', '0.00', 1, 110, 10, '', '60.00'),
(415, '2021-06-07 19:02:09', '10.00', '0.00', 1, 110, 11, '', '40.00'),
(416, '2021-06-07 19:02:41', '10.00', '0.00', 1, 110, 65, '', '30.00'),
(417, '2021-06-07 19:03:23', '10.00', '0.00', 1, 110, 25, '', '30.00'),
(418, '2021-06-07 19:04:14', '10.00', '0.00', 1, 110, 15, '', '30.00'),
(419, '2021-06-07 19:05:00', '10.00', '0.00', 1, 110, 16, '', '30.00'),
(420, '2021-06-07 19:05:50', '10.00', '0.00', 1, 110, 23, '', '40.00'),
(421, '2021-06-07 19:06:23', '10.00', '0.00', 1, 110, 2, '', '90.00'),
(422, '2021-06-07 19:07:00', '10.00', '0.00', 1, 110, 113, '', '40.00'),
(423, '2021-06-07 19:07:45', '10.00', '0.00', 1, 110, 132, '', '90.00'),
(424, '2021-06-07 19:08:21', '10.00', '0.00', 1, 110, 98, '', '40.00'),
(425, '2021-06-07 19:08:50', '10.00', '0.00', 1, 110, 7, '', '40.00'),
(426, '2021-06-07 19:09:17', '10.00', '0.00', 1, 110, 8, '', '40.00'),
(427, '2021-06-07 19:09:58', '10.00', '0.00', 1, 110, 9, '', '40.00'),
(428, '2021-06-07 19:10:25', '10.00', '0.00', 1, 110, 10, '', '70.00'),
(429, '2021-06-07 19:10:47', '10.00', '0.00', 1, 110, 11, '', '50.00'),
(430, '2021-06-07 19:11:20', '10.00', '0.00', 1, 110, 65, '', '40.00'),
(431, '2021-06-07 19:11:52', '10.00', '0.00', 1, 110, 25, '', '40.00'),
(432, '2021-06-07 19:12:17', '10.00', '0.00', 1, 110, 15, '', '40.00'),
(433, '2021-06-07 19:12:56', '10.00', '0.00', 1, 110, 16, '', '40.00'),
(434, '2021-06-07 19:45:46', '1350.00', '0.00', 3, 110, 92, '2', '20.00'),
(435, '2021-06-07 19:45:46', '0.00', '10.00', 4, 110, 1, '2', '10.00'),
(436, '2021-06-07 19:45:46', '0.00', '10.00', 4, 110, 2, '2', '80.00'),
(437, '2021-06-07 19:45:46', '0.00', '10.00', 4, 110, 3, '2', '10.00'),
(438, '2021-06-07 19:45:46', '0.00', '10.00', 4, 110, 4, '2', '10.00'),
(439, '2021-06-07 19:45:46', '0.00', '10.00', 4, 110, 5, '2', '10.00'),
(440, '2021-06-07 19:45:46', '0.00', '10.00', 4, 110, 6, '2', '10.00'),
(441, '2021-06-07 19:45:46', '0.00', '10.00', 4, 110, 7, '2', '30.00'),
(442, '2021-06-07 19:45:46', '0.00', '10.00', 4, 110, 8, '2', '30.00'),
(443, '2021-06-07 19:45:46', '0.00', '10.00', 4, 110, 9, '2', '30.00'),
(444, '2021-06-07 19:45:46', '0.00', '10.00', 4, 110, 10, '2', '60.00'),
(445, '2021-06-07 19:45:46', '0.00', '10.00', 4, 110, 11, '2', '40.00'),
(446, '2021-06-07 19:45:46', '0.00', '10.00', 4, 110, 12, '2', '10.00'),
(447, '2021-06-07 19:45:46', '0.00', '10.00', 4, 110, 13, '2', '70.00'),
(448, '2021-06-07 19:45:46', '0.00', '10.00', 4, 110, 14, '2', '10.00'),
(449, '2021-06-07 19:45:46', '0.00', '10.00', 4, 110, 15, '2', '30.00'),
(450, '2021-06-07 19:45:46', '0.00', '10.00', 4, 110, 16, '2', '30.00'),
(451, '2021-06-07 19:45:46', '0.00', '10.00', 4, 110, 17, '2', '40.00'),
(452, '2021-06-07 19:45:46', '0.00', '10.00', 4, 110, 18, '2', '10.00'),
(453, '2021-06-07 19:45:46', '0.00', '10.00', 4, 110, 19, '2', '10.00'),
(454, '2021-06-07 19:45:46', '0.00', '10.00', 4, 110, 20, '2', '10.00'),
(455, '2021-06-07 19:45:46', '0.00', '10.00', 4, 110, 21, '2', '10.00'),
(456, '2021-06-07 19:45:46', '0.00', '10.00', 4, 110, 22, '2', '10.00'),
(457, '2021-06-07 19:45:46', '0.00', '10.00', 4, 110, 23, '2', '30.00'),
(458, '2021-06-07 19:45:46', '0.00', '10.00', 4, 110, 24, '2', '70.00'),
(459, '2021-06-07 19:45:46', '0.00', '10.00', 4, 110, 25, '2', '30.00'),
(460, '2021-06-07 19:45:46', '0.00', '10.00', 4, 110, 26, '2', '10.00'),
(461, '2021-06-07 19:45:46', '0.00', '10.00', 4, 110, 27, '2', '10.00'),
(462, '2021-06-07 19:45:46', '0.00', '10.00', 4, 110, 28, '2', '40.00'),
(463, '2021-06-07 19:45:46', '0.00', '10.00', 4, 110, 29, '2', '10.00'),
(464, '2021-06-07 19:45:46', '0.00', '10.00', 4, 110, 30, '2', '50.00'),
(465, '2021-06-07 19:45:46', '0.00', '10.00', 4, 110, 31, '2', '10.00'),
(466, '2021-06-07 19:45:46', '0.00', '10.00', 4, 110, 32, '2', '10.00'),
(467, '2021-06-07 19:45:46', '0.00', '10.00', 4, 110, 33, '2', '10.00'),
(468, '2021-06-07 19:45:46', '0.00', '10.00', 4, 110, 34, '2', '10.00'),
(469, '2021-06-07 19:45:46', '0.00', '10.00', 4, 110, 35, '2', '10.00'),
(470, '2021-06-07 19:45:46', '0.00', '10.00', 4, 110, 36, '2', '40.00'),
(471, '2021-06-07 19:45:46', '0.00', '10.00', 4, 110, 37, '2', '110.00'),
(472, '2021-06-07 19:45:46', '0.00', '10.00', 4, 110, 38, '2', '40.00'),
(473, '2021-06-07 19:45:46', '0.00', '10.00', 4, 110, 39, '2', '40.00'),
(474, '2021-06-07 19:45:46', '0.00', '10.00', 4, 110, 40, '2', '10.00'),
(475, '2021-06-07 19:45:46', '0.00', '10.00', 4, 110, 41, '2', '50.00'),
(476, '2021-06-07 19:45:46', '0.00', '10.00', 4, 110, 42, '2', '160.00'),
(477, '2021-06-07 19:45:46', '0.00', '10.00', 4, 110, 43, '2', '10.00'),
(478, '2021-06-07 19:45:46', '0.00', '10.00', 4, 110, 44, '2', '10.00'),
(479, '2021-06-07 19:45:46', '0.00', '10.00', 4, 110, 45, '2', '10.00'),
(480, '2021-06-07 19:45:46', '0.00', '10.00', 4, 110, 46, '2', '10.00'),
(481, '2021-06-07 19:45:46', '0.00', '10.00', 4, 110, 47, '2', '10.00'),
(482, '2021-06-07 19:45:46', '0.00', '10.00', 4, 110, 48, '2', '10.00'),
(483, '2021-06-07 19:45:46', '0.00', '10.00', 4, 110, 49, '2', '10.00'),
(484, '2021-06-07 19:45:46', '0.00', '10.00', 4, 110, 50, '2', '10.00'),
(485, '2021-06-07 19:45:46', '0.00', '10.00', 4, 110, 51, '2', '40.00'),
(486, '2021-06-07 19:45:46', '0.00', '10.00', 4, 110, 52, '2', '10.00'),
(487, '2021-06-07 19:45:46', '0.00', '10.00', 4, 110, 53, '2', '10.00'),
(488, '2021-06-07 19:45:46', '0.00', '10.00', 4, 110, 54, '2', '10.00'),
(489, '2021-06-07 19:45:46', '0.00', '10.00', 4, 110, 55, '2', '10.00'),
(490, '2021-06-07 19:45:46', '0.00', '10.00', 4, 110, 56, '2', '80.00'),
(491, '2021-06-07 19:45:46', '0.00', '10.00', 4, 110, 57, '2', '10.00'),
(492, '2021-06-07 19:45:46', '0.00', '10.00', 4, 110, 58, '2', '10.00'),
(493, '2021-06-07 19:45:46', '0.00', '10.00', 4, 110, 59, '2', '10.00'),
(494, '2021-06-07 19:45:46', '0.00', '10.00', 4, 110, 60, '2', '10.00'),
(495, '2021-06-07 19:45:46', '0.00', '10.00', 4, 110, 61, '2', '10.00'),
(496, '2021-06-07 19:45:46', '0.00', '10.00', 4, 110, 62, '2', '10.00'),
(497, '2021-06-07 19:45:46', '0.00', '10.00', 4, 110, 63, '2', '10.00'),
(498, '2021-06-07 19:45:46', '0.00', '10.00', 4, 110, 64, '2', '40.00'),
(499, '2021-06-07 19:45:46', '0.00', '10.00', 4, 110, 65, '2', '30.00'),
(500, '2021-06-07 19:45:46', '0.00', '10.00', 4, 110, 66, '2', '40.00'),
(501, '2021-06-07 19:45:46', '0.00', '10.00', 4, 110, 67, '2', '10.00'),
(502, '2021-06-07 19:45:46', '0.00', '10.00', 4, 110, 68, '2', '10.00'),
(503, '2021-06-07 19:45:46', '0.00', '10.00', 4, 110, 69, '2', '10.00'),
(504, '2021-06-07 19:45:46', '0.00', '10.00', 4, 110, 70, '2', '10.00'),
(505, '2021-06-07 19:45:46', '0.00', '10.00', 4, 110, 71, '2', '40.00'),
(506, '2021-06-07 19:45:46', '0.00', '10.00', 4, 110, 72, '2', '10.00'),
(507, '2021-06-07 19:45:46', '0.00', '10.00', 4, 110, 73, '2', '40.00'),
(508, '2021-06-07 19:45:46', '0.00', '10.00', 4, 110, 74, '2', '40.00'),
(509, '2021-06-07 19:45:46', '0.00', '10.00', 4, 110, 75, '2', '10.00'),
(510, '2021-06-07 19:45:46', '0.00', '10.00', 4, 110, 76, '2', '40.00'),
(511, '2021-06-07 19:45:46', '0.00', '10.00', 4, 110, 77, '2', '10.00'),
(512, '2021-06-07 19:45:46', '0.00', '10.00', 4, 110, 78, '2', '10.00'),
(513, '2021-06-07 19:45:46', '0.00', '10.00', 4, 110, 79, '2', '10.00'),
(514, '2021-06-07 19:45:46', '0.00', '10.00', 4, 110, 80, '2', '10.00'),
(515, '2021-06-07 19:45:46', '0.00', '10.00', 4, 110, 81, '2', '40.00'),
(516, '2021-06-07 19:45:46', '0.00', '10.00', 4, 110, 82, '2', '10.00'),
(517, '2021-06-07 19:45:46', '0.00', '10.00', 4, 110, 83, '2', '10.00'),
(518, '2021-06-07 19:45:46', '0.00', '10.00', 4, 110, 84, '2', '10.00'),
(519, '2021-06-07 19:45:46', '0.00', '10.00', 4, 110, 85, '2', '10.00'),
(520, '2021-06-07 19:45:46', '0.00', '10.00', 4, 110, 86, '2', '10.00'),
(521, '2021-06-07 19:45:46', '0.00', '10.00', 4, 110, 87, '2', '10.00'),
(522, '2021-06-07 19:45:46', '0.00', '10.00', 4, 110, 88, '2', '10.00'),
(523, '2021-06-07 19:45:46', '0.00', '10.00', 4, 110, 89, '2', '10.00'),
(524, '2021-06-07 19:45:46', '0.00', '10.00', 4, 110, 90, '2', '10.00'),
(525, '2021-06-07 19:45:46', '0.00', '10.00', 4, 110, 91, '2', '10.00'),
(526, '2021-06-07 19:45:46', '0.00', '10.00', 4, 110, 93, '2', '10.00'),
(527, '2021-06-07 19:45:46', '0.00', '10.00', 4, 110, 94, '2', '10.00'),
(528, '2021-06-07 19:45:46', '0.00', '10.00', 4, 110, 95, '2', '10.00'),
(529, '2021-06-07 19:45:46', '0.00', '10.00', 4, 110, 96, '2', '10.00'),
(530, '2021-06-07 19:45:46', '0.00', '10.00', 4, 110, 97, '2', '10.00'),
(531, '2021-06-07 19:45:46', '0.00', '10.00', 4, 110, 98, '2', '30.00'),
(532, '2021-06-07 19:45:46', '0.00', '10.00', 4, 110, 99, '2', '10.00'),
(533, '2021-06-07 19:45:46', '0.00', '10.00', 4, 110, 100, '2', '10.00'),
(534, '2021-06-07 19:45:46', '0.00', '10.00', 4, 110, 101, '2', '10.00'),
(535, '2021-06-07 19:45:46', '0.00', '10.00', 4, 110, 102, '2', '40.00'),
(536, '2021-06-07 19:45:46', '0.00', '10.00', 4, 110, 103, '2', '10.00'),
(537, '2021-06-07 19:45:46', '0.00', '10.00', 4, 110, 104, '2', '10.00'),
(538, '2021-06-07 19:45:46', '0.00', '10.00', 4, 110, 105, '2', '10.00'),
(539, '2021-06-07 19:45:46', '0.00', '10.00', 4, 110, 106, '2', '10.00'),
(540, '2021-06-07 19:45:46', '0.00', '10.00', 4, 110, 107, '2', '10.00'),
(541, '2021-06-07 19:45:46', '0.00', '10.00', 4, 110, 108, '2', '10.00'),
(542, '2021-06-07 19:45:46', '0.00', '10.00', 4, 110, 109, '2', '10.00'),
(543, '2021-06-07 19:45:46', '0.00', '10.00', 4, 110, 112, '2', '10.00'),
(544, '2021-06-07 19:45:46', '0.00', '10.00', 4, 110, 113, '2', '30.00'),
(545, '2021-06-07 19:45:46', '0.00', '10.00', 4, 110, 114, '2', '10.00'),
(546, '2021-06-07 19:45:46', '0.00', '10.00', 4, 110, 115, '2', '50.00'),
(547, '2021-06-07 19:45:46', '0.00', '10.00', 4, 110, 116, '2', '10.00'),
(548, '2021-06-07 19:45:46', '0.00', '10.00', 4, 110, 118, '2', '60.00'),
(549, '2021-06-07 19:45:46', '0.00', '10.00', 4, 110, 119, '2', '60.00'),
(550, '2021-06-07 19:45:46', '0.00', '10.00', 4, 110, 120, '2', '60.00'),
(551, '2021-06-07 19:45:46', '0.00', '10.00', 4, 110, 121, '2', '60.00'),
(552, '2021-06-07 19:45:46', '0.00', '10.00', 4, 110, 124, '2', '30.00'),
(553, '2021-06-07 19:45:46', '0.00', '10.00', 4, 110, 126, '2', '30.00'),
(554, '2021-06-07 19:45:46', '0.00', '10.00', 4, 110, 127, '2', '30.00'),
(555, '2021-06-07 19:45:46', '0.00', '10.00', 4, 110, 128, '2', '40.00'),
(556, '2021-06-07 19:45:46', '0.00', '10.00', 4, 110, 129, '2', '40.00'),
(557, '2021-06-07 19:45:46', '0.00', '10.00', 4, 110, 130, '2', '30.00'),
(558, '2021-06-07 19:45:46', '0.00', '10.00', 4, 110, 131, '2', '30.00'),
(559, '2021-06-07 19:45:46', '0.00', '10.00', 4, 110, 132, '2', '80.00'),
(560, '2021-06-07 19:45:46', '0.00', '10.00', 4, 110, 133, '2', '30.00'),
(561, '2021-06-07 19:45:46', '0.00', '10.00', 4, 110, 134, '2', '30.00'),
(562, '2021-06-07 19:45:46', '0.00', '10.00', 4, 110, 135, '2', '30.00'),
(563, '2021-06-07 19:45:46', '0.00', '10.00', 4, 110, 136, '2', '40.00'),
(564, '2021-06-07 19:45:46', '0.00', '10.00', 4, 110, 137, '2', '30.00'),
(565, '2021-06-07 19:45:46', '0.00', '10.00', 4, 110, 138, '2', '30.00'),
(566, '2021-06-07 19:45:46', '0.00', '10.00', 4, 110, 139, '2', '30.00'),
(567, '2021-06-07 19:45:46', '0.00', '10.00', 4, 110, 140, '2', '30.00'),
(568, '2021-06-07 19:45:46', '0.00', '10.00', 4, 110, 141, '2', '30.00'),
(569, '2021-06-07 19:45:46', '0.00', '10.00', 4, 110, 142, '2', '40.00'),
(570, '2021-06-07 22:07:49', '110.00', '0.00', 1, 110, 4, '', '120.00'),
(571, '2021-06-07 22:31:43', '30.00', '0.00', 1, 110, 75, '', '40.00'),
(572, '2021-06-07 22:36:41', '20.00', '0.00', 1, 110, 75, '', '60.00'),
(573, '2021-06-08 20:07:05', '20.00', '0.00', 1, 110, 101, '', '30.00'),
(574, '2021-06-09 23:15:46', '50.00', '0.00', 1, 110, 1, '', '60.00'),
(575, '2021-06-09 23:16:30', '10.00', '0.00', 1, 110, 142, '', '50.00'),
(576, '2021-06-09 23:17:03', '10.00', '0.00', 1, 110, 129, '', '50.00'),
(577, '2021-06-09 23:17:45', '10.00', '0.00', 1, 110, 129, '', '60.00'),
(578, '2021-06-09 23:18:34', '50.00', '0.00', 1, 110, 3, '', '60.00'),
(579, '2021-06-09 23:19:59', '50.00', '0.00', 1, 110, 124, '', '80.00'),
(580, '2021-06-09 23:21:10', '10.00', '0.00', 1, 110, 130, '', '40.00'),
(581, '2021-06-09 23:21:36', '10.00', '0.00', 1, 110, 130, '', '50.00'),
(582, '2021-06-09 23:22:20', '10.00', '0.00', 1, 110, 40, '', '20.00'),
(583, '2021-06-09 23:22:44', '10.00', '0.00', 1, 110, 40, '', '30.00'),
(584, '2021-06-09 23:23:12', '10.00', '0.00', 1, 110, 17, '', '50.00'),
(585, '2021-06-09 23:23:39', '10.00', '0.00', 1, 110, 17, '', '60.00'),
(586, '2021-06-09 23:24:17', '10.00', '0.00', 1, 110, 141, '', '40.00'),
(587, '2021-06-09 23:24:44', '10.00', '0.00', 1, 110, 141, '', '50.00'),
(588, '2021-06-09 23:25:11', '10.00', '0.00', 1, 110, 68, '', '20.00'),
(589, '2021-06-09 23:25:34', '10.00', '0.00', 1, 110, 68, '', '30.00'),
(590, '2021-06-09 23:26:06', '10.00', '0.00', 1, 110, 96, '', '20.00'),
(591, '2021-06-09 23:26:40', '10.00', '0.00', 1, 110, 96, '', '30.00'),
(592, '2021-06-09 23:27:25', '10.00', '0.00', 1, 110, 136, '', '50.00'),
(593, '2021-06-09 23:27:49', '10.00', '0.00', 1, 110, 136, '', '60.00'),
(594, '2021-06-10 22:44:25', '30.00', '0.00', 1, 110, 5, '', '40.00'),
(595, '2021-06-15 16:16:41', '10.00', '0.00', 1, 110, 5, '', '50.00'),
(596, '2021-06-15 16:17:18', '10.00', '0.00', 1, 110, 5, '', '60.00'),
(597, '2021-06-16 20:50:44', '30.00', '0.00', 1, 110, 48, '', '40.00'),
(598, '2021-06-16 20:51:25', '10.00', '0.00', 1, 110, 48, '', '50.00'),
(599, '2021-06-16 20:51:50', '10.00', '0.00', 1, 110, 48, '', '60.00'),
(600, '2021-06-17 18:34:14', '50.00', '0.00', 1, 110, 143, NULL, '50.00'),
(601, '2021-06-17 18:42:28', '50.00', '0.00', 1, 110, 144, NULL, '50.00'),
(602, '2021-06-17 18:49:11', '50.00', '0.00', 1, 110, 145, NULL, '50.00'),
(603, '2021-06-17 19:14:35', '50.00', '0.00', 1, 110, 146, NULL, '50.00'),
(604, '2021-06-17 21:13:32', '10.00', '0.00', 1, 110, 17, '', '70.00'),
(605, '2021-06-17 21:14:04', '10.00', '0.00', 1, 110, 17, '', '80.00'),
(606, '2021-06-17 21:14:36', '10.00', '0.00', 1, 110, 17, '', '90.00'),
(607, '2021-06-17 21:15:03', '10.00', '0.00', 1, 110, 17, '', '100.00'),
(608, '2021-06-18 16:39:50', '50.00', '0.00', 1, 110, 129, '', '110.00'),
(609, '2021-06-18 16:40:27', '30.00', '0.00', 1, 110, 40, '', '60.00'),
(610, '2021-06-18 16:41:06', '30.00', '0.00', 1, 110, 18, '', '40.00'),
(611, '2021-06-18 16:53:42', '10.00', '0.00', 1, 110, 18, '', '50.00'),
(612, '2021-06-18 16:54:06', '10.00', '0.00', 1, 110, 18, '', '60.00'),
(613, '2021-06-18 21:14:40', '30.00', '0.00', 1, 110, 105, '', '40.00'),
(614, '2021-06-18 21:15:03', '10.00', '0.00', 1, 110, 105, '', '50.00'),
(615, '2021-06-18 21:15:24', '10.00', '0.00', 1, 110, 105, '', '60.00'),
(616, '2021-06-21 20:04:02', '10.00', '0.00', 1, 110, 88, '', '20.00'),
(617, '2021-06-21 20:04:27', '10.00', '0.00', 1, 110, 88, '', '30.00'),
(618, '2021-06-22 22:28:47', '30.00', '0.00', 1, 110, 95, '', '40.00'),
(619, '2021-06-22 22:29:33', '10.00', '0.00', 1, 110, 95, '', '50.00'),
(620, '2021-06-22 22:30:02', '10.00', '0.00', 1, 110, 95, '', '60.00'),
(621, '2021-06-24 16:38:35', '30.00', '0.00', 1, 110, 92, '', '50.00'),
(622, '2021-06-25 23:16:46', '100.00', '0.00', 1, 110, 120, '', '160.00'),
(623, '2021-06-28 20:18:42', '50.00', '0.00', 1, 110, 77, '', '60.00'),
(624, '2021-06-28 23:37:42', '1390.00', '0.00', 3, 110, 77, '2', '60.00'),
(625, '2021-06-28 23:37:42', '0.00', '10.00', 4, 110, 1, '2', '50.00'),
(626, '2021-06-28 23:37:42', '0.00', '10.00', 4, 110, 2, '2', '70.00'),
(627, '2021-06-28 23:37:42', '0.00', '10.00', 4, 110, 3, '2', '50.00'),
(628, '2021-06-28 23:37:42', '0.00', '10.00', 4, 110, 4, '2', '110.00'),
(629, '2021-06-28 23:37:42', '0.00', '10.00', 4, 110, 5, '2', '50.00'),
(630, '2021-06-28 23:37:42', '0.00', '10.00', 4, 110, 6, '2', '0.00'),
(631, '2021-06-28 23:37:42', '0.00', '10.00', 4, 110, 7, '2', '20.00'),
(632, '2021-06-28 23:37:42', '0.00', '10.00', 4, 110, 8, '2', '20.00'),
(633, '2021-06-28 23:37:42', '0.00', '10.00', 4, 110, 9, '2', '20.00'),
(634, '2021-06-28 23:37:42', '0.00', '10.00', 4, 110, 10, '2', '50.00'),
(635, '2021-06-28 23:37:42', '0.00', '10.00', 4, 110, 11, '2', '30.00'),
(636, '2021-06-28 23:37:42', '0.00', '10.00', 4, 110, 12, '2', '0.00'),
(637, '2021-06-28 23:37:42', '0.00', '10.00', 4, 110, 13, '2', '60.00'),
(638, '2021-06-28 23:37:42', '0.00', '10.00', 4, 110, 14, '2', '0.00'),
(639, '2021-06-28 23:37:42', '0.00', '10.00', 4, 110, 15, '2', '20.00'),
(640, '2021-06-28 23:37:42', '0.00', '10.00', 4, 110, 16, '2', '20.00'),
(641, '2021-06-28 23:37:42', '0.00', '10.00', 4, 110, 17, '2', '90.00'),
(642, '2021-06-28 23:37:42', '0.00', '10.00', 4, 110, 18, '2', '50.00'),
(643, '2021-06-28 23:37:42', '0.00', '10.00', 4, 110, 19, '2', '0.00'),
(644, '2021-06-28 23:37:42', '0.00', '10.00', 4, 110, 20, '2', '0.00'),
(645, '2021-06-28 23:37:42', '0.00', '10.00', 4, 110, 21, '2', '0.00'),
(646, '2021-06-28 23:37:42', '0.00', '10.00', 4, 110, 22, '2', '0.00'),
(647, '2021-06-28 23:37:42', '0.00', '10.00', 4, 110, 23, '2', '20.00'),
(648, '2021-06-28 23:37:42', '0.00', '10.00', 4, 110, 24, '2', '60.00'),
(649, '2021-06-28 23:37:42', '0.00', '10.00', 4, 110, 25, '2', '20.00'),
(650, '2021-06-28 23:37:42', '0.00', '10.00', 4, 110, 26, '2', '0.00'),
(651, '2021-06-28 23:37:42', '0.00', '10.00', 4, 110, 27, '2', '0.00'),
(652, '2021-06-28 23:37:42', '0.00', '10.00', 4, 110, 28, '2', '30.00'),
(653, '2021-06-28 23:37:42', '0.00', '10.00', 4, 110, 29, '2', '0.00'),
(654, '2021-06-28 23:37:42', '0.00', '10.00', 4, 110, 30, '2', '40.00'),
(655, '2021-06-28 23:37:42', '0.00', '10.00', 4, 110, 31, '2', '0.00'),
(656, '2021-06-28 23:37:42', '0.00', '10.00', 4, 110, 32, '2', '0.00'),
(657, '2021-06-28 23:37:42', '0.00', '10.00', 4, 110, 33, '2', '0.00'),
(658, '2021-06-28 23:37:42', '0.00', '10.00', 4, 110, 34, '2', '0.00'),
(659, '2021-06-28 23:37:42', '0.00', '10.00', 4, 110, 35, '2', '0.00'),
(660, '2021-06-28 23:37:42', '0.00', '10.00', 4, 110, 36, '2', '30.00'),
(661, '2021-06-28 23:37:42', '0.00', '10.00', 4, 110, 37, '2', '100.00'),
(662, '2021-06-28 23:37:42', '0.00', '10.00', 4, 110, 38, '2', '30.00'),
(663, '2021-06-28 23:37:42', '0.00', '10.00', 4, 110, 39, '2', '30.00'),
(664, '2021-06-28 23:37:42', '0.00', '10.00', 4, 110, 40, '2', '50.00'),
(665, '2021-06-28 23:37:42', '0.00', '10.00', 4, 110, 41, '2', '40.00'),
(666, '2021-06-28 23:37:42', '0.00', '10.00', 4, 110, 42, '2', '150.00'),
(667, '2021-06-28 23:37:42', '0.00', '10.00', 4, 110, 43, '2', '0.00'),
(668, '2021-06-28 23:37:42', '0.00', '10.00', 4, 110, 44, '2', '0.00'),
(669, '2021-06-28 23:37:42', '0.00', '10.00', 4, 110, 45, '2', '0.00'),
(670, '2021-06-28 23:37:42', '0.00', '10.00', 4, 110, 46, '2', '0.00'),
(671, '2021-06-28 23:37:42', '0.00', '10.00', 4, 110, 47, '2', '0.00'),
(672, '2021-06-28 23:37:42', '0.00', '10.00', 4, 110, 48, '2', '50.00'),
(673, '2021-06-28 23:37:42', '0.00', '10.00', 4, 110, 49, '2', '0.00'),
(674, '2021-06-28 23:37:42', '0.00', '10.00', 4, 110, 50, '2', '0.00'),
(675, '2021-06-28 23:37:42', '0.00', '10.00', 4, 110, 51, '2', '30.00'),
(676, '2021-06-28 23:37:42', '0.00', '10.00', 4, 110, 52, '2', '0.00'),
(677, '2021-06-28 23:37:42', '0.00', '10.00', 4, 110, 53, '2', '0.00'),
(678, '2021-06-28 23:37:42', '0.00', '10.00', 4, 110, 54, '2', '0.00'),
(679, '2021-06-28 23:37:42', '0.00', '10.00', 4, 110, 55, '2', '0.00'),
(680, '2021-06-28 23:37:42', '0.00', '10.00', 4, 110, 56, '2', '70.00'),
(681, '2021-06-28 23:37:42', '0.00', '10.00', 4, 110, 57, '2', '0.00'),
(682, '2021-06-28 23:37:42', '0.00', '10.00', 4, 110, 58, '2', '0.00'),
(683, '2021-06-28 23:37:42', '0.00', '10.00', 4, 110, 59, '2', '0.00'),
(684, '2021-06-28 23:37:42', '0.00', '10.00', 4, 110, 60, '2', '0.00'),
(685, '2021-06-28 23:37:42', '0.00', '10.00', 4, 110, 61, '2', '0.00'),
(686, '2021-06-28 23:37:42', '0.00', '10.00', 4, 110, 62, '2', '0.00'),
(687, '2021-06-28 23:37:42', '0.00', '10.00', 4, 110, 63, '2', '0.00'),
(688, '2021-06-28 23:37:42', '0.00', '10.00', 4, 110, 64, '2', '30.00'),
(689, '2021-06-28 23:37:42', '0.00', '10.00', 4, 110, 65, '2', '20.00'),
(690, '2021-06-28 23:37:42', '0.00', '10.00', 4, 110, 66, '2', '30.00'),
(691, '2021-06-28 23:37:42', '0.00', '10.00', 4, 110, 67, '2', '0.00'),
(692, '2021-06-28 23:37:42', '0.00', '10.00', 4, 110, 68, '2', '20.00'),
(693, '2021-06-28 23:37:42', '0.00', '10.00', 4, 110, 69, '2', '0.00'),
(694, '2021-06-28 23:37:42', '0.00', '10.00', 4, 110, 70, '2', '0.00'),
(695, '2021-06-28 23:37:42', '0.00', '10.00', 4, 110, 71, '2', '30.00'),
(696, '2021-06-28 23:37:42', '0.00', '10.00', 4, 110, 72, '2', '0.00'),
(697, '2021-06-28 23:37:42', '0.00', '10.00', 4, 110, 73, '2', '30.00'),
(698, '2021-06-28 23:37:42', '0.00', '10.00', 4, 110, 74, '2', '30.00'),
(699, '2021-06-28 23:37:42', '0.00', '10.00', 4, 110, 75, '2', '50.00'),
(700, '2021-06-28 23:37:42', '0.00', '10.00', 4, 110, 76, '2', '30.00'),
(701, '2021-06-28 23:37:42', '0.00', '10.00', 4, 110, 78, '2', '0.00'),
(702, '2021-06-28 23:37:42', '0.00', '10.00', 4, 110, 79, '2', '0.00'),
(703, '2021-06-28 23:37:42', '0.00', '10.00', 4, 110, 80, '2', '0.00'),
(704, '2021-06-28 23:37:42', '0.00', '10.00', 4, 110, 81, '2', '30.00'),
(705, '2021-06-28 23:37:42', '0.00', '10.00', 4, 110, 82, '2', '0.00'),
(706, '2021-06-28 23:37:42', '0.00', '10.00', 4, 110, 83, '2', '0.00'),
(707, '2021-06-28 23:37:42', '0.00', '10.00', 4, 110, 84, '2', '0.00'),
(708, '2021-06-28 23:37:42', '0.00', '10.00', 4, 110, 85, '2', '0.00'),
(709, '2021-06-28 23:37:42', '0.00', '10.00', 4, 110, 86, '2', '0.00'),
(710, '2021-06-28 23:37:42', '0.00', '10.00', 4, 110, 87, '2', '0.00'),
(711, '2021-06-28 23:37:42', '0.00', '10.00', 4, 110, 88, '2', '20.00'),
(712, '2021-06-28 23:37:42', '0.00', '10.00', 4, 110, 89, '2', '0.00'),
(713, '2021-06-28 23:37:42', '0.00', '10.00', 4, 110, 90, '2', '0.00'),
(714, '2021-06-28 23:37:42', '0.00', '10.00', 4, 110, 91, '2', '0.00'),
(715, '2021-06-28 23:37:42', '0.00', '10.00', 4, 110, 92, '2', '40.00'),
(716, '2021-06-28 23:37:42', '0.00', '10.00', 4, 110, 93, '2', '0.00'),
(717, '2021-06-28 23:37:42', '0.00', '10.00', 4, 110, 94, '2', '0.00'),
(718, '2021-06-28 23:37:42', '0.00', '10.00', 4, 110, 95, '2', '50.00'),
(719, '2021-06-28 23:37:42', '0.00', '10.00', 4, 110, 96, '2', '20.00'),
(720, '2021-06-28 23:37:42', '0.00', '10.00', 4, 110, 97, '2', '0.00'),
(721, '2021-06-28 23:37:42', '0.00', '10.00', 4, 110, 98, '2', '20.00'),
(722, '2021-06-28 23:37:42', '0.00', '10.00', 4, 110, 99, '2', '0.00'),
(723, '2021-06-28 23:37:42', '0.00', '10.00', 4, 110, 100, '2', '0.00'),
(724, '2021-06-28 23:37:42', '0.00', '10.00', 4, 110, 101, '2', '20.00');
INSERT INTO `transaction_history` (`id`, `date`, `credit`, `debit`, `trans`, `encoder_id`, `user_id`, `remarks`, `r`) VALUES
(725, '2021-06-28 23:37:42', '0.00', '10.00', 4, 110, 102, '2', '30.00'),
(726, '2021-06-28 23:37:42', '0.00', '10.00', 4, 110, 103, '2', '0.00'),
(727, '2021-06-28 23:37:42', '0.00', '10.00', 4, 110, 104, '2', '0.00'),
(728, '2021-06-28 23:37:42', '0.00', '10.00', 4, 110, 105, '2', '50.00'),
(729, '2021-06-28 23:37:42', '0.00', '10.00', 4, 110, 106, '2', '0.00'),
(730, '2021-06-28 23:37:42', '0.00', '10.00', 4, 110, 107, '2', '0.00'),
(731, '2021-06-28 23:37:42', '0.00', '10.00', 4, 110, 108, '2', '0.00'),
(732, '2021-06-28 23:37:42', '0.00', '10.00', 4, 110, 109, '2', '0.00'),
(733, '2021-06-28 23:37:42', '0.00', '10.00', 4, 110, 112, '2', '0.00'),
(734, '2021-06-28 23:37:42', '0.00', '10.00', 4, 110, 113, '2', '20.00'),
(735, '2021-06-28 23:37:42', '0.00', '10.00', 4, 110, 114, '2', '0.00'),
(736, '2021-06-28 23:37:42', '0.00', '10.00', 4, 110, 115, '2', '40.00'),
(737, '2021-06-28 23:37:42', '0.00', '10.00', 4, 110, 116, '2', '0.00'),
(738, '2021-06-28 23:37:42', '0.00', '10.00', 4, 110, 118, '2', '50.00'),
(739, '2021-06-28 23:37:42', '0.00', '10.00', 4, 110, 119, '2', '50.00'),
(740, '2021-06-28 23:37:42', '0.00', '10.00', 4, 110, 120, '2', '150.00'),
(741, '2021-06-28 23:37:42', '0.00', '10.00', 4, 110, 121, '2', '50.00'),
(742, '2021-06-28 23:37:42', '0.00', '10.00', 4, 110, 124, '2', '70.00'),
(743, '2021-06-28 23:37:42', '0.00', '10.00', 4, 110, 126, '2', '20.00'),
(744, '2021-06-28 23:37:42', '0.00', '10.00', 4, 110, 127, '2', '20.00'),
(745, '2021-06-28 23:37:42', '0.00', '10.00', 4, 110, 128, '2', '30.00'),
(746, '2021-06-28 23:37:42', '0.00', '10.00', 4, 110, 129, '2', '100.00'),
(747, '2021-06-28 23:37:42', '0.00', '10.00', 4, 110, 130, '2', '40.00'),
(748, '2021-06-28 23:37:42', '0.00', '10.00', 4, 110, 131, '2', '20.00'),
(749, '2021-06-28 23:37:42', '0.00', '10.00', 4, 110, 132, '2', '70.00'),
(750, '2021-06-28 23:37:42', '0.00', '10.00', 4, 110, 133, '2', '20.00'),
(751, '2021-06-28 23:37:42', '0.00', '10.00', 4, 110, 134, '2', '20.00'),
(752, '2021-06-28 23:37:42', '0.00', '10.00', 4, 110, 135, '2', '20.00'),
(753, '2021-06-28 23:37:42', '0.00', '10.00', 4, 110, 136, '2', '50.00'),
(754, '2021-06-28 23:37:42', '0.00', '10.00', 4, 110, 137, '2', '20.00'),
(755, '2021-06-28 23:37:42', '0.00', '10.00', 4, 110, 138, '2', '20.00'),
(756, '2021-06-28 23:37:42', '0.00', '10.00', 4, 110, 139, '2', '20.00'),
(757, '2021-06-28 23:37:42', '0.00', '10.00', 4, 110, 140, '2', '20.00'),
(758, '2021-06-28 23:37:42', '0.00', '10.00', 4, 110, 141, '2', '40.00'),
(759, '2021-06-28 23:37:42', '0.00', '10.00', 4, 110, 142, '2', '40.00'),
(760, '2021-06-28 23:37:42', '0.00', '10.00', 4, 110, 143, '2', '40.00'),
(761, '2021-06-28 23:37:42', '0.00', '10.00', 4, 110, 144, '2', '40.00'),
(762, '2021-06-28 23:37:42', '0.00', '10.00', 4, 110, 145, '2', '40.00'),
(763, '2021-06-28 23:37:42', '0.00', '10.00', 4, 110, 146, '2', '40.00'),
(764, '2021-06-28 23:39:25', '10.00', '0.00', 1, 110, 135, '', '30.00'),
(765, '2021-06-28 23:40:05', '10.00', '0.00', 1, 110, 136, '', '60.00'),
(766, '2021-06-28 23:41:01', '10.00', '0.00', 1, 110, 137, '', '30.00'),
(767, '2021-06-28 23:41:36', '10.00', '0.00', 1, 110, 138, '', '30.00'),
(768, '2021-06-28 23:42:13', '10.00', '0.00', 1, 110, 139, '', '30.00'),
(769, '2021-06-28 23:42:46', '10.00', '0.00', 1, 110, 140, '', '30.00'),
(770, '2021-06-28 23:43:17', '10.00', '0.00', 1, 110, 141, '', '50.00'),
(771, '2021-06-28 23:43:43', '10.00', '0.00', 1, 110, 142, '', '50.00'),
(772, '2021-06-28 23:44:42', '10.00', '0.00', 1, 110, 143, '', '50.00'),
(773, '2021-06-28 23:45:12', '10.00', '0.00', 1, 110, 144, '', '50.00'),
(774, '2021-06-28 23:45:41', '10.00', '0.00', 1, 110, 145, '', '50.00'),
(775, '2021-06-28 23:46:10', '10.00', '0.00', 1, 110, 146, '', '50.00'),
(776, '2021-06-29 20:27:56', '30.00', '0.00', 1, 110, 72, '', '30.00'),
(777, '2021-06-29 20:28:30', '30.00', '0.00', 1, 110, 72, '', '60.00'),
(778, '2021-07-02 17:25:47', '10.00', '0.00', 1, 110, 101, '', '30.00'),
(779, '2021-07-06 21:08:42', '60.00', '0.00', 1, 110, 33, '', '60.00'),
(780, '2021-07-08 21:03:04', '30.00', '0.00', 1, 110, 61, '', '30.00'),
(781, '2021-07-08 21:05:13', '30.00', '0.00', 1, 110, 61, '', '60.00'),
(782, '2021-07-21 16:23:59', '100.00', '0.00', 1, 110, 51, '', '130.00'),
(783, '2021-07-21 20:46:04', '0.00', '0.00', 2, 110, 70, '', '0.00'),
(784, '2021-07-22 19:25:29', '30.00', '0.00', 1, 110, 24, '', '90.00'),
(785, '2021-07-22 19:26:56', '30.00', '0.00', 1, 110, 24, '', '120.00'),
(786, '2021-07-27 17:06:18', '40.00', '0.00', 1, 110, 112, '', '40.00'),
(787, '2021-07-29 20:28:50', '10.00', '0.00', 1, 110, 130, '', '50.00'),
(788, '2021-08-03 22:03:34', '30.00', '0.00', 1, 110, 28, '', '60.00'),
(789, '2021-08-06 19:26:47', '30.00', '0.00', 1, 110, 76, '', '60.00'),
(790, '2021-08-16 16:47:58', '30.00', '0.00', 1, 110, 64, '', '60.00'),
(791, '2021-08-16 16:49:52', '30.00', '0.00', 1, 110, 64, '', '90.00'),
(792, '2021-08-16 22:35:26', '50.00', '0.00', 1, 110, 147, NULL, '50.00'),
(793, '2021-08-16 23:13:28', '10.00', '0.00', 1, 110, 40, '', '60.00'),
(794, '2021-08-20 16:37:47', '30.00', '0.00', 1, 110, 60, '', '30.00'),
(795, '2021-08-20 16:38:42', '30.00', '0.00', 1, 110, 60, '', '60.00'),
(796, '2021-08-24 20:19:22', '30.00', '0.00', 1, 110, 81, '', '60.00'),
(797, '2021-08-24 20:21:04', '30.00', '0.00', 1, 110, 81, '', '90.00'),
(798, '2021-08-27 19:47:12', '30.00', '0.00', 1, 110, 63, '', '30.00'),
(799, '2021-08-27 19:47:37', '50.00', '0.00', 1, 110, 63, '', '80.00'),
(800, '2021-09-03 23:13:27', '40.00', '0.00', 1, 110, 137, '', '70.00'),
(801, '2021-09-03 23:14:25', '40.00', '0.00', 1, 110, 138, '', '70.00'),
(802, '2021-09-03 23:15:14', '40.00', '0.00', 1, 110, 139, '', '70.00'),
(803, '2021-09-03 23:15:48', '40.00', '0.00', 1, 110, 140, '', '70.00'),
(804, '2021-09-03 23:23:37', '50.00', '0.00', 1, 110, 74, '', '80.00'),
(805, '2021-09-03 23:25:15', '50.00', '0.00', 1, 110, 56, '', '120.00'),
(806, '2021-09-03 23:33:16', '40.00', '0.00', 1, 110, 41, '', '80.00'),
(807, '2021-09-06 20:55:53', '50.00', '0.00', 1, 110, 148, NULL, '50.00'),
(808, '2021-09-06 22:19:11', '10.00', '0.00', 1, 110, 146, '', '60.00'),
(809, '2021-09-08 21:16:50', '30.00', '0.00', 1, 110, 81, '', '120.00'),
(810, '2021-09-10 16:07:57', '50.00', '0.00', 1, 110, 66, '', '80.00'),
(811, '2021-09-10 20:43:19', '80.00', '0.00', 1, 110, 54, '', '80.00'),
(812, '2021-09-10 20:49:59', '20.00', '0.00', 1, 110, 101, '', '50.00'),
(813, '2021-09-13 16:24:33', '50.00', '0.00', 1, 110, 121, '', '100.00'),
(814, '2021-09-13 16:28:05', '20.00', '0.00', 1, 110, 70, '', '20.00'),
(815, '2021-09-13 19:14:33', '80.00', '0.00', 1, 110, 67, '', '80.00'),
(816, '2021-09-13 19:17:13', '20.00', '0.00', 1, 110, 76, '', '80.00'),
(817, '2021-09-14 19:54:55', '80.00', '0.00', 1, 110, 57, '', '80.00'),
(818, '2021-09-14 20:22:09', '80.00', '0.00', 1, 110, 94, '', '80.00'),
(819, '2021-09-15 19:48:41', '80.00', '0.00', 1, 110, 90, '', '80.00'),
(820, '2021-09-20 16:22:11', '50.00', '0.00', 1, 110, 83, '', '50.00'),
(821, '2021-09-21 17:29:30', '50.00', '0.00', 1, 110, 36, '', '80.00'),
(822, '2021-09-29 15:52:31', '20.00', '0.00', 1, 110, 81, '', '140.00'),
(823, '2021-10-04 17:22:34', '40.00', '0.00', 1, 110, 10, '', '90.00'),
(824, '2021-10-05 16:49:14', '50.00', '0.00', 1, 110, 1, '', '100.00'),
(825, '2021-10-05 16:52:17', '30.00', '0.00', 1, 110, 64, '', '120.00'),
(826, '2021-10-14 20:34:47', '40.00', '0.00', 1, 110, 18, '', '90.00'),
(827, '2021-10-16 23:18:48', '1820.00', '0.00', 3, 110, 129, '1', '100.00'),
(828, '2021-10-16 23:18:48', '0.00', '20.00', 4, 110, 1, '1', '80.00'),
(829, '2021-10-16 23:18:48', '0.00', '20.00', 4, 110, 2, '1', '50.00'),
(830, '2021-10-16 23:18:48', '0.00', '20.00', 4, 110, 3, '1', '30.00'),
(831, '2021-10-16 23:18:48', '0.00', '20.00', 4, 110, 4, '1', '90.00'),
(832, '2021-10-16 23:18:48', '0.00', '20.00', 4, 110, 5, '1', '30.00'),
(833, '2021-10-16 23:18:48', '0.00', '20.00', 4, 110, 7, '1', '0.00'),
(834, '2021-10-16 23:18:48', '0.00', '20.00', 4, 110, 8, '1', '0.00'),
(835, '2021-10-16 23:18:48', '0.00', '20.00', 4, 110, 9, '1', '0.00'),
(836, '2021-10-16 23:18:48', '0.00', '20.00', 4, 110, 10, '1', '70.00'),
(837, '2021-10-16 23:18:48', '0.00', '20.00', 4, 110, 11, '1', '10.00'),
(838, '2021-10-16 23:18:48', '0.00', '20.00', 4, 110, 13, '1', '40.00'),
(839, '2021-10-16 23:18:48', '0.00', '20.00', 4, 110, 15, '1', '0.00'),
(840, '2021-10-16 23:18:48', '0.00', '20.00', 4, 110, 16, '1', '0.00'),
(841, '2021-10-16 23:18:48', '0.00', '20.00', 4, 110, 17, '1', '70.00'),
(842, '2021-10-16 23:18:48', '0.00', '20.00', 4, 110, 18, '1', '70.00'),
(843, '2021-10-16 23:18:48', '0.00', '20.00', 4, 110, 23, '1', '0.00'),
(844, '2021-10-16 23:18:48', '0.00', '20.00', 4, 110, 24, '1', '100.00'),
(845, '2021-10-16 23:18:48', '0.00', '20.00', 4, 110, 25, '1', '0.00'),
(846, '2021-10-16 23:18:48', '0.00', '20.00', 4, 110, 28, '1', '40.00'),
(847, '2021-10-16 23:18:48', '0.00', '20.00', 4, 110, 30, '1', '20.00'),
(848, '2021-10-16 23:18:48', '0.00', '20.00', 4, 110, 33, '1', '40.00'),
(849, '2021-10-16 23:18:48', '0.00', '20.00', 4, 110, 36, '1', '60.00'),
(850, '2021-10-16 23:18:48', '0.00', '20.00', 4, 110, 37, '1', '80.00'),
(851, '2021-10-16 23:18:48', '0.00', '20.00', 4, 110, 38, '1', '10.00'),
(852, '2021-10-16 23:18:48', '0.00', '20.00', 4, 110, 39, '1', '10.00'),
(853, '2021-10-16 23:18:48', '0.00', '20.00', 4, 110, 40, '1', '40.00'),
(854, '2021-10-16 23:18:48', '0.00', '20.00', 4, 110, 41, '1', '60.00'),
(855, '2021-10-16 23:18:48', '0.00', '20.00', 4, 110, 42, '1', '130.00'),
(856, '2021-10-16 23:18:48', '0.00', '20.00', 4, 110, 48, '1', '30.00'),
(857, '2021-10-16 23:18:48', '0.00', '20.00', 4, 110, 51, '1', '110.00'),
(858, '2021-10-16 23:18:48', '0.00', '20.00', 4, 110, 54, '1', '60.00'),
(859, '2021-10-16 23:18:48', '0.00', '20.00', 4, 110, 56, '1', '100.00'),
(860, '2021-10-16 23:18:48', '0.00', '20.00', 4, 110, 57, '1', '60.00'),
(861, '2021-10-16 23:18:48', '0.00', '20.00', 4, 110, 60, '1', '40.00'),
(862, '2021-10-16 23:18:48', '0.00', '20.00', 4, 110, 61, '1', '40.00'),
(863, '2021-10-16 23:18:48', '0.00', '20.00', 4, 110, 63, '1', '60.00'),
(864, '2021-10-16 23:18:48', '0.00', '20.00', 4, 110, 64, '1', '100.00'),
(865, '2021-10-16 23:18:48', '0.00', '20.00', 4, 110, 65, '1', '0.00'),
(866, '2021-10-16 23:18:48', '0.00', '20.00', 4, 110, 66, '1', '60.00'),
(867, '2021-10-16 23:18:48', '0.00', '20.00', 4, 110, 67, '1', '60.00'),
(868, '2021-10-16 23:18:48', '0.00', '20.00', 4, 110, 68, '1', '0.00'),
(869, '2021-10-16 23:18:48', '0.00', '20.00', 4, 110, 70, '1', '0.00'),
(870, '2021-10-16 23:18:48', '0.00', '20.00', 4, 110, 71, '1', '10.00'),
(871, '2021-10-16 23:18:48', '0.00', '20.00', 4, 110, 72, '1', '40.00'),
(872, '2021-10-16 23:18:48', '0.00', '20.00', 4, 110, 73, '1', '10.00'),
(873, '2021-10-16 23:18:48', '0.00', '20.00', 4, 110, 74, '1', '60.00'),
(874, '2021-10-16 23:18:48', '0.00', '20.00', 4, 110, 75, '1', '30.00'),
(875, '2021-10-16 23:18:48', '0.00', '20.00', 4, 110, 76, '1', '60.00'),
(876, '2021-10-16 23:18:48', '0.00', '20.00', 4, 110, 77, '1', '40.00'),
(877, '2021-10-16 23:18:48', '0.00', '20.00', 4, 110, 81, '1', '120.00'),
(878, '2021-10-16 23:18:48', '0.00', '20.00', 4, 110, 83, '1', '30.00'),
(879, '2021-10-16 23:18:48', '0.00', '20.00', 4, 110, 88, '1', '0.00'),
(880, '2021-10-16 23:18:48', '0.00', '20.00', 4, 110, 90, '1', '60.00'),
(881, '2021-10-16 23:18:48', '0.00', '20.00', 4, 110, 92, '1', '20.00'),
(882, '2021-10-16 23:18:48', '0.00', '20.00', 4, 110, 94, '1', '60.00'),
(883, '2021-10-16 23:18:48', '0.00', '20.00', 4, 110, 95, '1', '30.00'),
(884, '2021-10-16 23:18:48', '0.00', '20.00', 4, 110, 96, '1', '0.00'),
(885, '2021-10-16 23:18:48', '0.00', '20.00', 4, 110, 98, '1', '0.00'),
(886, '2021-10-16 23:18:48', '0.00', '20.00', 4, 110, 101, '1', '30.00'),
(887, '2021-10-16 23:18:48', '0.00', '20.00', 4, 110, 102, '1', '10.00'),
(888, '2021-10-16 23:18:48', '0.00', '20.00', 4, 110, 105, '1', '30.00'),
(889, '2021-10-16 23:18:48', '0.00', '20.00', 4, 110, 112, '1', '20.00'),
(890, '2021-10-16 23:18:48', '0.00', '20.00', 4, 110, 113, '1', '0.00'),
(891, '2021-10-16 23:18:48', '0.00', '20.00', 4, 110, 115, '1', '20.00'),
(892, '2021-10-16 23:18:48', '0.00', '20.00', 4, 110, 118, '1', '30.00'),
(893, '2021-10-16 23:18:48', '0.00', '20.00', 4, 110, 119, '1', '30.00'),
(894, '2021-10-16 23:18:48', '0.00', '20.00', 4, 110, 120, '1', '130.00'),
(895, '2021-10-16 23:18:48', '0.00', '20.00', 4, 110, 121, '1', '80.00'),
(896, '2021-10-16 23:18:48', '0.00', '20.00', 4, 110, 124, '1', '50.00'),
(897, '2021-10-16 23:18:48', '0.00', '20.00', 4, 110, 126, '1', '0.00'),
(898, '2021-10-16 23:18:48', '0.00', '20.00', 4, 110, 127, '1', '0.00'),
(899, '2021-10-16 23:18:48', '0.00', '20.00', 4, 110, 128, '1', '10.00'),
(900, '2021-10-16 23:18:48', '0.00', '20.00', 4, 110, 130, '1', '30.00'),
(901, '2021-10-16 23:18:48', '0.00', '20.00', 4, 110, 131, '1', '0.00'),
(902, '2021-10-16 23:18:48', '0.00', '20.00', 4, 110, 132, '1', '50.00'),
(903, '2021-10-16 23:18:48', '0.00', '20.00', 4, 110, 133, '1', '0.00'),
(904, '2021-10-16 23:18:48', '0.00', '20.00', 4, 110, 134, '1', '0.00'),
(905, '2021-10-16 23:18:48', '0.00', '20.00', 4, 110, 135, '1', '10.00'),
(906, '2021-10-16 23:18:48', '0.00', '20.00', 4, 110, 136, '1', '40.00'),
(907, '2021-10-16 23:18:48', '0.00', '20.00', 4, 110, 137, '1', '50.00'),
(908, '2021-10-16 23:18:48', '0.00', '20.00', 4, 110, 138, '1', '50.00'),
(909, '2021-10-16 23:18:48', '0.00', '20.00', 4, 110, 139, '1', '50.00'),
(910, '2021-10-16 23:18:48', '0.00', '20.00', 4, 110, 140, '1', '50.00'),
(911, '2021-10-16 23:18:48', '0.00', '20.00', 4, 110, 141, '1', '30.00'),
(912, '2021-10-16 23:18:48', '0.00', '20.00', 4, 110, 142, '1', '30.00'),
(913, '2021-10-16 23:18:48', '0.00', '20.00', 4, 110, 143, '1', '30.00'),
(914, '2021-10-16 23:18:48', '0.00', '20.00', 4, 110, 144, '1', '30.00'),
(915, '2021-10-16 23:18:48', '0.00', '20.00', 4, 110, 145, '1', '30.00'),
(916, '2021-10-16 23:18:48', '0.00', '20.00', 4, 110, 146, '1', '40.00'),
(917, '2021-10-16 23:18:48', '0.00', '20.00', 4, 110, 147, '1', '30.00'),
(918, '2021-10-16 23:18:48', '0.00', '20.00', 4, 110, 148, '1', '30.00'),
(919, '2021-10-16 23:22:09', '710.00', '0.00', 3, 110, 101, '2', '30.00'),
(920, '2021-10-16 23:22:09', '0.00', '10.00', 4, 110, 1, '2', '70.00'),
(921, '2021-10-16 23:22:09', '0.00', '10.00', 4, 110, 2, '2', '40.00'),
(922, '2021-10-16 23:22:09', '0.00', '10.00', 4, 110, 3, '2', '20.00'),
(923, '2021-10-16 23:22:09', '0.00', '10.00', 4, 110, 4, '2', '80.00'),
(924, '2021-10-16 23:22:09', '0.00', '10.00', 4, 110, 5, '2', '20.00'),
(925, '2021-10-16 23:22:09', '0.00', '10.00', 4, 110, 10, '2', '60.00'),
(926, '2021-10-16 23:22:09', '0.00', '10.00', 4, 110, 11, '2', '0.00'),
(927, '2021-10-16 23:22:09', '0.00', '10.00', 4, 110, 13, '2', '30.00'),
(928, '2021-10-16 23:22:09', '0.00', '10.00', 4, 110, 17, '2', '60.00'),
(929, '2021-10-16 23:22:09', '0.00', '10.00', 4, 110, 18, '2', '60.00'),
(930, '2021-10-16 23:22:09', '0.00', '10.00', 4, 110, 24, '2', '90.00'),
(931, '2021-10-16 23:22:09', '0.00', '10.00', 4, 110, 28, '2', '30.00'),
(932, '2021-10-16 23:22:09', '0.00', '10.00', 4, 110, 30, '2', '10.00'),
(933, '2021-10-16 23:22:09', '0.00', '10.00', 4, 110, 33, '2', '30.00'),
(934, '2021-10-16 23:22:09', '0.00', '10.00', 4, 110, 36, '2', '50.00'),
(935, '2021-10-16 23:22:09', '0.00', '10.00', 4, 110, 37, '2', '70.00'),
(936, '2021-10-16 23:22:09', '0.00', '10.00', 4, 110, 38, '2', '0.00'),
(937, '2021-10-16 23:22:09', '0.00', '10.00', 4, 110, 39, '2', '0.00'),
(938, '2021-10-16 23:22:09', '0.00', '10.00', 4, 110, 40, '2', '30.00'),
(939, '2021-10-16 23:22:09', '0.00', '10.00', 4, 110, 41, '2', '50.00'),
(940, '2021-10-16 23:22:09', '0.00', '10.00', 4, 110, 42, '2', '120.00'),
(941, '2021-10-16 23:22:09', '0.00', '10.00', 4, 110, 48, '2', '20.00'),
(942, '2021-10-16 23:22:09', '0.00', '10.00', 4, 110, 51, '2', '100.00'),
(943, '2021-10-16 23:22:09', '0.00', '10.00', 4, 110, 54, '2', '50.00'),
(944, '2021-10-16 23:22:09', '0.00', '10.00', 4, 110, 56, '2', '90.00'),
(945, '2021-10-16 23:22:09', '0.00', '10.00', 4, 110, 57, '2', '50.00'),
(946, '2021-10-16 23:22:09', '0.00', '10.00', 4, 110, 60, '2', '30.00'),
(947, '2021-10-16 23:22:09', '0.00', '10.00', 4, 110, 61, '2', '30.00'),
(948, '2021-10-16 23:22:09', '0.00', '10.00', 4, 110, 63, '2', '50.00'),
(949, '2021-10-16 23:22:09', '0.00', '10.00', 4, 110, 64, '2', '90.00'),
(950, '2021-10-16 23:22:09', '0.00', '10.00', 4, 110, 66, '2', '50.00'),
(951, '2021-10-16 23:22:09', '0.00', '10.00', 4, 110, 67, '2', '50.00'),
(952, '2021-10-16 23:22:09', '0.00', '10.00', 4, 110, 71, '2', '0.00'),
(953, '2021-10-16 23:22:09', '0.00', '10.00', 4, 110, 72, '2', '30.00'),
(954, '2021-10-16 23:22:09', '0.00', '10.00', 4, 110, 73, '2', '0.00'),
(955, '2021-10-16 23:22:09', '0.00', '10.00', 4, 110, 74, '2', '50.00'),
(956, '2021-10-16 23:22:09', '0.00', '10.00', 4, 110, 75, '2', '20.00'),
(957, '2021-10-16 23:22:09', '0.00', '10.00', 4, 110, 76, '2', '50.00'),
(958, '2021-10-16 23:22:09', '0.00', '10.00', 4, 110, 77, '2', '30.00'),
(959, '2021-10-16 23:22:09', '0.00', '10.00', 4, 110, 81, '2', '110.00'),
(960, '2021-10-16 23:22:09', '0.00', '10.00', 4, 110, 83, '2', '20.00'),
(961, '2021-10-16 23:22:09', '0.00', '10.00', 4, 110, 90, '2', '50.00'),
(962, '2021-10-16 23:22:09', '0.00', '10.00', 4, 110, 92, '2', '10.00'),
(963, '2021-10-16 23:22:09', '0.00', '10.00', 4, 110, 94, '2', '50.00'),
(964, '2021-10-16 23:22:09', '0.00', '10.00', 4, 110, 95, '2', '20.00'),
(965, '2021-10-16 23:22:09', '0.00', '10.00', 4, 110, 102, '2', '0.00'),
(966, '2021-10-16 23:22:09', '0.00', '10.00', 4, 110, 105, '2', '20.00'),
(967, '2021-10-16 23:22:09', '0.00', '10.00', 4, 110, 112, '2', '10.00'),
(968, '2021-10-16 23:22:09', '0.00', '10.00', 4, 110, 115, '2', '10.00'),
(969, '2021-10-16 23:22:09', '0.00', '10.00', 4, 110, 118, '2', '20.00'),
(970, '2021-10-16 23:22:09', '0.00', '10.00', 4, 110, 119, '2', '20.00'),
(971, '2021-10-16 23:22:09', '0.00', '10.00', 4, 110, 120, '2', '120.00'),
(972, '2021-10-16 23:22:09', '0.00', '10.00', 4, 110, 121, '2', '70.00'),
(973, '2021-10-16 23:22:09', '0.00', '10.00', 4, 110, 124, '2', '40.00'),
(974, '2021-10-16 23:22:09', '0.00', '10.00', 4, 110, 128, '2', '0.00'),
(975, '2021-10-16 23:22:09', '0.00', '10.00', 4, 110, 130, '2', '20.00'),
(976, '2021-10-16 23:22:09', '0.00', '10.00', 4, 110, 132, '2', '40.00'),
(977, '2021-10-16 23:22:09', '0.00', '10.00', 4, 110, 135, '2', '0.00'),
(978, '2021-10-16 23:22:09', '0.00', '10.00', 4, 110, 136, '2', '30.00'),
(979, '2021-10-16 23:22:09', '0.00', '10.00', 4, 110, 137, '2', '40.00'),
(980, '2021-10-16 23:22:09', '0.00', '10.00', 4, 110, 138, '2', '40.00'),
(981, '2021-10-16 23:22:09', '0.00', '10.00', 4, 110, 139, '2', '40.00'),
(982, '2021-10-16 23:22:09', '0.00', '10.00', 4, 110, 140, '2', '40.00'),
(983, '2021-10-16 23:22:09', '0.00', '10.00', 4, 110, 141, '2', '20.00'),
(984, '2021-10-16 23:22:09', '0.00', '10.00', 4, 110, 142, '2', '20.00'),
(985, '2021-10-16 23:22:09', '0.00', '10.00', 4, 110, 143, '2', '20.00'),
(986, '2021-10-16 23:22:09', '0.00', '10.00', 4, 110, 144, '2', '20.00'),
(987, '2021-10-16 23:22:09', '0.00', '10.00', 4, 110, 145, '2', '20.00'),
(988, '2021-10-16 23:22:09', '0.00', '10.00', 4, 110, 146, '2', '30.00'),
(989, '2021-10-16 23:22:09', '0.00', '10.00', 4, 110, 147, '2', '20.00'),
(990, '2021-10-16 23:22:09', '0.00', '10.00', 4, 110, 148, '2', '20.00'),
(991, '2021-10-18 21:34:43', '0.00', '0.00', 2, 110, 70, '', '0.00'),
(992, '2021-10-19 16:50:14', '30.00', '0.00', 1, 110, 74, '', '80.00'),
(993, '2021-11-10 11:17:18', '0.00', '30.00', 5, 110, 1, NULL, '40.00'),
(994, '2021-11-10 11:19:27', '0.00', '30.00', 5, 110, 2, NULL, '10.00'),
(995, '2021-11-11 20:35:33', '30.00', '0.00', 1, 110, 39, '', '30.00'),
(996, '2021-11-11 20:39:37', '30.00', '0.00', 1, 110, 39, '', '60.00'),
(997, '2021-11-11 08:47:36', '0.00', '30.00', 5, 110, 4, NULL, '50.00'),
(998, '2021-11-16 18:59:36', '70.00', '0.00', 1, 110, 23, '', '70.00'),
(999, '2021-11-16 09:45:31', '0.00', '30.00', 5, 110, 23, NULL, '40.00'),
(1000, '2021-11-16 10:57:51', '0.00', '30.00', 5, 110, 24, NULL, '60.00'),
(1001, '2021-11-16 11:04:20', '0.00', '30.00', 5, 110, 94, NULL, '20.00'),
(1002, '2021-11-16 11:18:20', '0.00', '30.00', 5, 110, 74, NULL, '50.00'),
(1003, '2021-11-18 09:26:50', '0.00', '30.00', 5, 110, 37, NULL, '40.00'),
(1004, '2021-11-18 09:32:38', '0.00', '30.00', 5, 110, 41, NULL, '20.00'),
(1005, '2021-11-18 09:36:58', '0.00', '30.00', 5, 110, 42, NULL, '90.00'),
(1006, '2021-11-18 09:41:23', '0.00', '30.00', 5, 110, 51, NULL, '70.00'),
(1007, '2021-11-18 09:46:14', '0.00', '30.00', 5, 110, 54, NULL, '20.00'),
(1008, '2021-11-18 09:53:47', '0.00', '30.00', 5, 110, 56, NULL, '60.00'),
(1009, '2021-11-18 09:56:19', '0.00', '30.00', 5, 110, 57, NULL, '20.00'),
(1010, '2021-11-18 10:03:15', '0.00', '30.00', 5, 110, 63, NULL, '20.00'),
(1011, '2021-11-25 20:46:54', '60.00', '0.00', 1, 110, 30, '', '70.00'),
(1012, '2021-11-25 20:51:46', '60.00', '0.00', 1, 110, 32, '', '60.00'),
(1013, '2021-11-26 20:55:52', '30.00', '0.00', 1, 110, 71, '', '30.00'),
(1014, '2021-11-26 20:56:44', '60.00', '0.00', 1, 110, 71, '', '90.00'),
(1015, '2021-11-26 22:44:54', '60.00', '0.00', 1, 110, 102, '', '60.00'),
(1016, '2021-11-26 11:11:34', '0.00', '30.00', 5, 110, 102, NULL, '30.00'),
(1017, '2021-12-02 17:37:31', '120.00', '0.00', 1, 110, 35, '', '120.00'),
(1018, '2021-12-02 18:19:23', '0.00', '30.00', 5, 110, 35, NULL, '90.00'),
(1019, '2021-12-13 16:44:49', '90.00', '0.00', 1, 110, 26, '', '90.00'),
(1020, '2022-01-24 16:50:44', '60.00', '0.00', 1, 110, 28, '', '90.00'),
(1021, '2022-01-25 09:44:40', '0.00', '30.00', 5, 110, 64, NULL, '60.00'),
(1022, '2022-01-25 09:50:20', '0.00', '30.00', 5, 110, 81, NULL, '80.00'),
(1023, '2022-01-25 09:59:03', '0.00', '30.00', 5, 110, 39, NULL, '30.00'),
(1024, '2022-01-25 10:05:17', '0.00', '30.00', 5, 110, 30, NULL, '40.00'),
(1025, '2022-01-25 10:07:32', '0.00', '30.00', 5, 110, 71, NULL, '60.00'),
(1026, '2022-01-25 10:14:14', '0.00', '30.00', 5, 110, 35, NULL, '60.00'),
(1027, '2022-01-25 10:15:11', '0.00', '30.00', 5, 110, 26, NULL, '60.00'),
(1028, '2022-01-25 10:16:05', '0.00', '30.00', 5, 110, 28, NULL, '60.00'),
(1029, '2022-01-25 11:11:52', '0.00', '30.00', 5, 110, 4, NULL, '20.00'),
(1030, '2022-01-27 09:48:38', '0.00', '30.00', 5, 110, 17, NULL, '30.00'),
(1031, '2022-01-27 09:50:52', '0.00', '30.00', 5, 110, 18, NULL, '30.00'),
(1032, '2022-01-27 09:53:26', '0.00', '30.00', 5, 110, 32, NULL, '30.00'),
(1033, '2022-01-27 09:55:37', '0.00', '30.00', 5, 110, 37, NULL, '10.00'),
(1034, '2022-01-27 09:59:11', '0.00', '30.00', 5, 110, 67, NULL, '20.00'),
(1035, '2022-01-27 10:02:24', '0.00', '30.00', 5, 110, 90, NULL, '20.00'),
(1036, '2022-03-01 22:33:24', '40.00', '0.00', 1, 110, 41, '', '60.00'),
(1037, '2022-03-01 23:58:35', '90.00', '0.00', 1, 110, 127, '', '90.00'),
(1038, '2022-03-14 16:25:49', '30.00', '0.00', 1, 110, 67, '', '50.00'),
(1039, '2022-03-14 16:28:02', '0.00', '30.00', 5, 110, 67, NULL, '20.00'),
(1040, '2022-03-14 16:33:14', '30.00', '0.00', 1, 110, 128, '', '30.00'),
(1041, '2022-03-14 16:34:55', '0.00', '30.00', 5, 110, 128, NULL, '0.00'),
(1042, '2022-03-14 16:36:15', '60.00', '0.00', 1, 110, 128, '', '60.00'),
(1043, '2022-03-14 17:16:42', '0.00', '30.00', 5, 110, 127, NULL, '60.00'),
(1044, '2022-03-21 19:41:27', '40.00', '0.00', 1, 110, 140, '', '80.00'),
(1045, '2022-03-21 10:49:06', '0.00', '30.00', 5, 110, 140, NULL, '50.00'),
(1046, '2022-03-28 17:17:28', '30.00', '0.00', 1, 110, 63, '', '50.00'),
(1047, '2022-03-28 17:27:17', '0.00', '30.00', 5, 110, 63, NULL, '20.00'),
(1048, '2022-04-04 16:10:42', '50.00', '0.00', 1, 110, 149, NULL, '50.00'),
(1049, '2022-04-04 16:52:54', '10.00', '0.00', 1, 110, 1, '', '50.00'),
(1050, '2022-04-11 16:04:45', '30.00', '0.00', 1, 110, 77, '', '60.00'),
(1051, '2022-04-11 16:06:15', '0.00', '30.00', 5, 110, 77, NULL, '30.00'),
(1052, '2022-04-11 16:07:29', '30.00', '0.00', 1, 110, 77, '', '60.00'),
(1053, '2022-04-19 17:19:52', '100.00', '0.00', 1, 110, 27, '', '100.00'),
(1054, '2022-04-19 17:59:11', '0.00', '30.00', 5, 110, 27, NULL, '70.00'),
(1055, '2022-04-19 18:01:00', '0.00', '30.00', 5, 110, 27, NULL, '40.00'),
(1056, '2022-04-19 18:05:12', '0.00', '30.00', 5, 110, 41, NULL, '30.00'),
(1057, '2022-06-14 22:27:32', '70.00', '0.00', 1, 110, 5, '', '90.00'),
(1058, '2022-06-14 10:29:08', '0.00', '30.00', 5, 110, 5, NULL, '60.00'),
(1059, '2022-06-17 19:36:29', '80.00', '0.00', 1, 110, 43, '', '80.00'),
(1060, '2022-06-17 08:38:28', '0.00', '30.00', 5, 110, 5, NULL, '60.00'),
(1061, '2022-06-17 08:40:16', '0.00', '30.00', 5, 110, 43, NULL, '50.00'),
(1062, '2022-06-17 08:42:34', '0.00', '30.00', 5, 110, 43, NULL, '50.00'),
(1063, '2022-07-04 16:13:04', '60.00', '0.00', 1, 110, 24, '', '120.00'),
(1064, '2022-07-04 16:18:06', '0.00', '30.00', 5, 110, 24, NULL, '90.00'),
(1065, '2022-08-15 17:12:32', '60.00', '0.00', 1, 110, 58, '', '60.00'),
(1066, '2022-08-15 17:17:54', '0.00', '30.00', 5, 110, 58, NULL, '30.00'),
(1067, '2022-08-15 17:19:30', '0.00', '30.00', 5, 110, 58, NULL, '0.00'),
(1068, '2022-08-15 17:21:22', '60.00', '0.00', 1, 110, 58, '', '60.00'),
(1069, '2022-08-16 17:37:44', '40.00', '0.00', 1, 110, 144, '', '60.00'),
(1070, '2022-08-16 22:12:10', '40.00', '0.00', 1, 110, 143, '', '60.00'),
(1071, '2022-08-30 21:46:21', '70.00', '0.00', 1, 110, 90, '', '90.00'),
(1072, '2022-08-30 09:49:47', '0.00', '30.00', 5, 110, 90, NULL, '60.00'),
(1073, '2022-08-30 09:58:30', '0.00', '30.00', 5, 110, 90, NULL, '60.00'),
(1074, '2022-09-13 21:45:12', '100.00', '0.00', 1, 110, 48, '', '120.00'),
(1075, '2022-09-13 09:46:39', '0.00', '30.00', 5, 110, 48, NULL, '90.00'),
(1076, '2022-09-13 09:48:52', '0.00', '30.00', 5, 110, 48, NULL, '90.00'),
(1077, '2022-09-13 09:51:01', '0.00', '30.00', 5, 110, 48, NULL, '90.00'),
(1078, '2022-09-26 17:13:59', '90.00', '0.00', 1, 110, 33, '', '120.00'),
(1079, '2022-09-26 17:18:04', '0.00', '30.00', 5, 110, 33, NULL, '90.00'),
(1080, '2022-09-26 17:19:29', '0.00', '30.00', 5, 110, 33, NULL, '60.00'),
(1081, '2022-09-26 17:20:46', '0.00', '30.00', 5, 110, 33, NULL, '30.00'),
(1082, '2022-10-13 18:23:55', '70.00', '0.00', 1, 110, 56, '', '130.00'),
(1083, '2022-10-13 07:36:11', '0.00', '30.00', 5, 110, 56, NULL, '100.00'),
(1084, '2022-10-13 19:47:18', '80.00', '0.00', 1, 110, 95, '', '100.00'),
(1085, '2022-10-13 07:48:35', '0.00', '30.00', 5, 110, 95, NULL, '70.00'),
(1086, '2022-10-13 07:50:25', '0.00', '30.00', 5, 110, 95, NULL, '70.00'),
(1087, '2022-10-20 16:37:57', '70.00', '0.00', 1, 110, 54, '', '90.00'),
(1088, '2022-10-20 16:41:34', '0.00', '30.00', 5, 110, 54, NULL, '60.00'),
(1089, '2022-10-20 16:43:12', '0.00', '30.00', 5, 110, 54, NULL, '30.00'),
(1090, '2022-10-25 16:18:27', '30.00', '0.00', 1, 110, 127, '', '90.00'),
(1091, '2022-10-25 16:20:40', '0.00', '30.00', 5, 110, 127, NULL, '60.00'),
(1092, '2022-11-02 16:34:11', '30.00', '0.00', 1, 110, 64, '', '90.00'),
(1093, '2022-11-02 16:35:28', '0.00', '30.00', 5, 110, 64, NULL, '60.00'),
(1094, '2022-11-04 19:47:11', '30.00', '0.00', 1, 110, 81, '', '110.00'),
(1095, '2022-11-04 07:48:28', '0.00', '30.00', 5, 110, 81, NULL, '80.00'),
(1096, '2022-11-07 17:38:44', '100.00', '0.00', 1, 110, 40, '', '130.00'),
(1097, '2022-11-07 17:40:37', '0.00', '30.00', 5, 110, 40, NULL, '100.00'),
(1098, '2022-11-07 17:41:49', '0.00', '30.00', 5, 110, 40, NULL, '70.00'),
(1099, '2022-11-07 17:42:44', '0.00', '30.00', 5, 110, 40, NULL, '40.00'),
(1100, '2022-11-11 23:50:40', '110.00', '0.00', 1, 110, 115, '', '120.00'),
(1101, '2022-11-11 11:56:26', '0.00', '30.00', 5, 110, 115, NULL, '90.00'),
(1102, '2022-11-11 11:57:33', '0.00', '30.00', 5, 110, 115, NULL, '90.00'),
(1103, '2022-11-11 11:58:42', '0.00', '30.00', 5, 110, 115, NULL, '90.00'),
(1104, '2022-11-15 17:35:39', '70.00', '0.00', 1, 110, 10, '', '130.00'),
(1105, '2022-11-15 17:37:53', '0.00', '30.00', 5, 110, 10, NULL, '100.00'),
(1106, '2022-11-15 21:08:13', '40.00', '0.00', 1, 110, 74, '', '90.00'),
(1107, '2022-11-15 09:17:34', '0.00', '30.00', 5, 110, 74, NULL, '60.00'),
(1108, '2022-11-15 22:45:24', '100.00', '0.00', 1, 110, 1, '', '150.00'),
(1109, '2022-11-15 10:47:16', '0.00', '30.00', 5, 110, 1, NULL, '120.00'),
(1110, '2022-11-16 18:24:36', '60.00', '0.00', 1, 110, 18, '', '90.00'),
(1111, '2022-11-16 18:26:23', '0.00', '30.00', 5, 110, 18, NULL, '60.00'),
(1112, '2022-11-16 18:27:34', '0.00', '30.00', 5, 110, 18, NULL, '30.00'),
(1113, '2022-11-17 18:10:45', '50.00', '0.00', 1, 110, 30, '', '90.00'),
(1114, '2022-11-17 18:12:13', '0.00', '30.00', 5, 110, 30, NULL, '60.00'),
(1115, '2022-11-24 16:56:37', '60.00', '0.00', 1, 110, 141, '', '80.00'),
(1116, '2022-11-24 16:58:05', '0.00', '30.00', 5, 110, 141, NULL, '50.00'),
(1117, '2022-11-28 23:19:15', '100.00', '0.00', 1, 110, 120, '', '220.00'),
(1118, '2022-11-28 11:20:54', '0.00', '30.00', 5, 110, 120, NULL, '190.00'),
(1119, '2022-12-09 17:26:07', '30.00', '0.00', 1, 110, 28, '', '90.00'),
(1120, '2022-12-09 17:27:29', '0.00', '30.00', 5, 110, 28, NULL, '60.00'),
(1121, '2022-12-12 17:12:19', '100.00', '0.00', 1, 110, 96, '', '100.00'),
(1122, '2022-12-12 17:15:37', '0.00', '30.00', 5, 110, 96, NULL, '70.00'),
(1123, '2022-12-12 17:16:23', '0.00', '30.00', 5, 110, 96, NULL, '40.00'),
(1124, '2022-12-12 17:17:28', '0.00', '30.00', 5, 110, 96, NULL, '10.00'),
(1125, '2022-12-13 17:45:33', '120.00', '0.00', 1, 110, 12, '', '120.00'),
(1126, '2022-12-13 17:47:57', '0.00', '30.00', 5, 110, 12, NULL, '90.00'),
(1127, '2022-12-13 17:49:04', '0.00', '30.00', 5, 110, 12, NULL, '60.00');

-- --------------------------------------------------------

--
-- Table structure for table `users`
--

CREATE TABLE `users` (
  `id` int(11) NOT NULL,
  `date` datetime DEFAULT CURRENT_TIMESTAMP,
  `user_name` varchar(100) DEFAULT NULL,
  `email` varchar(100) DEFAULT NULL,
  `phone` text NOT NULL,
  `password` varchar(100) DEFAULT NULL,
  `first_name` varchar(100) DEFAULT NULL,
  `last_name` varchar(100) DEFAULT NULL,
  `middle_name` varchar(25) NOT NULL,
  `suffix` varchar(25) NOT NULL,
  `date_of_birth` varchar(10) DEFAULT NULL,
  `privilege` int(11) DEFAULT NULL,
  `rank` varchar(11) DEFAULT NULL,
  `img_path` varchar(150) DEFAULT NULL,
  `folderpath` varchar(100) NOT NULL,
  `status` int(11) DEFAULT '1',
  `change_status_date` datetime DEFAULT NULL,
  `zerobal_instance` int(11) DEFAULT '0'
) ENGINE=InnoDB DEFAULT CHARSET=latin1;

--
-- Dumping data for table `users`
--

INSERT INTO `users` (`id`, `date`, `user_name`, `email`, `phone`, `password`, `first_name`, `last_name`, `middle_name`, `suffix`, `date_of_birth`, `privilege`, `rank`, `img_path`, `folderpath`, `status`, `change_status_date`, `zerobal_instance`) VALUES
(1, '2019-11-28 00:00:01', '2019-00000001', 'ccccboyet@yahoo.com', '09281799389', '772103086df2caa842aad5307257b0ab', 'RAFAEL', 'DORONA', 'FERNANDEZ', 'JR', '1973-09-21', 2, 'MASTER MARI', 'folder/RAFAEL_DORONA/RAFAEL_DORONA.png', 'folder/RAFAEL_DORONA', 1, NULL, 0),
(2, '2019-11-28 00:00:02', '2019-00000002', 'felixgarciano90@gmail.com', '09212421214', '0fb63052e7b7f41c2c953ba896138876', 'FELIX', 'GARCIANO', 'JUARIO', '', '1978-06-11', 2, 'C/O', 'folder/FELIX_GARCIANO/FELIX_GARCIANO.png', 'folder/FELIX_GARCIANO', 1, NULL, 0),
(3, '2019-11-28 00:00:03', '2019-00000003', 'gve.esber@yahoo.com', '09198249954', 'c7161467118b65d1cf5a0a957e0b2674', 'GLENN', 'ESBER', 'VERGARA', '', '1961-09-25', 2, 'C/E', 'folder/GLENN_ESBER/GLENN_VERGARA.png', 'folder/GLENN_ESBER', 1, NULL, 0),
(4, '2019-11-28 00:00:04', '2019-00000004', 'jimmypedro18@yahoo.com', '09198538012', '942e0f2e665d872404344939a3e14b76', 'JIMMY', 'PEDRO', 'BELIOT', '', '1971-03-18', 2, '1A/E', 'folder/JIMMY_PEDRO/JIMMY_PEDRO.png', 'folder/JIMMY_PEDRO', 1, NULL, 0),
(5, '2019-11-28 00:00:05', '2019-00000005', 'cabilaoluther78@gmail.com', '09291891020', 'a84cfcdf42c835e804e37696ded74787', 'LUTHER', 'CABILAO', 'RAMESES', '', '1974-09-06', 2, '2/O', 'folder/LUTHER_CABILAO/LUTHER_CABILAO.png', 'folder/LUTHER_CABILAO', 1, NULL, 0),
(6, '2019-11-28 00:00:06', '2019-00000006', 'malonmagno27@yahoo.com', '09182819893', '52ba149fc6dc0c616da8e14f52afda31', 'MARLON', 'MAGNO', 'DE JESUS', '', '1984-08-16', 2, '3/O', 'folder/MARLON_MAGNO/MARLON_MAGNO.png', 'folder/MARLON_MAGNO', 1, NULL, 2),
(7, '2019-11-28 00:00:07', '2019-00000007', 'ardie.salazar@gmail.com', '09082989512', '9ade228acdaf8cdb3598e3c0fe15c5fb', 'ARDIE', 'SALAZAR', 'DAMIAGO', '', '1986-01-03', 2, 'SA/E', 'folder/ARDIE_SALAZAR/ARDIE_SALAZAR.png', 'folder/ARDIE_SALAZAR', 1, NULL, 1),
(8, '2019-11-28 00:00:08', '2019-00000008', 'jp.adion @yahoo.com', '09293298807', '2d9f0e92c8b9422d42dfe19f4a40e307', 'JAYPEE', 'ADION', 'CERVANTES', '', '1984-07-22', 2, '3A/E', 'folder/JAYPEE_ADION/JAYPEE_ADION.png', 'folder/JAYPEE_ADION', 1, NULL, 1),
(9, '2019-11-28 00:00:09', '2019-00000009', 'emmanuelfelisilda@gmail.com', '09192238547', 'f9d641fcd50160ce756e64d95694bc50', 'EMMANUEL', 'FELISILDA', 'ESCALERA', '', '1980-01-29', 2, 'BSN', 'folder/EMMANUEL_FELISILDA/EMMANUEL_FELISILDA.png', 'folder/EMMANUEL_FELISILDA', 1, NULL, 1),
(10, '2019-11-28 00:00:10', '2019-00000010', 'maylendiaz53@yahoo.com', '09184433389', '0c340f292ad5d6a3b94ffbf28f00cfea', 'MARVIN', 'DIAZ', 'CHIONG', '', '1982-01-01', 2, 'AB', 'folder/MARVIN_DIAZ/MARVIN_DIAZ.png', 'folder/MARVIN_DIAZ', 1, NULL, 0),
(11, '2019-11-28 00:00:11', '2019-00000011', 'pahakbaniknik@yahoo.com', '09274759842', '5a1ed8143816b1f633ef63c601318f16', 'JUANITO', 'OPERIANO', 'RUSIANA', '', '1987-12-13', 2, 'AB', 'folder/JUANITO_OPERIANO/JUANITO_OPERIANO.png', 'folder/JUANITO_OPERIANO', 1, NULL, 0),
(12, '2019-11-28 00:00:12', '2019-00000012', 'dai30073@gmail.com', '09953581498', 'ab155a5f83968c38ffa7d958d2d17dda', 'ERIC', 'DOYDORA', '', '', '1988-10-28', 2, 'O/S', 'folder/ERIC_DOYDORA/ERIC_DOYDORA.png', 'folder/ERIC_DOYDORA', 1, NULL, 2),
(13, '2019-11-28 00:00:13', '2019-00000013', 'ferdimarkcostelo@yahoo.com', '09213127868', '776f1da7c785f0ddf17472b33ffd7542', 'FERDIMARK', 'COSTELO', 'GONZALES', '', '1980-09-11', 2, 'OLR', 'folder/FERDIMARK_COSTELO/FERDIMARK_COSTELO.png', 'folder/FERDIMARK_COSTELO', 1, NULL, 0),
(14, '2019-11-28 00:00:14', '2019-00000014', 'ericbucacao2017@gmail.com', '09398023935', '1084152c9fb8bd0bb7f15c6c1aff2d66', 'ERIC', 'BUCACAO', 'DIONALDO', '', '1985-07-11', 2, 'OLR', 'folder/ERIC_BUCACAO/ERIC_BUCACAO.png', 'folder/ERIC_BUCACAO', 1, NULL, 2),
(15, '2019-11-28 00:00:15', '2019-00000015', 'dellevajonathan@yahoo.com.ph', '09109989567', 'bf5a537b46abd682dbaf1d514cb31912', 'JONATHAN', 'DELLEVA', 'DEOCAMPO', '', '1990-07-15', 2, 'OLR', 'folder/JONATHAN_DELLEVA/20190528_112553.jpg', 'folder/JONATHAN_DELLEVA', 1, NULL, 1),
(16, '2019-11-28 00:00:16', '2019-00000016', 'maimai091877@gmail.com', '', 'faaea944564a8f69a3b12e9cd007b7d0', 'MICHAELO', 'PAGALING', 'OMAHOY', '', '1977-09-18', 2, 'C/CK', 'folder/MICHAELO_PAGALING/MICHAELO_PAGALING.png', 'folder/MICHAELO_PAGALING', 1, NULL, 1),
(17, '2019-11-28 00:00:17', '2019-00000017', 'jerome_barnuevo20@yahoo.com', '09753844736', '5965f870c05921477d68730008f6cb23', 'JEROME', 'BARNUEVO', 'MAROLLANO', '', '1995-12-28', 2, 'D/CDT', 'folder/JEROME_BARNUEVO/JEROME_BARNUEVO.png', 'folder/JEROME_BARNUEVO', 1, NULL, 0),
(18, '2019-12-05 00:00:01', '2019-00000018', 'victorbuendiamiranda@gmail.com', '09995369551', 'a83272c2c425ed8d7cf8d27f8d3b18bc', 'VICTOR', 'MIRANDA', 'BUENDIA', '', '1963-05-16', 2, 'C/E', 'folder/VICTOR_MIRANDA/VICTOR_MIRANDA.png', 'folder/VICTOR_MIRANDA', 1, NULL, 0),
(19, '2019-12-05 00:00:02', '2019-00000019', 'bbb03241972@gmail.com', '09065729511', '82d3e8c2ce8e6a2b2b8b4e3bff4cb46b', 'MANUELITO', 'PANTALEON', 'ESMERO', '', '1972-03-24', 2, '', 'folder/MANUELITO_PANTALEON/MANUELITO_PANTALEON.png', 'folder/MANUELITO_PANTALEON', 1, NULL, 2),
(20, '2019-12-08 00:00:01', '2019-00000020', 'markanthony_banggawan@gyahoo.com', '09215667642', '8b55957136a1dc452b3a48d8d73e7851', 'MARK ANTHONY', 'BANGGAWAN', 'RABAYA', '', '1981-02-24', 2, '', 'folder/MARK ANTHONY_BANGGAWAN/BANGGAWAN PIC.jpg', 'folder/MARK ANTHONY_BANGGAWAN', 1, NULL, 2),
(21, '2019-12-08 00:00:02', '2019-00000021', 'kingskie0314@yahoo.com', '09107820657', 'b99d7a4f9829df4f6871dd5ed2e52eaf', 'MICHAEL', 'PEDRO', 'MAGKILAT', '', '1981-01-05', 2, '', 'folder/MICHAEL_PEDRO/MICHAEL_PEDRO.png', 'folder/MICHAEL_PEDRO', 1, NULL, 2),
(22, '2019-12-08 00:00:03', '2019-00000022', 'eleseocombinido@gmail.com', '09495964479', '1140be44ca3d475c23188a1f605a6962', 'ELESEO', 'COMBINIDO', 'ANOVER', 'JR', '1986-07-01', 2, '2ND ASSISTA', 'folder/ELESEO_COMBINIDO/ELESEO_COMBINIDO.png', 'folder/ELESEO_COMBINIDO', 1, NULL, 2),
(23, '2019-12-08 00:00:04', '2019-00000023', 'jimzmilagrosa3@gmail.com', '09494532862', 'db1fc742aecb8768635b109dd28ec61b', 'JIMMY', 'MILAGROSA', 'SORENTO', '', '1968-06-15', 2, 'MASTER', 'folder/JIMMY_MILAGROSA/JIMMY_MILAGROSA.png', 'folder/JIMMY_MILAGROSA', 1, NULL, 1),
(24, '2019-12-11 00:00:01', '2019-00000024', 'jswong03@gmail.com', '09277164732', 'c6d6b5c4b0487b3c9857192fa1ed9b2c', 'JOEL', 'WONG', 'SORIA', '', '1959-01-12', 2, '', 'folder/JOEL_WONG/JOEL_WONG.png', 'folder/JOEL_WONG', 1, NULL, 0),
(25, '2019-12-12 00:00:02', '2019-00000025', 'jjakern00@gmail.com', '09086468213', 'b2fa3eac8c0e73eba655a13131d5d7a0', 'JAMESON', 'NIADAS', 'SIGUE', '', '1985-09-11', 2, 'OILER', 'folder/JAMESON_NIADAS/JAMESON_NIADAS.png', 'folder/JAMESON_NIADAS', 1, NULL, 1),
(26, '2019-12-13 00:00:01', '2019-00000026', 'kentcordz@yahoo.com', '09996534270', '746f6005cbc75566f8dc935c98b35f7e', 'ARTHUR', 'CORDERO', 'WAYAS', '', '1968-05-11', 2, '', 'folder/ARTHUR_CORDERO/ARTHUR_CORDERO.png', 'folder/ARTHUR_CORDERO', 1, NULL, 2),
(27, '2019-12-17 00:00:01', '2019-00000027', 'emmanuelmaliwat@yahoo.com', '09298542570', 'b142019d1fc1b1fa27199e7344be21d9', 'EMMANUEL', 'MALIWAT', 'ESPERANZA', '', '1973-05-22', 2, '1A/E', 'folder/EMMANUEL_MALIWAT/EMMANUEL_MALIWAT.png', 'folder/EMMANUEL_MALIWAT', 1, NULL, 2),
(28, '2019-12-17 00:00:02', '2019-00000028', 'ariel_strosos@yahoo.com', '09289880147', '5430da51c693b31a049b8144604a8b04', 'ARIEL JADE', 'ESTROSOS', 'PUZON', '', '1992-02-09', 2, '3RD ASSISTA', 'folder/ARIEL JADE_ESTROSOS/ARIEL JADE_ESTROSOS.png', 'folder/ARIEL JADE_ESTROSOS', 1, NULL, 0),
(29, '2019-12-16 00:00:01', '2019-00000029', 'verlybolasoc@yahoo.com', '09214864140', '2242c59bba2dfc5e31989639a4e45285', 'VERLY', 'BOLASOC', 'CAYABYAB', '', '1980-03-04', 2, '2/O', 'folder/VERLY_BOLASOC/VERLY_BOLASOC.png', 'folder/VERLY_BOLASOC', 1, NULL, 2),
(30, '2019-12-17 00:00:03', '2019-00000030', 'fritzdellina@gmail.com', '09064841761', '2d19e0cfd71838422853590a79ae919a', 'FRITZ', 'DELLINA', 'BENSORTO', '', '1988-10-16', 2, 'OLR', 'folder/FRITZ_DELLINA/DELLINA,FRITZ.jpg', 'folder/FRITZ_DELLINA', 1, NULL, 0),
(31, '2019-12-18 00:00:01', '2019-00000031', 'doronakent@gmail.com', '09064065217', '88a9257212f5266e0d609ea83a3d4670', 'KENT', 'DORONA', 'MONTEBON', '', '1994-04-27', 2, 'ORDINARY SE', 'folder/KENT_DORONA/KENT_DORONA.png', 'folder/KENT_DORONA', 1, NULL, 2),
(32, '2019-12-18 00:00:02', '2019-00000032', 'caoagdanlouie82@yahoo.com', '09293250091', 'b67765ca6ee7ed5542554af7c2873121', 'LOUIE', 'CAOAGDAN', 'TURAO', '', '1981-08-12', 2, 'CHIEF COOK', 'folder/LOUIE_CAOAGDAN/LOUIE_CAOAGDAN.png', 'folder/LOUIE_CAOAGDAN', 1, NULL, 2),
(33, '2019-12-18 00:00:03', '2019-00000033', 'jerryco.remotigue@yahoo.com', '09163259332', '450b7655bfdea3d56c609c5b904eae4c', 'JERRYCO', 'REMOTIGUE', 'COTIANGCO', '', '1971-04-17', 2, 'MASTER', 'folder/JERRYCO_REMOTIGUE/JERRYCO_REMOTIGUE.png', 'folder/JERRYCO_REMOTIGUE', 1, NULL, 0),
(34, '2019-12-18 00:00:04', '2019-00000034', 'nelsonydulosjr@gmail.com', '09393898127', '712cf7615daff092d4fc85edf043aa4a', 'NELSON', 'DULOS', 'YEE', 'JR', '1971-07-01', 2, '1ST ASSIST.', 'folder/NELSON_DULOS/NELSON_DULOS.png', 'folder/NELSON_DULOS', 1, NULL, 2),
(35, '2019-12-18 00:00:05', '2019-00000035', 'alambagerman1@gmail.com', '09219561309', '13b26e5f6139a6aa637b67a93ad8a030', 'GERMAN', 'CALAMBA', 'REJAS', '', '1984-10-23', 2, '2ND ASSIST.', 'folder/GERMAN_CALAMBA/CALAMBA,GERMAN.jpg', 'folder/GERMAN_CALAMBA', 1, NULL, 2),
(36, '2019-12-18 00:00:06', '2019-00000036', 'heversevillo@gmail.com', '09294200598', '1b990095fab03ca136df803780348d58', 'HEVER', 'SEVILLO', 'MONICIMPO', '', '1980-09-30', 2, '3RD OFFICER', 'folder/HEVER_SEVILLO/HEVER_SEVILLO.png', 'folder/HEVER_SEVILLO', 1, NULL, 0),
(37, '2019-12-18 00:00:07', '2019-00000037', 'juansabcosare8@yahoo.com', '09458152687', '89a56eb005083956afb74c6b9a296124', 'JOHN CLIFFORD ', 'COSARE', 'SAB', '', '1990-10-08', 2, '3RD ASSIST.', 'folder/JOHN CLIFFORD _COSARE/COSARE,JOHN CLIFFORD.jpg', 'folder/JOHN CLIFFORD _COSARE', 1, NULL, 0),
(38, '2019-12-18 00:00:08', '2019-00000038', 'marananjoelpineda@yahoo.com', '09192285379', '61029905782b95c83248dd32c280aded', 'JOEL', 'MARANAN', 'PINEDA', '', '1972-12-03', 2, 'BSN', 'folder/JOEL_MARANAN/JOEL_MARANAN.png', 'folder/JOEL_MARANAN', 1, NULL, 0),
(39, '2019-12-18 00:00:09', '2019-00000039', 'romeoalandra@yahoo.com', '09195815126', '87f32e89da69742c8e1011e897bc8c13', 'ROMEO', 'ALANDRA', 'LABORES', '', '1985-12-05', 2, '2ND OFFICER', 'folder/ROMEO_ALANDRA/ALANDRA,ROMEO.jpg', 'folder/ROMEO_ALANDRA', 1, NULL, 0),
(40, '2019-12-19 00:00:01', '2019-00000040', 'allanfernandez676@gmail.com', '09179554881', 'bd5d4ec0336942dfe25479f2aef6e6f6', 'ALLAN', 'FERNANDEZ', 'CAPAPAS', 'JR', '1990-09-10', 2, 'ABLE SEAMAN', 'folder/ALLAN_FERNANDEZ/USER_SCOPED_TEMP_DATA_MSGR_PHOTO_FOR_UPLOAD_1620021770999_6794863794190484945.jpeg', 'folder/ALLAN_FERNANDEZ', 1, NULL, 0),
(41, '2019-12-19 00:00:02', '2019-00000041', 'wga_acosta14@yahoo.com', '09205221425', '7b19064134a4dfbd9d8011a88d36501c', 'WILLY', 'ACOSTA', 'GUNDRAN', '', '1968-10-14', 2, 'CHIEF ENGR.', 'folder/WILLY_ACOSTA/WILLY_ACOSTA.png', 'folder/WILLY_ACOSTA', 1, NULL, 0),
(42, '2019-12-20 00:00:01', '2019-00000042', 'marvinpresbitero75@gmail.com', '09084027271', '570699a6f1f162277556d3b1729b630b', 'MARVIN', 'PRESBITERO', 'PULGADAS', '', '1991-10-21', 2, 'OILER', 'folder/MARVIN_PRESBITERO/MARVIN_PRESBITERO.png', 'folder/MARVIN_PRESBITERO', 1, NULL, 0),
(43, '2019-12-20 00:00:02', '2019-00000043', 'ENTENG_1444@yahoo.com', '09297965287', 'e8d530d5fc43d798ebde8990bab9b76e', 'VINCENT', 'DE LA PENA', 'HEYRES', '', '1976-02-14', 2, '2ND OFFICER', 'folder/VINCENT_DE LA PENA/VINCENT_DE LA PENA.png', 'folder/VINCENT_DE LA PENA', 1, NULL, 2),
(44, '2019-12-20 00:00:03', '2019-00000044', 'ramelverdijo@yahoo.com', '09196838402', '46fb6c91d325da00f878796a00ecb63d', 'RAMEL', 'VERDIJO', 'TAPAYAN', '', '1988-07-19', 2, '3RD ASSIST.', 'folder/RAMEL_VERDIJO/RAMEL_VERDIJO.png', 'folder/RAMEL_VERDIJO', 1, NULL, 2),
(45, '2019-12-20 00:00:04', '2019-00000045', 'etelpedro2@gmail.com', '09208366677', '474d395a8229d7c7f8e624d8289510c9', 'ETELIANO', 'PEDRO', 'BELI-OT', '', '1974-11-24', 2, '2ND ENGR.', 'folder/ETELIANO_PEDRO/ETELIANO_PEDRO.png', 'folder/ETELIANO_PEDRO', 1, NULL, 2),
(46, '2019-12-20 00:00:05', '2019-00000046', 'bentot_2412@yahoo.com', '09385725963', '75f289785168e43c34726e1d8efc1847', 'JOVEN', 'PEDRO', 'MAGKILAT', '', '1988-05-24', 2, 'OILER', 'folder/JOVEN_PEDRO/JOVEN_PEDRO.png', 'folder/JOVEN_PEDRO', 1, NULL, 2),
(47, '2019-12-22 00:00:01', '2019-00000047', 'mjdoniego126@gmail.com', '09976255140', 'd7c76b230ff8a8043086b8f6b11914ae', 'MARK JOHNSEN', 'DONIEGO', 'DE VEYRA', '', '1993-01-26', 2, 'DECK CADET', 'folder/MARK JOHNSEN_DONIEGO/MARK JOHNSEN_DONIEGO.png', 'folder/MARK JOHNSEN_DONIEGO', 1, NULL, 2),
(48, '2019-12-22 00:00:02', '2019-00000048', '', '09209473679', '362bef27b3e3d9a42313349ae4f5b067', 'JEFF', 'NEDULA', 'ALIPIN', '', '1971-07-14', 2, '1AE', 'folder/JEFF_NEDULA/NEDULA,JEFF.jpg', 'folder/JEFF_NEDULA', 1, NULL, 0),
(49, '2019-12-22 00:00:03', '2019-00000049', 'jonats23@ymail.com', '0282428828', '7befe5ca4adb2904c4de342e949c6232', 'JONATHAN', 'NAMOC', 'MATILLANO', '', '1974-08-23', 2, 'CHIEF ENGR.', 'folder/JONATHAN_NAMOC/JONATHAN_NAMOC.png', 'folder/JONATHAN_NAMOC', 1, NULL, 2),
(50, '2019-12-13 00:00:02', '2019-00000050', 'leoneldolormente5@gmail.com', '09462362523', '4c00fa95691564a69cd053502ee4ed1a', 'LEONEL', 'DOLORMENTE', 'PORRAS', '', '1991-05-04', 2, 'O/S', 'folder/LEONEL_DOLORMENTE/LEONEL_DOLORMENTE.png', 'folder/LEONEL_DOLORMENTE', 1, NULL, 2),
(51, '2019-12-24 00:00:01', '2019-00000051', 'zeke_soliven@yahoo.com', '09382829979', '0fcda6b35fb0f98c5d69d4df9a5131c2', 'MICHAEL VINCENT', 'FELISILDA', 'ESCALERA', '', '1982-02-01', 2, 'O/S', 'folder/MICHAEL VINCENT_FELISILDA/MICHAEL VINCENT_FELISILDA.png', 'folder/MICHAEL VINCENT_FELISILDA', 1, NULL, 0),
(52, '2019-12-25 00:00:01', '2019-00000052', 'romanoflorencio96@gmail.com', '09156422935', 'b0e540ed08eb259c7a39ecafec38cf1f', 'FLORENCIO', 'ROMANO', 'SEDIGO', '', '1961-09-05', 2, 'OILER NO. 1', 'folder/FLORENCIO_ROMANO/FLORENCIO_ROMANO.png', 'folder/FLORENCIO_ROMANO', 1, NULL, 2),
(53, '2019-12-25 00:00:02', '2019-00000053', 'wafosam@yahoo.com', '09381478083', '2c72f1a8ac58d9c83aa5695e6d4d10e6', 'SAMUEL', 'CAGATIN', 'DALAPO', '', '1990-04-21', 2, '2AE', 'folder/SAMUEL_CAGATIN/SAMUEL_CAGATIN.png', 'folder/SAMUEL_CAGATIN', 1, NULL, 2),
(54, '2019-12-26 00:00:01', '2019-00000054', 'sumbibengie@gmail.com', '09103731721', 'b0f746933c734d9fc877edc472ed7d50', 'BENGIE', 'SUMBI', 'SUPOSO', '', '1984-10-20', 2, 'OILER', 'folder/BENGIE_SUMBI/BENGIE_SUMBI.png', 'folder/BENGIE_SUMBI', 1, NULL, 0),
(55, '2019-12-29 00:00:01', '2019-00000055', 'georgecombs069@gmail.com', '09053125641', '2d9b9029e432230d45022c836fd497e3', 'GARRY', 'COMBINIDO', 'ANOVER', '', '1995-02-05', 2, 'OILER', 'folder/GARRY_COMBINIDO/GARRY_COMBINIDO.png', 'folder/GARRY_COMBINIDO', 1, NULL, 2),
(56, '2020-01-02 00:00:01', '2020-00000056', 'rodge_angel@yahoo.com.ph', '09996766380', '4b9c4c9e216d321dc02f0446bcebdc46', 'ROGER', 'AUGUIS', 'ALIPAYO', '', '1981-09-26', 2, 'CHIEF OFFIC', 'folder/ROGER_AUGUIS/ROGER_AUGUIS.png', 'folder/ROGER_AUGUIS', 1, NULL, 0),
(57, '2020-01-03 00:00:01', '2020-00000057', 'concilladorosalio@gmail.com', '09396301752', '074ac627cc8d4fcc3a7a706a11005711', 'ROSALIO', 'CONCILLADO', 'JEMONG', '', '1972-09-02', 2, '2ND ENGR.', 'folder/ROSALIO_CONCILLADO/ROSALIO_CONCILLADO.png', 'folder/ROSALIO_CONCILLADO', 1, NULL, 0),
(58, '2020-01-04 00:00:01', '2020-00000058', 'johnelijahpascua@gmail.com', '', '21896d01b9fe0a1ff256c049222156f6', 'JOHN ELIJAH', 'PASCUA', 'SIMBILLO', '', '1993-10-11', 2, 'WIPER', 'folder/JOHN ELIJAH_PASCUA/JOHN ELIJAH_PASCUA.png', 'folder/JOHN ELIJAH_PASCUA', 1, NULL, 2),
(59, '2020-01-05 00:00:01', '2020-00000059', 'jonathanrusty.ubas@gmail.com', '09103283505', 'e2433194111e6b4bda8f7b92fcc8e57c', 'JONATHAN RUSTY', 'UBAS', 'LABOR', '', '1980-08-25', 2, 'ABLE SEAMAN', 'folder/JONATHAN RUSTY_UBAS/JONATHAN RUSTY_UBAS.png', 'folder/JONATHAN RUSTY_UBAS', 1, NULL, 2),
(60, '2020-01-08 00:00:01', '2020-00000060', 'renatovisitacionjr@yahoo.com', '09966009970', '8ceddd0c741601f9e4dfe6519519f953', 'RENATO', 'VISITACION', 'ROCENA', 'JR', '1978-10-21', 2, 'MASTER MARI', 'folder/RENATO_VISITACION/VISITACION,RENATO.jpg', 'folder/RENATO_VISITACION', 1, NULL, 0),
(61, '2020-01-08 00:00:02', '2020-00000061', 'lloydsantillan_21@yahoo.com', '09298609052', '9db324657e1bfc3754e284549f10e94b', 'LLOYD', 'SANTILLAN', 'ALVAREZ', '', '1984-09-24', 2, '3RD OFFICER', 'folder/LLOYD_SANTILLAN/SANTILLAN,LLOYD.jpg', 'folder/LLOYD_SANTILLAN', 1, NULL, 0),
(62, '2020-01-10 00:00:01', '2020-00000062', 'ekim76_anorod@yahoo.com', '09999696641', '4d305756de0fd435213048afe681296d', 'MICHAEL', 'DORONA', 'FERNANDEZ', '', '1976-11-19', 2, '3RD OFFICER', 'folder/MICHAEL_DORONA/DORONA,MICHAEL.jpg', 'folder/MICHAEL_DORONA', 1, NULL, 2),
(63, '2020-01-10 00:00:02', '2020-00000063', 'frederickamagadia@gmail.com', '09292271235', '9e36b8b273540b15374b51123416ea23', 'FREDERICK', 'MAGADIA', 'ACOB', '', '1976-12-30', 2, '', 'folder/FREDERICK_MAGADIA/MAGADIA, FREDERICK.jpg', 'folder/FREDERICK_MAGADIA', 1, NULL, 0),
(64, '2020-01-11 00:00:00', '2020-00000064', 'liljpioquinto@gmail.com', '09394905506', '29158b18e8dde8b018e39c8cc0db2d31', 'JERZON', 'PIOQUINTO', 'NAPOLES', '', '1989-05-16', 2, '', 'folder/JERZON_PIOQUINTO/JERZON_PIOQUINTO.png', 'folder/JERZON_PIOQUINTO', 1, NULL, 0),
(65, '2020-01-12 00:00:00', '2020-00000065', 'kevsbelimac@gmail.com', '09286636490', '58d76ec400e3fc5d609561b7b8ccd6de', 'KEVIN', 'BELIMAC', 'MACHICA', '', '1984-02-14', 2, '', 'folder/KEVIN_BELIMAC/KEVIN_BELIMAC.png', 'folder/KEVIN_BELIMAC', 1, NULL, 1),
(66, '2020-01-15 00:00:00', '2020-00000066', 'captainfort20@gmail.com', '09185453434', 'b93d5e945572151a35481012f8523c9f', 'FORT', 'FOROSUELO', 'HERDA', '', '1983-06-20', 2, 'CHIEF MATE', 'folder/FORT_FOROSUELO/FORT_FOROSUELO.png', 'folder/FORT_FOROSUELO', 1, NULL, 0),
(67, '2020-01-16 00:00:01', '2020-00000067', 'quinit.jason@gmail.com', '09281723811', 'fd459d5dcde89a1ceaf93a5e2b66b793', 'JASON', 'QUINIT', 'VALERA', '', '1985-11-24', 2, 'ABLE SEAMAN', 'folder/JASON_QUINIT/QUINIT, JASON.jpg', 'folder/JASON_QUINIT', 1, NULL, 0),
(68, '2020-01-16 00:00:02', '2020-00000068', 'Gjucelvilla@yahoo.com', '09098855561', '1d77b30049445607104806ff5dad1eec', 'JUCEL', 'GARCIA', 'VILLA', '', '1994-12-18', 2, 'OILER', 'folder/JUCEL_GARCIA/JUCEL_GARCIA.png', 'folder/JUCEL_GARCIA', 1, NULL, 1),
(69, '2020-01-16 00:00:03', '2020-00000069', 'noypedal@gmail.com', '09196328230', '476b3c83db0021b42586863652ca8b89', 'ROBERTO', 'PEDAL', 'FAUNILLO', 'JR', '1980-03-21', 2, 'OILER', 'folder/ROBERTO_PEDAL/PEDAL,ROBERTO.jpg', 'folder/ROBERTO_PEDAL', 1, NULL, 2),
(70, '2020-01-16 00:00:04', '2020-00000070', 'eusebio@gmail.com', '09212016225', 'b69495561c2ea29dae5404a4be9a6d44', 'EUSEBIO', 'DELLEVA', 'SEGUISA', '', '1956-12-16', 2, 'CHIEF ENGR.', 'folder/EUSEBIO_DELLEVA/EUSEBIO_DELLEVA.png', 'folder/EUSEBIO_DELLEVA', 1, NULL, 1),
(71, '2020-01-19 00:00:00', '2020-00000071', 'rowel_oga@yahoo.com', '09273705947', 'b845da30be5ea45f57f4e12c8e276e08', 'ROWEL', 'OGA', 'ADOLFO', '', '1977-07-03', 2, 'THIRD MATE', 'folder/ROWEL_OGA/ROWEL_OGA.png', 'folder/ROWEL_OGA', 1, NULL, 0),
(72, '2020-01-19 00:00:01', '2020-00000072', 'lowelgeonanga@gmail.com', '09052441378', '05b5d6d27f07388f8dc4c2025702d5af', 'LOWEL', 'GEONANGA', 'TOMENLACO', '', '1969-02-03', 2, 'MASTER MARI', 'folder/LOWEL_GEONANGA/GEONANGA, LOWEL.jpg', 'folder/LOWEL_GEONANGA', 1, NULL, 0),
(73, '2020-01-19 00:00:02', '2020-00000073', 'reybesana@yahoo.com', '09213432789', '386d3b4713c09a3bfb3af05ab0415228', 'REY', 'BESANA', 'ARTATES', '', '1972-02-06', 2, '1AE', 'folder/REY_BESANA/REY_BESANA.png', 'folder/REY_BESANA', 1, NULL, 0),
(74, '2020-01-20 00:00:01', '2020-00000074', 'stevechons@gmail.com', '09182744587', '520f919aec60c8517ffff4452ff2c629', 'STEVE', 'NAPARAM', 'OCHAVILLO', '', '1977-12-26', 2, '', 'folder/STEVE_NAPARAM/STEVE_NAPARAM.png', 'folder/STEVE_NAPARAM', 1, NULL, 0),
(75, '2020-01-20 00:00:02', '2020-00000075', 'flavianofostanes@yahoo.com', '09995427004', '7f91019985d7d75e3a300c6bee0e4361', 'FLAVIANO', 'FOSTANES', 'GALAGALA', 'JR', '1974-04-13', 2, 'CHIEF OFFIC', 'folder/FLAVIANO_FOSTANES/FLAVIANO_FOSTANES.png', 'folder/FLAVIANO_FOSTANES', 1, NULL, 0),
(76, '2020-01-21 00:00:00', '2020-00000076', 'elmerdinorog@gmail.com', '09612915946', 'e73a2bbbbbf7f5cd3339a0b6972c5029', 'ELMER', 'DINOROG', 'ABUEVA', '', '1980-08-18', 2, '3RD OFFICER', 'folder/ELMER_DINOROG/DINOROG,ELMER.jpg', 'folder/ELMER_DINOROG', 1, NULL, 0),
(77, '2020-01-23 00:00:00', '2020-00000077', 'ronanzzarsuelo@yahoo.com', '09278216951', '4f92a0efcf0cf79151415f4dd987123b', 'RONAN', 'ZARSUELO', 'ZABELLA', '', '1979-09-24', 2, '1ST ASSIST.', 'folder/RONAN_ZARSUELO/RONAN_ZARSUELO.png', 'folder/RONAN_ZARSUELO', 1, NULL, 0),
(78, '2020-01-25 00:00:00', '2020-00000078', 'jabarkasim81@gmail.com', '09560324119', '00bbe081de70058201dc267cceb96b19', 'JABBAR', 'KASIM', 'SAYRE', '', '1981-06-20', 2, '2ND OFFICER', 'folder/JABBAR_KASIM/JABBAR_KASIM.png', 'folder/JABBAR_KASIM', 1, NULL, 2),
(79, '2020-01-26 00:00:00', '2020-00000079', '', '09998350966', '73670fd3d059c4afbb97289b053e7d90', 'JULIUS', 'PEDRO', 'MAGKILAT', '', '1983-03-28', 2, 'CHIEF COOK', 'folder/JULIUS_PEDRO/JULIUS_PEDRO.png', 'folder/JULIUS_PEDRO', 1, NULL, 2),
(80, '2020-01-28 00:00:00', '2020-00000080', 'venjo20may1981@gmail.com', '', '870d75bc76b2f0722f50dadbcf2797eb', 'JOVEN', 'ESPINA', 'MALAGA', '', '1981-05-20', 2, '2ND OFFICER', 'folder/JOVEN_ESPINA/JOVEN_ESPINA.png', 'folder/JOVEN_ESPINA', 1, NULL, 2),
(81, '2020-01-29 00:00:00', '2020-00000081', 'reyespigadera@yahoo.com', '0385039023', 'a296beb4dc0a5441b23c2cf9f912240e', 'REY', 'ESPIGADERA', 'CEMPRON', '', '1966-04-04', 2, 'CHIEF MATE', 'folder/REY_ESPIGADERA/ESPIGADERA REY.jpg', 'folder/REY_ESPIGADERA', 1, NULL, 0),
(82, '2020-01-30 00:00:00', '2020-00000082', '', '09053150115', '02f4ac5e935aee4c664b1cb1986781ea', 'PAUL LESTER', 'PANES', 'SILLARES', '', '1994-07-23', 2, 'ORDINARY SE', 'folder/PAUL LESTER_PANES/PAUL LESTER_PANES.png', 'folder/PAUL LESTER_PANES', 1, NULL, 2),
(83, '2019-12-26 00:00:03', '2019-00000083', 'FREDERICKESTIGOY@GMAIL.COM', '09219488408', '393001a5330cedc018fc510e8f67a584', 'FREDERICK CARLO JUN-JUN', 'ESTIGOY', 'ORTIZ', '', '1974-02-03', 2, '', 'folder/FREDERICK CARLO JUN-JUN_ESTIGOY/ESTIGOY,FREDERICK.jpg', 'folder/FREDERICK CARLO JUN-JUN_ESTIGOY', 1, NULL, 0),
(84, '2020-01-31 00:00:00', '2020-00000084', 'diobermalones@gmail.com', '09085293993', 'efc9c029d6156f589a6316da4c01b05a', 'DIOBER', 'MALONES', 'MANITA', '', '1983-03-20', 2, '3RD ASSIST.', 'folder/DIOBER_MALONES/DIOBER_MALONES.png', 'folder/DIOBER_MALONES', 1, NULL, 2),
(85, '2020-02-02 00:00:00', '2020-00000085', 'roy1971fernandez@gmail.com', '09297279031', 'a03360762933ff7e2852e29cb053523f', 'ROY', 'FERNANDEZ', 'DELUTA', '', '1971-11-10', 2, '2ND ASSIST.', 'folder/ROY_FERNANDEZ/ROY_FERNANDEZ.png', 'folder/ROY_FERNANDEZ', 1, NULL, 2),
(86, '2020-02-04 00:00:00', '2020-00000086', 'gavenvenas23@gmail.com', '09293894222', 'c0c5af393b7b0b8aab915e60e62be335', 'GAVEN', 'VENAS', 'VIGO', '', '1983-04-23', 2, '3RD ENGR', 'folder/GAVEN_VENAS/GAVEN_VENAS.png', 'folder/GAVEN_VENAS', 1, NULL, 2),
(87, '2020-03-04 00:00:00', '2020-00000087', 'jordsgeo@gmail.com', '09182927463', '2e3bc0e8774b3ec69f47acffb6f7f566', 'JORDS', 'DIMAANO', 'ROVIDILLO', '', '1980-11-04', 2, 'ABLE SEAMAN', 'folder/JORDS_DIMAANO/DIMAANO,JORDS.jpg', 'folder/JORDS_DIMAANO', 1, NULL, 2),
(88, '2020-02-04 00:00:00', '2020-00000088', 'rcubelo947@yahoo.com', '09612210564', '44b5ea9e6f6c3a09b6bcace35e951c32', 'REY ALEXIS', 'CUBELO', 'GELICAME', '', '1988-11-27', 2, '3RD ASSIST.', 'folder/REY ALEXIS_CUBELO/CABUELO,REY ALEXIS.jpg', 'folder/REY ALEXIS_CUBELO', 1, NULL, 1),
(89, '2020-02-04 00:00:01', '2020-00000089', 'palmaedwin01301965@gmail.com', '09293015221', '653a115623b1a70aa8d806d0467fb697', 'EDWIN', 'PALMA', 'TADO', '', '1965-01-30', 2, '2ND ENGR.', 'folder/EDWIN_PALMA/EDWIN_PALMA.png', 'folder/EDWIN_PALMA', 1, NULL, 2),
(90, '2020-02-08 00:00:00', '2020-00000090', 'nestorlacao@yahoo.com', '09299707928', '061bce7f6bc4975565f716d9bc896a48', 'NESTOR', 'LACAO', 'ALTUBAR', '', '1967-10-16', 2, 'MASTER MARI', 'folder/NESTOR_LACAO/NESTOR_LACAO.png', 'folder/NESTOR_LACAO', 1, NULL, 0),
(91, '2020-03-03 00:00:00', '2020-00000091', '', '09471671167', '28d591f903b220b023d73ccfd6be8152', 'LOLANDO', 'SIERRA', 'ALDAYA', '', '1966-11-17', 2, 'CHIEF ENGR.', 'folder/LOLANDO_SIERRA/LOLANDO_SIERRA.png', 'folder/LOLANDO_SIERRA', 1, NULL, 2),
(92, '2020-03-03 00:00:01', '2020-00000092', 'donzarsavarez1974@yaho.com', '09213487342', '75a5d33a382bac22f59844f052096419', 'DOMINGO CEZAR', 'SAVAREZ', 'CUENCA', '', '1974-07-05', 2, 'CHIEF OFFIC', 'folder/DOMINGO CEZAR_SAVAREZ/SAVAREZ,DOMINGO CEZAR.jpg', 'folder/DOMINGO CEZAR_SAVAREZ', 1, NULL, 0),
(93, '2020-03-03 00:00:02', '2020-00000093', 'marjollyanne1987@gmail.com', '09169221071', '5cf87c375376e460aa9d9817666a3e87', 'ARNOLD', 'REDOBLE', 'MATILOS', '', '1963-01-24', 2, '', 'folder/ARNOLD_REDOBLE/ARNOLD_REDOBLE.png', 'folder/ARNOLD_REDOBLE', 1, NULL, 2),
(94, '2020-03-03 00:00:03', '2020-00000094', 'kc_den_14@yahoo.com', '09157517576', '65350b14f56a67da00477fcf80a3f4bd', 'CESAR', 'NASIS', 'PALAHANG', 'II', '1983-03-18', 2, '2ND OFFICER', 'folder/CESAR_NASIS/CESAR_NASIS.png', 'folder/CESAR_NASIS', 1, NULL, 0),
(95, '2020-03-03 00:00:04', '2020-00000095', 'seloro_jayson@yahoo.com', '09292825119', '1adec976da995c56220eeca314c2e960', 'JAYSON', 'SELORIO', 'MOQUITE', '', '1985-11-14', 2, '3RD OFFICER', 'folder/JAYSON_SELORIO/JAYSON_SELORIO.png', 'folder/JAYSON_SELORIO', 1, NULL, 0),
(96, '2020-03-03 00:00:05', '2020-00000096', 'santoslouie0830@yahoo.com', '09199249319', 'c116d87047aac2634be6225a9f5c070d', 'LOUIE', 'SANTOS', 'TORRES', '', '1990-08-30', 2, 'OILER', 'folder/LOUIE_SANTOS/LOUIE_SANTOS.png', 'folder/LOUIE_SANTOS', 1, NULL, 1),
(97, '2020-03-07 00:00:00', '2020-00000097', 'reymil3072@yahoo.com', '09185711408', '269d64671b6e697f739dd7274c03c2e7', 'REYMIL', 'PALMARES', 'AMISTOSO', '', '1972-01-30', 2, 'OILER', 'folder/REYMIL_PALMARES/REYMIL_PALMARES.png', 'folder/REYMIL_PALMARES', 1, NULL, 2),
(98, '2020-03-09 00:00:00', '2020-00000098', 'alvemlab7@gmail.com', '09295161974', '7a86241f25c7ccb975e7e31fdb5b4730', 'ALVEM', 'LABRADOR', 'MANSERAS', '', '1970-08-22', 2, '1ST ASSIST.', 'folder/ALVEM_LABRADOR/LABRADOR,ALVEM.jpg', 'folder/ALVEM_LABRADOR', 1, NULL, 1),
(99, '2020-03-09 00:00:01', '2020-00000099', 'annalynnoripaypay@gmail.com', '09062277972', 'c98fc48eb527e95c8339fd1013b69457', 'DON KARLO', 'FERNANDEZ', 'TUBOLA', '', '1991-07-08', 2, 'ENGINE CADE', 'folder/DON KARLO_FERNANDEZ/DON KARLO_FERNANDEZ.png', 'folder/DON KARLO_FERNANDEZ', 1, NULL, 2),
(100, '2020-03-09 00:00:02', '2020-00000100', 'nerysuelan07@gmail.com', '09214872853', '8147b0c13e7c443854846a95182dd8bc', 'NERY', 'SUELAN', 'VELASCO', '', '1966-09-23', 2, '2ND ASSIST.', 'folder/NERY_SUELAN/NERY_SUELAN.png', 'folder/NERY_SUELAN', 1, NULL, 2),
(101, '2020-03-17 00:00:00', '2020-00000101', 'nolioperiano@yahoo.com', '09166412262', 'a27d37bd7ef99ae94314d36b33c6e5b7', 'NOLI', 'OPERIANO', 'YMEA', '', '1993-05-26', 2, 'WIPER', 'folder/NOLI_OPERIANO/NOLI_OPERIANO.png', 'folder/NOLI_OPERIANO', 1, NULL, 0),
(102, '2020-03-17 00:00:01', '2020-00000102', 'mallariangel30@yahoo.com', '09087438989', '65a9598ea75d14faa5592a17164d4e1b', 'ANGEL', 'MALLARI', 'REGUALOS', '', '1979-05-30', 2, '2ND ASSIST.', 'folder/ANGEL_MALLARI/ANGEL_MALLARI.png', 'folder/ANGEL_MALLARI', 1, NULL, 0),
(103, '2020-04-08 00:00:00', '2020-00000103', 'martinezeddie973@gmail.com', '09982351476', '9b95b391ca93bba65d9b0992dcac2d28', 'EDDIE', 'MARTINEZ', 'CAMPOS', '', '1973-11-11', 2, 'CHIEF OFFIC', 'folder/EDDIE_MARTINEZ/EDDIE_MARTINEZ.png', 'folder/EDDIE_MARTINEZ', 1, NULL, 2),
(104, '2020-04-08 00:00:01', '2020-00000104', 'magbanua1968.leo@gmail.com', '09281514493', '1413e7b6b2aafd3daef25c65bae422be', 'LEO', 'MAGBANUA', 'MARQUEZ', '', '1968-05-28', 2, 'CHIEF ENGR.', 'folder/LEO_MAGBANUA/LEO_MAGBANUA.png', 'folder/LEO_MAGBANUA', 1, NULL, 2),
(105, '2020-04-08 00:00:02', '2020-00000105', 'rmoldezjr@gmail.com', '09495698846', '2518dc3c9c6100a08daafb4b37f034e2', 'ROMEO', 'MOLDEZ', 'DAYON', 'JR', '1992-07-19', 2, '3RD OFFICER', 'folder/ROMEO_MOLDEZ/ROMEO_MOLDEZ.png', 'folder/ROMEO_MOLDEZ', 1, NULL, 0),
(106, '2020-04-08 00:00:03', '2020-00000106', 'elmerellam1974@gmail.com', '09477674730', '69a76fd554e8a09f2a222fb37fc65fdd', 'ELMER', 'ELLAM', 'ANSOGOT', '', '1974-07-11', 2, 'ABLE SEAMAN', 'folder/ELMER_ELLAM/ELMER_ELLAM.png', 'folder/ELMER_ELLAM', 1, NULL, 2),
(107, '2020-04-08 00:00:04', '2020-00000107', 'michael_sweet02@yahoo.com', '09479392872', '0d34d572c032fee7b50e0d535c19e26b', 'MICHAEL', 'SERVIDAD', 'SEBANTA', '', '1982-06-09', 2, 'ABLE SEAMAN', 'folder/MICHAEL_SERVIDAD/MICHAEL_SERVIDAD.png', 'folder/MICHAEL_SERVIDAD', 1, NULL, 2),
(108, '2020-04-09 00:00:00', '2020-00000108', 'albert_isidro80@yahoo.com', '09185602013', 'cbfaafd8f9aa8b901babc0fc6c7f4117', 'ALBERT', 'ISIDRO', 'GUINTO', '', '1980-09-08', 2, '2ND OFFICER', 'folder/ALBERT_ISIDRO/ALBERT_ISIDRO.png', 'folder/ALBERT_ISIDRO', 1, NULL, 2),
(109, '2020-04-09 00:00:01', '2020-00000109', 'benedictoroy06@gmail.com', '09075556005', '8762ef9ecc389403d03677e7b5194547', 'ROY', 'BENEDICTO', 'TENOSO', '', '1990-01-06', 2, '3RD ASSIST.', 'folder/ROY_BENEDICTO/BENIDICTO,ROY.jpg', 'folder/ROY_BENEDICTO', 1, NULL, 2),
(110, '2020-05-13 15:11:06', 'admin-dorona', 'dorona@hugpongmandaragat.com', '09100000000', '4f2fb7ecb15b19fcef04c9cafb8bc4b3', 'ADMIN', 'DORONA', '', '', '1996-02-28', 3, NULL, 'folder/ADMIN_DORONA/DORONA, RAFAEL.jpg', 'folder/ADMIN_DORONA', 1, NULL, 0),
(111, '2020-05-13 06:49:13', 'Contingency Fund', 'contingency_fund@hugpongmandaragat.com', '', 'e80b5017098950fc58aad83c8c14978e', 'Contingency', 'Fund', '', '', '2020-05-13', 3, '', NULL, 'folder/Contigency_Fund', 1, '2020-06-05 06:45:22', 0),
(112, '2020-06-05 19:49:50', '2020-00000112', 'glenbau@yahoo.com', '09273831785', '16596b6d4a737706d53f5ea4c2442a59', 'GENE', 'TAMONDONG', 'BAUTISTA', '', '1969-08-07', 2, NULL, 'folder/GENE_TAMONDONG/TAMONDONG.jpg', 'folder/GENE_TAMONDONG', 1, NULL, 0),
(113, '2020-06-13 22:04:51', '2020-00000113', 'ballener@yahoo.com', '09152551285', '5f15f144cbc946cdb321a257facb1b62', 'Rodrigo', 'Ballener', 'Lecias', 'Jr.', '1983-05-24', 2, NULL, 'folder/Rodrigo_Ballener/00113 BALLENER.jpg', 'folder/Rodrigo_Ballener', 1, NULL, 1),
(114, '2020-06-26 06:25:05', '2020-00000114', 'icdura@icloud.com', '09174585213', '1293744f6847af6ecb7d0df3004ee6c9', 'EDILBERTO', 'DURA', 'VILLARAN', 'JR.', '1971-03-10', 2, NULL, 'folder/EDILBERTO_DURA/PICTURE.png', 'folder/EDILBERTO_DURA', 1, NULL, 2),
(115, '2020-07-01 16:23:42', '2020-00000115', 'edgarbbasilio@yahoo.com.ph', '09287606802', '817322a24061909b7d652bdbefd61e48', 'EDGARDO', 'BASILIO', 'BADUA', '', '1975-06-17', 2, NULL, 'folder/EDGARDO_BASILIO/PHOTO.jpg', 'folder/EDGARDO_BASILIO', 1, NULL, 0),
(116, '2020-08-10 15:38:45', '2020-00000116', 'magbanuaroel@yahoo.com', '09218347772', '6419228c0891f99ce001b54407d88087', 'ROEL', 'MAGBANUA', 'GODINEZ', '', '1977-09-15', 2, NULL, 'folder/ROEL_MAGBANUA/PICTURE.jpg', 'folder/ROEL_MAGBANUA', 1, NULL, 2),
(117, '2020-08-24 11:50:04', '2020-00000117', 'felixgarciano90@gmail.com', '09754869978', '0fb63052e7b7f41c2c953ba896138876', 'Felix', 'Garciano', 'Juario', '', '1978-06-11', 1, NULL, NULL, 'folder/Felix_Garciano', 1, NULL, 0),
(118, '2020-09-19 15:43:33', '2020-00000118', 'jcpaul0948@gmail.com', '09278181361', '8bc039d8737620694c5d753b55bf5878', 'JESSIE PAU', 'ARAYNADO', '', '', '1993-08-20', 2, NULL, 'folder/JESSIE PAU_ARAYNADO/PICTURE.jpg', 'folder/JESSIE PAU_ARAYNADO', 1, NULL, 0),
(119, '2020-09-19 20:50:35', '2020-00000119', 'ric2choy@gmail.com', '0910331246', '5d298bea7959d14d85fa5a637730718b', 'RICARTE', 'VICOY', 'GOCOTANO', '', '1988-02-07', 2, NULL, 'folder/RICARTE_VICOY/PICTURE.jpg', 'folder/RICARTE_VICOY', 1, NULL, 0),
(120, '2020-10-06 13:28:41', '2020-00000120', 'hermogeneslastima82@gmail.com', '09497718932', '0823f4f3e203d370a6bdf90d8ae81cc9', 'HERMOGENES ', 'LASTIMA', 'QUINTO', '', '1982-05-14', 2, NULL, NULL, 'folder/HERMOGENES _LASTIMA', 1, NULL, 0),
(121, '2020-10-06 13:46:30', '2020-00000121', 'yumzreyes@gmail.com', '09360623834', '9c4a92e0833b20b1fb054e048300fcca', 'Diovie', 'Cananga', 'Badajos', '', '1993-07-24', 2, NULL, 'folder/Diovie_Cananga/CANANGA,DIOVIE.jpg', 'folder/Diovie_Cananga', 1, NULL, 0),
(124, '2020-11-04 14:13:05', '2020-00000124', 'solivenj523@gmail.com', '09516663090', '387e7ce04dcf20fff76ae79e61fa03f8', 'JONATHAN', 'SOLIVEN', 'BALINA', '', '1976-07-01', 2, NULL, 'folder/JONATHAN_SOLIVEN/IMG20201203185448_00.jpg', 'folder/JONATHAN_SOLIVEN', 1, NULL, 0),
(126, '2020-12-03 11:30:02', '2020-00000125', 'ellaofr@gmail.com', '09455878696', '84f2ab77c326032028b6081f85ddeb59', 'FROILAN', 'ELLAO', 'LEONARDO', '', '1971-10-05', 2, NULL, NULL, 'folder/FROILAN_ELLAO', 1, NULL, 1),
(127, '2020-12-03 12:28:31', '2020-00000127', 'monixgals@gmail.com', '09976439706', 'c7b0ed7368ece62105d6b717680f2e55', 'MONELL', 'GALOS', 'CAGAS', '', '1986-04-21', 2, NULL, 'folder/MONELL_GALOS/GALOS,MONEL.jpg', 'folder/MONELL_GALOS', 1, NULL, 1),
(128, '2020-12-03 12:41:59', '2020-00000128', 'jeromeoperiano29@yahoo.com', '09560375434', '1bbfd03807e3e34d2cda4cd26fe074ff', 'JEROME', 'OPERIANO', 'RUSIANA', '', '1989-03-29', 2, NULL, 'folder/JEROME_OPERIANO/received_251762852369812.jpeg', 'folder/JEROME_OPERIANO', 1, NULL, 0),
(129, '2020-12-03 15:02:11', '2020-00000129', 'vhongaspar@yahoo.com', '09298230753', 'f23ee8239c4255f4a83b10a2ca7809d5', 'JUVELO', 'GASPAR', 'NASIS', '', '1989-03-30', 2, NULL, 'folder/JUVELO_GASPAR/InShot_20201130_185247377.jpg', 'folder/JUVELO_GASPAR', 3, '2021-10-16 03:19:11', 0),
(130, '2020-12-03 15:40:15', '2020-00000130', 'jonathannaraga73@gmail.com', '09183365813', '0c105864fed860643475b24d6e8b227e', 'JONATHAN', 'NARAGA', 'ASOTIGUE', '', '1973-04-26', 2, NULL, 'folder/JONATHAN_NARAGA/20181208_172445.jpg', 'folder/JONATHAN_NARAGA', 1, NULL, 0),
(131, '2020-12-03 15:54:32', '2020-00000131', 'barirazel92@gmail.com', '09125365033', 'c49b8a7a0217d3aec78291ae4b48195a', 'RAZEL', 'BARI', 'BALADHAY', '', '1992-06-05', 2, NULL, NULL, 'folder/RAZEL_BARI', 1, NULL, 1),
(132, '2020-12-03 17:41:25', '2020-00000132', 'marklestermanalo1993@gmail.com', '09613613119', 'ca5ce28effd9257c690939552442b1cc', 'MARK LESTER', 'MANALO', 'AGELION', '', '1993-12-15', 2, NULL, 'folder/MARK LESTER_MANALO/MANALO,MARK LESTER.jpg', 'folder/MARK LESTER_MANALO', 1, NULL, 0),
(133, '2020-12-04 14:21:54', '2020-00000133', 'edgardode26@gmail.com', '09389237169', 'b547b8596005b25711dd10d987600013', 'EDGARDO', 'DELGADO', 'ARDINES', '', '1960-11-25', 2, NULL, NULL, 'folder/EDGARDO_DELGADO', 1, NULL, 1),
(134, '2020-12-04 14:30:57', '2020-00000134', 'ruavij45@gmail.com', '09398853317', '58b75531d25227b23196cc830be8a487', 'RUFO', 'AVILA', 'BRUN', '', '1975-10-20', 2, NULL, 'folder/RUFO_AVILA/New Doc 2019-12-16 13.04.36_1.jpg', 'folder/RUFO_AVILA', 1, NULL, 1),
(135, '2020-12-04 14:39:47', '2020-00000135', 'abeth-leahr@yahoo.com', '09298997000', '8ba864b887eec280c2e3c2c65f3cdb63', 'ABETHSON DESIDERIO', 'TAMARGO', 'CASTRO', '', '1979-05-23', 2, NULL, 'folder/ABETHSON DESIDERIO_TAMARGO/6BC1E195-2B30-46BE-AB21-BBCE8862E7C5.jpeg', 'folder/ABETHSON DESIDERIO_TAMARGO', 1, NULL, 0),
(136, '2020-12-07 13:10:08', '2020-00000136', 'mikeacel@yahoo.com', '09983133370', '175fdec23e46b97b23e02f9a2a4a2e3f', 'MICHELL', 'RICAFRANCA', 'ABAYHON', '', '1975-08-05', 2, NULL, NULL, 'folder/MICHELL_RICAFRANCA', 1, NULL, 0),
(137, '2021-02-05 13:11:23', '2021-00000137', 'cabagtes9@gmail.com', '09498586313', '8d58e539673319826034acf5d4152f61', 'SAMMY', 'CABAGTE', 'REPAMONTE', '', '1972-01-31', 2, NULL, 'folder/SAMMY_CABAGTE/CABAGTE,SAMMY.jpg', 'folder/SAMMY_CABAGTE', 1, NULL, 0),
(138, '2021-02-05 13:23:09', '2021-00000138', 'remirenero1@gmail.com', '09563620631', 'd2bfe7817820cf2fadc6072dda950c45', 'RAMIR', 'ENERO', 'DE LA CERNA', 'JR', '1989-03-02', 2, NULL, 'folder/RAMIR_ENERO/ENERO,RAMIR.jpg', 'folder/RAMIR_ENERO', 1, NULL, 0),
(139, '2021-02-05 14:07:17', '2021-00000139', 'paternoberoniojr04@gmail.com', '09998534386', '591ee922cbad2a508a33b057845ee38e', 'PATERNO', 'BERONIO', 'BUENO', 'JR', '1969-12-23', 2, NULL, 'folder/PATERNO_BERONIO/BERONIO,PATERNO.jpg', 'folder/PATERNO_BERONIO', 1, NULL, 0),
(140, '2021-02-05 14:15:22', '2021-00000140', 'eglayevay@gmail.com', '09081392685', '9b0435bf45c967ed7a9fa33d77498cf5', 'JOY', 'AVENIDO', 'OPONDA', '', '1984-07-03', 2, NULL, 'folder/JOY_AVENIDO/AVENIDO,JOY.jpg', 'folder/JOY_AVENIDO', 1, NULL, 0),
(141, '2021-04-12 11:34:19', '2021-00000141', 'michaellainol15@gmail.com', '09776259071', '5be916507cefc0e55708df2ed3c1b6e9', 'MICHAEL LAINOL', 'VILLAR', 'CARILLO', '', '1989-09-15', 2, NULL, 'folder/MICHAEL LAINOL_VILLAR/0E2077B0-AEA3-4979-A3B9-F170E47FE9FD.jpeg', 'folder/MICHAEL LAINOL_VILLAR', 1, NULL, 0),
(142, '2021-04-21 10:12:46', '2021-00000142', 'fetalverochristopher@yahoo.com', '09212110315', 'cc9cc308880a8951361efc6c1a9f58d9', 'CHRISTOPHER', 'FETALVERO', 'FABELLO', '', '1976-12-19', 2, NULL, 'folder/CHRISTOPHER_FETALVERO/received_2536964796600109.jpeg', 'folder/CHRISTOPHER_FETALVERO', 1, NULL, 0),
(143, '2021-06-17 12:34:14', '2021-00000143', 'jposoc73@gmail.com', '09298619279', '56714714e2a4239f4c2edd5a4ff84ba1', 'JOJIT', 'POSOC', 'LACSON', '', '1973-10-22', 2, NULL, 'folder/JOJIT_POSOC/received_128833599322604.jpeg', 'folder/JOJIT_POSOC', 1, NULL, 0),
(144, '2021-06-17 12:42:28', '2021-00000144', 'jdarrinsola@gmail.com', '09291663214', '72d2748a440e62b1d2d5ceec27fe150f', 'JOSE DARRIN', 'SOLAS', 'LASANAS', '', '1972-11-06', 2, NULL, 'folder/JOSE DARRIN_SOLAS/received_318508056473041.jpeg', 'folder/JOSE DARRIN_SOLAS', 1, NULL, 0),
(145, '2021-06-17 12:49:11', '2021-00000145', 'victorcabuctolan37@gmail.com', '09082962118', '51fe3355cf2532acf95401f3d9905af3', 'VICTOR', 'CABUCTOLAN', 'CABUNOC', '', '1983-08-28', 2, NULL, 'folder/VICTOR_CABUCTOLAN/CABUCTOLAN PIC.jpg', 'folder/VICTOR_CABUCTOLAN', 1, NULL, 0),
(146, '2021-06-17 13:14:35', '2021-00000146', 'sinnyellema@gmail.com', '09065509474', '2880a0658c3f8f4d4869260ed033d113', 'SONNY BOY', 'ELLEMA', 'COSTIMIANO', '', '1987-04-17', 2, NULL, 'folder/SONNY BOY_ELLEMA/received_330990621867078.jpeg', 'folder/SONNY BOY_ELLEMA', 1, NULL, 0),
(147, '2021-08-16 16:35:26', '2021-00000147', 'eldrigejune@yahoo.com', '09271707620', '0bfe46a40685ecc31dc7576e5fd36f17', 'ELDRIGE JUNE', 'MABALA', 'PELAYO', '', '1987-06-22', 2, NULL, NULL, 'folder/ELDRIGE JUNE_MABALA', 1, NULL, 0),
(148, '2021-09-06 14:55:53', '2021-00000148', 'yano03309@yahoo.com', '09472839724', '8785f6c7802b65f96ebfb898c519b5cc', 'MERVIN', 'DELA CRUZ', 'CABRERA', '', '1992-03-09', 2, NULL, 'folder/MERVIN_DELA CRUZ/MERVIN PIC.jpg', 'folder/MERVIN_DELA CRUZ', 1, NULL, 0),
(149, '2022-04-04 10:10:42', '2022-00000149', 'Itvillacorte@gmail.com', '09156202240', 'fc78ac846ccaa74f25d3133b361f82cc', 'LILTON', 'VILLACORTE', 'TABUDLONG', '', '1974-07-25', 2, NULL, 'folder/LILTON_VILLACORTE/277035971_3271083013168663_1845111412073336803_n.jpg', 'folder/LILTON_VILLACORTE', 1, NULL, 0);

-- --------------------------------------------------------

--
-- Stand-in structure for view `user_balance_view`
-- (See below for the actual view)
--
CREATE TABLE `user_balance_view` (
`date` varchar(19)
,`r` decimal(10,2)
,`user_id` int(11)
,`status` int(11)
,`privilege` int(11)
);

-- --------------------------------------------------------

--
-- Table structure for table `user_log`
--

CREATE TABLE `user_log` (
  `id` int(11) NOT NULL,
  `date` datetime NOT NULL DEFAULT CURRENT_TIMESTAMP,
  `description` varchar(200) DEFAULT NULL,
  `encoder_id` int(11) DEFAULT NULL,
  `user_id` int(11) DEFAULT NULL
) ENGINE=InnoDB DEFAULT CHARSET=latin1;

--
-- Dumping data for table `user_log`
--

INSERT INTO `user_log` (`id`, `date`, `description`, `encoder_id`, `user_id`) VALUES
(1, '2020-05-15 14:24:41', 'Logged in to system', 0, 110),
(2, '2020-05-15 14:29:07', 'Logged in to system', 0, 110),
(3, '2020-05-17 09:48:00', 'Logged in to system', 0, 110),
(4, '2020-05-17 21:35:25', 'Logged in to system', 0, 110),
(5, '2020-05-17 21:35:30', 'Logged out of system', 0, 110),
(6, '2020-05-17 21:35:40', 'Logged in to system', 0, 1),
(7, '2020-05-17 21:39:50', 'Logged out of system', 0, 1),
(8, '2020-05-17 21:47:29', 'Logged in to system', 0, 1),
(9, '2020-05-17 23:51:48', 'Logged in to system', 0, 1),
(10, '2020-05-17 23:52:20', 'Logged out of system', 0, 1),
(11, '2020-05-18 06:41:36', 'Logged in to system', 0, 1),
(12, '2020-05-18 06:42:38', 'Logged out of system', 0, 1),
(13, '2020-05-18 09:31:49', 'Logged in to system', 0, 63),
(14, '2020-05-18 09:33:54', 'Logged in to system', 0, 63),
(15, '2020-05-18 10:07:12', 'Logged in to system', 0, 13),
(16, '2020-05-18 12:14:42', 'Logged in to system', 0, 110),
(17, '2020-05-18 12:38:51', 'Logged out of system', 0, 110),
(18, '2020-05-18 12:52:41', 'Logged in to system', 0, 110),
(19, '2020-05-18 13:40:12', 'Logged in to system', 0, 110),
(20, '2020-05-18 13:40:21', 'Logged out of system', 0, 110),
(21, '2020-05-19 09:02:31', 'Logged in to system', 0, 110),
(22, '2020-05-19 09:02:53', 'Logged out of system', 0, 110),
(23, '2020-05-19 15:14:21', 'Logged in to system', 0, 15),
(24, '2020-05-19 15:16:03', 'Logged in to system', 0, 15),
(25, '2020-05-19 15:22:57', 'Updating of profile picture', 0, 15),
(26, '2020-05-19 16:37:38', 'Logged in to system', 0, 8),
(27, '2020-05-19 16:39:29', 'Logged in to system', 0, 15),
(28, '2020-05-19 17:37:48', 'Logged in to system', 0, 15),
(29, '2020-05-19 17:37:50', 'Logged in to system', 0, 15),
(30, '2020-05-19 18:17:37', 'Logged in to system', 0, 15),
(31, '2020-05-19 18:17:39', 'Logged in to system', 0, 15),
(32, '2020-05-19 18:32:57', 'Logged in to system', 0, 15),
(33, '2020-05-19 18:32:59', 'Logged in to system', 0, 15),
(34, '2020-05-19 18:33:07', 'Logged in to system', 0, 15),
(35, '2020-05-19 18:33:08', 'Logged in to system', 0, 15),
(36, '2020-05-19 18:33:13', 'Logged in to system', 0, 15),
(37, '2020-05-20 07:47:10', 'Logged in to system', 0, 110),
(38, '0000-00-00 00:00:00', 'Changing of Password', 0, 110),
(39, '2020-05-20 07:48:06', 'Logged out of system', 0, 110),
(40, '2020-05-20 07:48:18', 'Logged in to system', 0, 110),
(41, '2020-05-20 07:48:23', 'Logged out of system', 0, 110),
(42, '2020-05-21 10:00:57', 'Logged in to system', 0, 1),
(43, '2020-05-21 18:33:31', 'Logged in to system', 0, 14),
(44, '2020-05-26 08:48:40', 'Logged in to system', 0, 15),
(45, '2020-05-26 08:48:41', 'Logged in to system', 0, 15),
(46, '2020-05-26 08:49:12', 'Logged in to system', 0, 15),
(47, '2020-05-26 08:49:13', 'Logged in to system', 0, 15),
(48, '2020-05-26 08:49:14', 'Logged in to system', 0, 15),
(49, '2020-05-26 08:49:14', 'Logged in to system', 0, 15),
(50, '2020-05-26 08:49:30', 'Logged in to system', 0, 15),
(51, '2020-05-26 10:00:47', 'Logged in to system', 0, 15),
(52, '2020-05-26 10:00:49', 'Logged in to system', 0, 15),
(53, '2020-05-26 10:02:37', 'Logged out of system', 0, 15),
(54, '2020-06-01 18:11:10', 'Logged in to system', 0, 1),
(55, '2020-06-01 18:12:14', 'Logged out of system', 0, 1),
(56, '2020-06-01 18:12:42', 'Logged in to system', 0, 110),
(57, '2020-06-01 18:18:25', 'Logged out of system', 0, 110),
(58, '2020-06-05 19:37:03', 'Logged in to system', 0, 110),
(59, '2020-06-05 19:49:50', 'Member registration', 110, 112),
(60, '2020-06-05 20:12:33', 'Logged out of system', 0, 110),
(61, '2020-06-05 20:16:43', 'Logged in to system', 0, 110),
(62, '2020-06-05 20:17:12', 'Logged out of system', 0, 110),
(63, '2020-06-05 20:18:40', 'Logged in to system', 0, 110),
(64, '2020-06-05 20:20:35', 'Logged out of system', 0, 110),
(65, '2020-06-05 20:22:26', 'Logged in to system', 0, 110),
(66, '2020-06-05 20:35:23', 'Logged out of system', 0, 110),
(67, '2020-06-05 20:41:22', 'Logged in to system', 0, 110),
(68, '2020-06-05 20:53:13', 'Logged out of system', 0, 110),
(69, '2020-06-05 20:56:41', 'Logged in to system', 0, 110),
(70, '2020-06-05 21:00:06', 'Logged out of system', 0, 110),
(71, '2020-06-05 22:10:57', 'Logged in to system', 0, 110),
(72, '2020-06-05 22:13:55', 'Logged out of system', 0, 110),
(73, '2020-06-05 22:21:24', 'Logged in to system', 0, 109),
(74, '2020-06-05 22:21:29', 'Logged out of system', 0, 109),
(75, '2020-06-05 22:23:38', 'Logged in to system', 0, 110),
(76, '2020-06-05 22:32:04', 'Logged out of system', 0, 110),
(77, '2020-06-05 22:44:25', 'Logged in to system', 0, 112),
(78, '0000-00-00 00:00:00', 'Changing of Password', 0, 112),
(79, '2020-06-05 22:46:28', 'Logged out of system', 0, 112),
(80, '2020-06-05 22:46:35', 'Logged in to system', 0, 112),
(81, '2020-06-05 22:48:49', 'Logged out of system', 0, 112),
(82, '2020-06-05 22:48:59', 'Logged in to system', 0, 112),
(83, '2020-06-05 22:49:03', 'Logged out of system', 0, 112),
(84, '2020-06-05 23:09:00', 'Logged in to system', 0, 112),
(85, '0000-00-00 00:00:00', 'Changing of Password', 0, 112),
(86, '2020-06-05 23:12:18', 'Logged out of system', 0, 112),
(87, '2020-06-05 23:12:33', 'Logged in to system', 0, 112),
(88, '2020-06-05 23:14:44', 'Logged out of system', 0, 112),
(89, '2020-06-05 23:15:33', 'Logged in to system', 0, 112),
(90, '2020-06-05 23:16:50', 'Logged out of system', 0, 112),
(91, '2020-06-05 23:17:45', 'Logged in to system', 0, 112),
(92, '2020-06-05 23:24:33', 'Updating of profile picture', 0, 112),
(93, '2020-06-05 23:28:13', 'Updating of profile picture', 0, 112),
(94, '2020-06-05 23:29:34', 'Logged in to system', 0, 112),
(95, '2020-06-05 23:29:52', 'Logged out of system', 0, 112),
(96, '2020-06-05 23:30:37', 'Logged out of system', 0, 112),
(97, '2020-06-05 23:30:46', 'Logged in to system', 0, 112),
(98, '2020-06-05 23:31:21', 'Logged in to system', 0, 112),
(99, '2020-06-05 23:31:23', 'Logged out of system', 0, 112),
(100, '2020-06-05 23:31:33', 'Logged out of system', 0, 112),
(101, '2020-06-05 23:31:37', 'Logged in to system', 0, 110),
(102, '2020-06-05 23:32:10', 'Logged in to system', 0, 112),
(103, '2020-06-05 23:32:15', 'Logged out of system', 0, 112),
(104, '2020-06-05 23:41:37', 'Logged out of system', 0, 110),
(105, '2020-06-05 23:42:13', 'Logged in to system', 0, 110),
(106, '2020-06-05 23:43:54', 'Logged out of system', 0, 110),
(107, '2020-06-05 23:44:47', 'Logged in to system', 0, 112),
(108, '2020-06-05 23:45:02', 'Logged out of system', 0, 112),
(109, '2020-06-05 23:45:25', 'Logged in to system', 0, 110),
(110, '2020-06-05 23:46:37', 'Updating of member documents (Application form)', 110, 112),
(111, '2020-06-05 23:46:42', 'Logged out of system', 0, 110),
(112, '2020-06-05 23:46:52', 'Logged in to system', 0, 112),
(113, '2020-06-05 23:47:22', 'Logged out of system', 0, 112),
(114, '2020-06-13 19:29:25', 'Logged in to system', 0, 110),
(115, '2020-06-13 19:31:27', 'Logged out of system', 0, 110),
(116, '2020-06-13 21:57:15', 'Logged in to system', 0, 110),
(117, '2020-06-13 22:04:51', 'Member registration', 110, 113),
(118, '2020-06-13 22:05:57', 'Logged out of system', 0, 110),
(119, '2020-06-13 22:06:20', 'Logged in to system', 0, 113),
(120, '2020-06-13 22:13:40', 'Updating of profile picture', 0, 113),
(121, '2020-06-13 22:14:22', 'Logged out of system', 0, 113),
(122, '2020-06-25 17:48:41', 'Logged in to system', 0, 110),
(123, '2020-06-25 17:52:28', 'Logged out of system', 0, 110),
(124, '2020-06-26 06:20:50', 'Logged in to system', 0, 110),
(125, '2020-06-26 06:25:05', 'Member registration', 110, 114),
(126, '2020-06-26 06:28:32', 'Logged out of system', 0, 110),
(127, '2020-06-26 21:12:42', 'Logged in to system', 0, 114),
(128, '2020-06-26 21:18:00', 'Logged out of system', 0, 114),
(129, '2020-06-26 21:18:24', 'Logged in to system', 0, 114),
(130, '2020-06-26 21:18:48', 'Logged out of system', 0, 114),
(131, '2020-06-26 21:18:59', 'Logged in to system', 0, 110),
(132, '2020-06-26 21:21:42', 'Updating of member documents (Application form)', 110, 114),
(133, '2020-06-26 21:22:38', 'Logged out of system', 0, 110),
(134, '2020-06-26 21:22:50', 'Logged in to system', 0, 110),
(135, '2020-06-26 21:24:21', 'Updating of member documents (Application form)', 110, 114),
(136, '2020-06-26 21:25:08', 'Updating of profile picture', 0, 110),
(137, '2020-06-26 21:26:29', 'Updating of profile picture', 0, 110),
(138, '2020-06-26 21:28:04', 'Logged out of system', 0, 110),
(139, '2020-06-26 21:28:18', 'Logged in to system', 0, 114),
(140, '2020-06-26 21:31:03', 'Logged out of system', 0, 114),
(141, '2020-06-26 21:31:23', 'Logged in to system', 0, 110),
(142, '2020-06-26 21:34:04', 'Logged out of system', 0, 110),
(143, '2020-06-26 21:35:26', 'Logged in to system', 0, 114),
(144, '2020-06-26 21:35:57', 'Logged out of system', 0, 114),
(145, '2020-06-26 21:36:09', 'Logged in to system', 0, 110),
(146, '2020-06-26 21:39:39', 'Updating of member documents (Application form)', 110, 114),
(147, '2020-06-26 21:41:50', 'Logged out of system', 0, 110),
(148, '2020-06-26 21:44:28', 'Logged in to system', 0, 114),
(149, '2020-06-26 21:45:29', 'Updating of profile picture', 0, 114),
(150, '2020-06-26 21:45:43', 'Logged out of system', 0, 114),
(151, '2020-06-26 21:45:54', 'Logged in to system', 0, 110),
(152, '2020-06-26 21:48:37', 'Logged out of system', 0, 110),
(153, '2020-07-01 16:20:12', 'Logged in to system', 0, 110),
(154, '2020-07-01 16:23:42', 'Member registration', 110, 115),
(155, '2020-07-01 16:24:44', 'Logged out of system', 0, 110),
(156, '2020-07-01 16:24:59', 'Logged in to system', 0, 115),
(157, '2020-07-01 16:25:20', 'Updating of profile picture', 0, 115),
(158, '2020-07-01 16:25:33', 'Logged out of system', 0, 115),
(159, '2020-07-01 16:26:12', 'Logged in to system', 0, 110),
(160, '2020-07-01 16:26:33', 'Logged out of system', 0, 110),
(161, '2020-07-30 18:44:58', 'Logged in to system', 0, 13),
(162, '2020-08-10 15:32:44', 'Logged in to system', 0, 110),
(163, '2020-08-10 15:38:45', 'Member registration', 110, 116),
(164, '2020-08-10 15:40:13', 'Logged out of system', 0, 110),
(165, '2020-08-10 15:40:28', 'Logged in to system', 0, 116),
(166, '2020-08-10 15:41:12', 'Updating of profile picture', 0, 116),
(167, '2020-08-10 15:41:41', 'Logged out of system', 0, 116),
(168, '2020-08-13 13:47:59', 'Logged in to system', 0, 64),
(169, '0000-00-00 00:00:00', 'Changing of Password', 0, 64),
(170, '2020-08-13 13:57:19', 'Logged out of system', 0, 64),
(171, '2020-08-13 13:57:41', 'Logged in to system', 0, 64),
(172, '2020-08-13 13:57:50', 'Logged out of system', 0, 64),
(173, '2020-08-23 21:25:22', 'Logged in to system', 0, 110),
(174, '2020-08-23 21:55:54', 'Logged out of system', 0, 110),
(175, '2020-08-23 21:56:25', 'Logged in to system', 0, 1),
(176, '2020-08-23 21:58:30', 'Logged out of system', 0, 1),
(177, '2020-08-23 22:05:20', 'Logged in to system', 0, 1),
(178, '2020-08-23 22:05:32', 'Logged out of system', 0, 1),
(179, '2020-08-23 22:06:19', 'Logged in to system', 0, 110),
(180, '2020-08-23 22:11:31', 'Logged out of system', 0, 110),
(181, '2020-08-24 11:45:45', 'Logged in to system', 0, 110),
(182, '2020-08-24 11:50:04', 'Encoder registration', 110, 117),
(183, '2020-08-24 12:06:46', 'Logged out of system', 0, 110),
(184, '2020-08-24 13:22:20', 'Logged in to system', 0, 110),
(185, '2020-08-25 22:02:32', 'Logged in to system', 0, 40),
(186, '2020-08-25 22:08:07', 'Logged out of system', 0, 40),
(187, '2020-08-27 16:04:46', 'Logged in to system', 0, 2),
(188, '2020-08-27 19:14:50', 'Logged in to system', 0, 78),
(189, '2020-09-08 16:00:46', 'Logged in to system', 0, 113),
(190, '0000-00-00 00:00:00', 'Changing of Password', 0, 113),
(191, '2020-09-13 07:05:56', 'Logged in to system', 0, 110),
(192, '2020-09-13 07:08:34', 'Logged out of system', 0, 110),
(193, '2020-09-13 13:38:45', 'Logged in to system', 0, 110),
(194, '2020-09-13 15:32:23', 'Logged in to system', 0, 110),
(195, '2020-09-13 15:35:38', 'Logged in to system', 0, 71),
(196, '2020-09-15 14:31:08', 'Logged in to system', 0, 110),
(197, '2020-09-15 14:35:13', 'Logged out of system', 0, 110),
(198, '2020-09-18 16:43:27', 'Logged in to system', 0, 110),
(199, '2020-09-18 16:47:17', 'Logged out of system', 0, 110),
(200, '2020-09-19 11:31:01', 'Logged in to system', 0, 110),
(201, '2020-09-19 11:32:13', 'Set new amount for fee classification 1, 50', 110, 0),
(202, '2020-09-19 11:32:46', 'Logged out of system', 0, 110),
(203, '2020-09-19 11:34:30', 'Logged in to system', 0, 110),
(204, '2020-09-19 11:44:25', 'Logged out of system', 0, 110),
(205, '2020-09-19 11:49:11', 'Logged in to system', 0, 110),
(206, '2020-09-19 11:50:23', 'Logged out of system', 0, 110),
(207, '2020-09-19 15:39:09', 'Logged in to system', 0, 110),
(208, '2020-09-19 15:43:33', 'Member registration', 110, 118),
(209, '2020-09-19 15:49:53', 'Logged out of system', 0, 110),
(210, '2020-09-19 15:49:54', 'Logged out of system', 0, 110),
(211, '2020-09-19 15:51:02', 'Logged in to system', 0, 110),
(212, '2020-09-19 15:58:00', 'Logged out of system', 0, 110),
(213, '2020-09-19 15:58:14', 'Logged in to system', 0, 110),
(214, '2020-09-19 16:00:44', 'Updating of member documents (Application form)', 110, 118),
(215, '2020-09-19 16:03:51', 'Logged out of system', 0, 110),
(216, '2020-09-19 16:03:53', 'Logged out of system', 0, 110),
(217, '2020-09-19 16:03:54', 'Logged out of system', 0, 110),
(218, '2020-09-19 16:03:56', 'Logged out of system', 0, 110),
(219, '2020-09-19 16:03:57', 'Logged out of system', 0, 110),
(220, '2020-09-19 16:03:59', 'Logged out of system', 0, 110),
(221, '2020-09-19 16:04:00', 'Logged out of system', 0, 110),
(222, '2020-09-19 16:04:14', 'Logged in to system', 0, 118),
(223, '2020-09-19 16:04:38', 'Updating of profile picture', 0, 118),
(224, '2020-09-19 16:05:36', 'Logged out of system', 0, 118),
(225, '2020-09-19 16:07:19', 'Logged in to system', 0, 110),
(226, '2020-09-19 16:12:27', 'Logged out of system', 0, 110),
(227, '2020-09-19 16:13:15', 'Logged in to system', 0, 110),
(228, '2020-09-19 16:17:54', 'Logged out of system', 0, 110),
(229, '2020-09-19 16:21:31', 'Logged in to system', 0, 110),
(230, '2020-09-19 18:12:47', 'Logged in to system', 0, 110),
(231, '2020-09-19 18:19:57', 'Logged out of system', 0, 110),
(232, '2020-09-19 18:22:12', 'Logged in to system', 0, 110),
(233, '2020-09-19 18:26:08', 'Logged out of system', 0, 110),
(234, '2020-09-19 18:26:10', 'Logged out of system', 0, 110),
(235, '2020-09-19 18:30:48', 'Logged in to system', 0, 110),
(236, '2020-09-19 18:47:28', 'Logged in to system', 0, 118),
(237, '2020-09-19 18:48:13', 'Logged out of system', 0, 118),
(238, '2020-09-19 18:48:25', 'Logged in to system', 0, 110),
(239, '2020-09-19 18:58:21', 'Updating of profile picture', 0, 110),
(240, '2020-09-19 19:00:20', 'Posting of donation transaction, 10', 110, 2),
(241, '2020-09-19 19:21:06', 'Logged out of system', 0, 110),
(242, '2020-09-19 20:47:47', 'Logged in to system', 0, 110),
(243, '2020-09-19 20:50:35', 'Member registration', 110, 119),
(244, '2020-09-19 20:50:55', 'Logged out of system', 0, 110),
(245, '2020-09-19 20:51:15', 'Logged in to system', 0, 119),
(246, '2020-09-19 20:51:47', 'Updating of profile picture', 0, 119),
(247, '2020-09-19 20:52:31', 'Logged out of system', 0, 119),
(248, '2020-09-19 20:56:53', 'Logged in to system', 0, 110),
(249, '2020-09-19 20:57:30', 'Set new amount for fee classification 2, 50', 110, 0),
(250, '2020-09-19 20:57:36', 'Set new amount for fee classification 2, 50', 110, 0),
(251, '2020-09-19 20:59:15', 'Posting of donation transaction, 20', 110, 118),
(252, '2020-09-19 20:59:29', 'Posting of donation transaction, 20', 110, 119),
(253, '2020-09-19 20:59:43', 'Posting of donation transaction, 10', 110, 2),
(254, '2020-09-19 21:27:04', 'Logged out of system', 0, 110),
(255, '2020-09-19 21:28:25', 'Logged in to system', 0, 110),
(256, '2020-09-19 21:40:11', 'Logged out of system', 0, 110),
(257, '2020-09-19 21:49:33', 'Logged in to system', 0, 110),
(258, '2020-09-19 21:51:14', 'Logged out of system', 0, 110),
(259, '2020-09-20 21:08:11', 'Logged in to system', 0, 110),
(260, '2020-09-25 12:35:37', 'Logged in to system', 0, 71),
(261, '2020-09-25 12:50:59', 'Logged in to system', 0, 110),
(262, '2020-09-25 12:53:38', 'Logged out of system', 0, 110),
(263, '2020-10-06 13:16:43', 'Logged in to system', 0, 110),
(264, '2020-10-06 13:28:41', 'Member registration', 110, 120),
(265, '2020-10-06 13:46:30', 'Member registration', 110, 121),
(266, '2020-10-06 14:06:18', 'Logged in to system', 0, 110),
(267, '2020-10-06 15:35:17', 'Logged in to system', 0, 110),
(268, '2020-10-06 15:41:37', 'Logged in to system', 0, 110),
(269, '2020-10-06 15:41:39', 'Logged in to system', 0, 110),
(270, '2020-10-06 15:46:11', 'Logged in to system', 0, 110),
(271, '2020-10-06 15:46:13', 'Logged in to system', 0, 110),
(272, '2020-10-07 14:38:43', 'Logged in to system', 0, 110),
(273, '2020-10-07 20:50:41', 'Logged in to system', 0, 1),
(274, '2020-10-07 20:51:28', 'Logged out of system', 0, 1),
(275, '2020-10-07 20:53:36', 'Logged in to system', 0, 110),
(276, '2020-10-07 20:55:24', 'Posting of donation transaction, 10', 110, 2),
(277, '2020-10-07 20:55:57', 'Posting of donation transaction, 10', 110, 2),
(278, '2020-10-07 21:01:18', 'Logged out of system', 0, 110),
(279, '2020-10-08 09:32:47', 'Logged in to system', 0, 110),
(280, '2020-10-08 09:32:48', 'Logged in to system', 0, 110),
(281, '2020-10-08 10:11:46', 'Logged in to system', 0, 110),
(282, '2020-10-08 10:15:12', 'Logged in to system', 0, 110),
(283, '2020-10-08 10:15:19', 'Logged in to system', 0, 110),
(284, '2020-10-08 10:25:43', 'Logged in to system', 0, 110),
(285, '2020-10-08 10:33:42', 'Logged in to system', 0, 110),
(286, '2020-10-08 10:58:38', 'Logged in to system', 0, 110),
(287, '2020-10-08 10:58:38', 'Logged in to system', 0, 110),
(288, '2020-10-08 11:52:57', 'Logged in to system', 0, 110),
(289, '2020-10-08 11:54:44', 'Logged out of system', 0, 110),
(290, '2020-10-08 13:08:42', 'Logged in to system', 0, 110),
(291, '2020-10-08 13:08:51', 'Logged out of system', 0, 110),
(292, '2020-10-08 13:14:31', 'Logged in to system', 0, 110),
(293, '2020-10-08 13:18:47', 'Logged in to system', 0, 110),
(294, '2020-10-08 13:23:24', 'Logged out of system', 0, 110),
(295, '2020-10-08 13:24:15', 'Logged in to system', 0, 121),
(296, '0000-00-00 00:00:00', 'Changing of Password', 0, 121),
(297, '2020-10-08 13:30:03', 'Logged out of system', 0, 121),
(298, '2020-10-08 13:30:04', 'Logged out of system', 0, 121),
(299, '2020-10-08 13:31:00', 'Logged in to system', 0, 120),
(300, '2020-10-08 13:31:01', 'Logged in to system', 0, 120),
(301, '2020-10-08 13:31:03', 'Logged in to system', 0, 120),
(302, '0000-00-00 00:00:00', 'Changing of Password', 0, 120),
(303, '2020-10-08 13:39:16', 'Logged in to system', 0, 110),
(304, '2020-10-08 13:41:24', 'Logged out of system', 0, 110),
(305, '2020-10-08 13:42:45', 'Logged in to system', 0, 110),
(306, '2020-10-08 13:43:07', 'Logged out of system', 0, 110),
(307, '2020-10-08 13:47:09', 'Logged in to system', 0, 110),
(308, '2020-10-08 14:19:50', 'Logged in to system', 0, 110),
(309, '2020-10-08 14:29:26', 'Logged in to system', 0, 110),
(310, '2020-10-08 14:50:18', 'Logged in to system', 0, 120),
(311, '2020-10-08 14:52:44', 'Logged in to system', 0, 121),
(312, '2020-10-08 14:57:19', 'Logged in to system', 0, 2),
(313, '2020-10-08 14:58:57', 'Logged in to system', 0, 120),
(314, '2020-10-08 15:02:08', 'Logged in to system', 0, 121),
(315, '2020-10-08 15:02:09', 'Logged in to system', 0, 121),
(316, '2020-10-09 10:38:32', 'Logged in to system', 0, 110),
(317, '2020-10-09 10:41:19', 'Logged out of system', 0, 110),
(318, '2020-10-09 13:09:25', 'Logged in to system', 0, 2),
(319, '2020-10-10 07:19:51', 'Logged in to system', 0, 71),
(320, '2020-10-10 11:29:15', 'Logged in to system', 0, 116),
(321, '0000-00-00 00:00:00', 'Changing of Password', 0, 116),
(322, '2020-10-11 14:39:15', 'Logged in to system', 0, 2),
(323, '2020-10-11 15:02:08', 'Logged in to system', 0, 120),
(324, '2020-10-12 09:42:47', 'Logged in to system', 0, 110),
(325, '2020-10-12 14:29:27', 'Logged in to system', 0, 110),
(326, '2020-10-13 03:56:25', 'Logged in to system', 0, 110),
(327, '2020-10-13 04:11:51', 'Logged out of system', 0, 110),
(328, '2020-10-13 18:13:02', 'Logged in to system', 0, 110),
(329, '2020-10-13 18:14:11', 'Logged out of system', 0, 110),
(330, '2020-10-13 22:39:37', 'Logged in to system', 0, 110),
(331, '2020-10-14 16:21:33', 'Logged in to system', 0, 13),
(332, '2020-10-15 03:01:43', 'Logged in to system', 0, 110),
(333, '2020-10-15 03:02:49', 'Logged in to system', 0, 110),
(334, '2020-10-15 03:03:22', 'Logged out of system', 0, 110),
(335, '2020-10-16 09:41:11', 'Logged in to system', 0, 110),
(336, '2020-10-16 11:13:28', 'Logged in to system', 0, 110),
(337, '2020-10-19 14:12:30', 'Logged in to system', 0, 110),
(338, '2020-10-20 10:46:23', 'Logged in to system', 0, 121),
(339, '2020-10-20 10:47:24', 'Logged in to system', 0, 110),
(340, '2020-10-20 11:35:43', 'Logged in to system', 0, 110),
(341, '2020-10-20 13:21:43', 'Logged in to system', 0, 110),
(342, '2020-10-20 15:13:17', 'Logged in to system', 0, 110),
(343, '2020-10-21 09:59:56', 'Logged in to system', 0, 110),
(344, '2020-10-25 00:55:48', 'Logged in to system', 0, 42),
(345, '2020-10-26 16:00:28', 'Logged in to system', 0, 110),
(346, '2020-10-26 16:01:29', 'Logged out of system', 0, 110),
(347, '2020-10-27 19:42:40', 'Logged in to system', 0, 13),
(348, '2020-10-27 19:43:28', 'Logged out of system', 0, 13),
(349, '2020-10-28 15:33:22', 'Logged in to system', 0, 110),
(350, '2020-11-02 02:59:23', 'Logged in to system', 0, 110),
(351, '2020-11-02 03:01:09', 'Logged out of system', 0, 110),
(352, '2020-11-02 03:01:12', 'Logged out of system', 0, 110),
(353, '2020-11-03 15:23:35', 'Logged in to system', 0, 110),
(354, '2020-11-03 16:03:30', 'Logged in to system', 0, 110),
(355, '2020-11-03 16:04:47', 'Logged in to system', 0, 110),
(356, '2020-11-03 16:10:25', 'Logged in to system', 0, 110),
(357, '2020-11-03 16:20:01', 'Logged in to system', 0, 110),
(358, '2020-11-04 09:23:42', 'Logged in to system', 0, 110),
(359, '2020-11-04 09:31:22', 'Encoder registration', 110, 122),
(360, '2020-11-04 09:45:19', 'Logged in to system', 0, 110),
(361, '2020-11-04 09:46:54', 'Logged in to system', 0, 110),
(362, '2020-11-04 09:47:55', 'Logged in to system', 0, 110),
(363, '2020-11-04 09:58:33', 'Logged in to system', 0, 110),
(364, '2020-11-04 10:00:35', 'Logged in to system', 0, 121),
(365, '2020-11-04 10:01:37', 'Logged in to system', 0, 110),
(366, '2020-11-04 10:06:51', 'Logged in to system', 0, 110),
(367, '2020-11-04 10:28:43', 'Logged in to system', 0, 110),
(368, '2020-11-04 10:35:53', 'Logged in to system', 0, 122),
(369, '2020-11-04 10:38:11', 'Logged in to system', 0, 110),
(370, '2020-11-04 10:51:38', 'Logged in to system', 0, 120),
(371, '2020-11-04 10:52:40', 'Logged in to system', 0, 122),
(372, '2020-11-04 10:55:27', 'Logged in to system', 0, 110),
(373, '2020-11-04 10:56:55', 'Logged in to system', 0, 110),
(374, '2020-11-04 11:08:41', 'Logged in to system', 0, 2),
(375, '2020-11-04 11:10:39', 'Logged in to system', 0, 13),
(376, '2020-11-04 11:12:21', 'Logged in to system', 0, 2),
(377, '2020-11-04 11:16:32', 'Logged in to system', 0, 13),
(378, '2020-11-04 11:23:30', 'Logged in to system', 0, 110),
(379, '2020-11-04 11:27:04', 'Logged in to system', 0, 110),
(380, '2020-11-04 11:29:39', 'Logged in to system', 0, 13),
(381, '2020-11-04 11:39:20', 'Logged in to system', 0, 110),
(382, '2020-11-04 13:02:56', 'Logged in to system', 0, 110),
(383, '2020-11-04 13:09:58', 'Logged in to system', 0, 110),
(384, '2020-11-04 13:10:51', 'Logged in to system', 0, 110),
(385, '2020-11-04 13:31:14', 'Logged in to system', 0, 110),
(386, '2020-11-04 13:33:14', 'Logged in to system', 0, 13),
(387, '2020-11-04 13:41:53', 'Logged in to system', 0, 110),
(388, '2020-11-04 13:51:06', 'Logged in to system', 0, 110),
(389, '2020-11-04 13:54:34', 'Logged out of system', 0, 110),
(390, '2020-11-04 13:55:16', 'Logged in to system', 0, 122),
(391, '2020-11-04 13:58:43', 'Logged out of system', 0, 122),
(392, '2020-11-04 13:58:49', 'Logged in to system', 0, 110),
(393, '2020-11-04 14:07:41', 'Member registration', 110, 123),
(394, '2020-11-04 14:13:05', 'Member registration', 110, 124),
(395, '2020-11-04 14:16:58', 'Logged out of system', 0, 110),
(396, '2020-11-04 14:17:25', 'Logged in to system', 0, 122),
(397, '2020-11-04 14:18:58', 'Logged out of system', 0, 122),
(398, '2020-11-04 14:19:03', 'Logged in to system', 0, 110),
(399, '2020-11-04 14:27:21', 'Logged in to system', 0, 110),
(400, '2020-11-04 14:32:51', 'Logged in to system', 0, 122),
(401, '2020-11-04 14:34:00', 'Logged in to system', 0, 110),
(402, '2020-11-04 14:37:29', 'Logged out of system', 0, 110),
(403, '2020-11-04 14:38:07', 'Logged in to system', 0, 122),
(404, '2020-11-04 14:39:37', 'Logged in to system', 0, 110),
(405, '2020-11-04 17:05:43', 'Logged in to system', 0, 110),
(406, '2020-11-21 21:21:12', 'Logged in to system', 0, 110),
(407, '2020-11-21 22:20:22', 'Logged in to system', 0, 110),
(408, '2020-11-27 03:42:39', 'Logged in to system', 0, 110),
(409, '2020-12-02 11:30:17', 'Logged in to system', 0, 110),
(410, '2020-12-02 13:10:51', 'Logged in to system', 0, 110),
(411, '2020-12-02 13:32:52', 'Logged in to system', 0, 110),
(412, '2020-12-02 13:55:39', 'Member registration', 110, 125),
(413, '2020-12-02 14:23:33', 'Logged in to system', 0, 110),
(414, '2020-12-02 14:24:25', 'Logged in to system', 0, 110),
(415, '2020-12-02 14:46:31', 'Logged in to system', 0, 110),
(416, '2020-12-02 15:14:54', 'Logged in to system', 0, 110),
(417, '2020-12-02 15:31:52', 'Logged in to system', 0, 110),
(418, '2020-12-02 19:51:55', 'Logged in to system', 0, 110),
(419, '2020-12-03 11:13:08', 'Logged in to system', 0, 110),
(420, '2020-12-03 11:16:40', 'Logged in to system', 0, 110),
(421, '2020-12-03 11:30:02', 'Member registration', 110, 126),
(422, '2020-12-03 12:15:46', 'Logged in to system', 0, 110),
(423, '2020-12-03 12:19:27', 'Logged in to system', 0, 110),
(424, '2020-12-03 12:28:31', 'Member registration', 110, 127),
(425, '2020-12-03 12:41:59', 'Member registration', 110, 128),
(426, '2020-12-03 13:52:42', 'Logged in to system', 0, 110),
(427, '2020-12-03 14:33:14', 'Logged in to system', 0, 110),
(428, '2020-12-03 14:34:31', 'Logged out of system', 0, 110),
(429, '2020-12-03 14:35:29', 'Logged in to system', 0, 124),
(430, '2020-12-03 14:53:17', 'Logged in to system', 0, 110),
(431, '2020-12-03 15:02:11', 'Member registration', 110, 129),
(432, '2020-12-03 15:40:15', 'Member registration', 110, 130),
(433, '2020-12-03 15:50:27', 'Logged in to system', 0, 129),
(434, '2020-12-03 15:53:27', 'Updating of profile picture', 0, 129),
(435, '0000-00-00 00:00:00', 'Changing of Password', 0, 129),
(436, '2020-12-03 15:54:32', 'Member registration', 110, 131),
(437, '2020-12-03 16:03:00', 'Logged in to system', 0, 110),
(438, '2020-12-03 16:57:43', 'Logged in to system', 0, 110),
(439, '2020-12-03 17:17:40', 'Logged in to system', 0, 110),
(440, '2020-12-03 17:41:25', 'Member registration', 110, 132),
(441, '2020-12-04 00:00:21', 'Logged in to system', 0, 1),
(442, '2020-12-04 00:03:30', 'Logged out of system', 0, 1),
(443, '2020-12-04 01:35:30', 'Logged in to system', 0, 124),
(444, '2020-12-04 01:35:32', 'Logged in to system', 0, 124),
(445, '2020-12-04 01:37:44', 'Updating of profile picture', 0, 124),
(446, '2020-12-04 01:38:16', 'Logged out of system', 0, 124),
(447, '2020-12-04 01:40:18', 'Logged in to system', 0, 42),
(448, '2020-12-04 01:53:34', 'Logged in to system', 0, 130),
(449, '2020-12-04 01:54:18', 'Updating of profile picture', 0, 130),
(450, '2020-12-04 01:55:08', 'Updating of profile picture', 0, 130),
(451, '2020-12-04 01:55:37', 'Updating of profile picture', 0, 130),
(452, '2020-12-04 01:58:07', 'Logged in to system', 0, 124),
(453, '2020-12-04 01:58:24', 'Logged in to system', 0, 124),
(454, '2020-12-04 01:58:26', 'Logged in to system', 0, 124),
(455, '2020-12-04 01:59:32', 'Updating of profile picture', 0, 130),
(456, '2020-12-04 02:01:59', 'Logged in to system', 0, 124),
(457, '2020-12-04 02:02:00', 'Logged in to system', 0, 124),
(458, '2020-12-04 02:04:37', 'Updating of profile picture', 0, 124),
(459, '2020-12-04 02:05:11', 'Logged out of system', 0, 124),
(460, '2020-12-04 02:06:37', 'Updating of profile picture', 0, 130),
(461, '2020-12-04 02:09:15', 'Updating of profile picture', 0, 130),
(462, '0000-00-00 00:00:00', 'Changing of Password', 0, 130),
(463, '2020-12-04 02:12:38', 'Logged out of system', 0, 130),
(464, '2020-12-04 02:13:08', 'Logged in to system', 0, 130),
(465, '2020-12-04 02:14:05', 'Logged out of system', 0, 130),
(466, '2020-12-04 09:37:23', 'Logged in to system', 0, 110),
(467, '2020-12-04 14:02:39', 'Logged in to system', 0, 110),
(468, '2020-12-04 14:15:13', 'Logged in to system', 0, 110),
(469, '2020-12-04 14:21:54', 'Member registration', 110, 133),
(470, '2020-12-04 14:30:57', 'Member registration', 110, 134),
(471, '2020-12-04 14:39:47', 'Member registration', 110, 135),
(472, '2020-12-04 15:16:41', 'Logged in to system', 0, 110),
(473, '2020-12-04 15:19:42', 'Logged in to system', 0, 110),
(474, '2020-12-04 15:21:21', 'Logged in to system', 0, 110),
(475, '2020-12-04 15:34:07', 'Logged in to system', 0, 13),
(476, '2020-12-04 15:35:34', 'Logged in to system', 0, 24),
(477, '2020-12-04 15:37:00', 'Logged in to system', 0, 11),
(478, '2020-12-04 15:38:16', 'Logged in to system', 0, 110),
(479, '2020-12-04 15:45:38', 'Posting of donation transaction, 10', 110, 13),
(480, '2020-12-04 15:46:59', 'Logged in to system', 0, 13),
(481, '2020-12-04 15:49:15', 'Logged in to system', 0, 24),
(482, '2020-12-04 15:50:03', 'Logged in to system', 0, 110),
(483, '2020-12-04 15:51:13', 'Posting of donation transaction, 10', 110, 24),
(484, '2020-12-04 15:52:15', 'Logged in to system', 0, 24),
(485, '2020-12-04 15:52:59', 'Logged in to system', 0, 110),
(486, '2020-12-04 15:53:42', 'Posting of donation transaction, 10', 110, 24),
(487, '2020-12-04 15:54:47', 'Posting of donation transaction, 10', 110, 11),
(488, '2020-12-04 15:56:51', 'Posting of donation transaction, 10', 110, 17),
(489, '2020-12-04 15:59:47', 'Posting of donation transaction, 10', 110, 129),
(490, '2020-12-04 16:01:30', 'Logged in to system', 0, 13),
(491, '2020-12-04 16:02:41', 'Logged in to system', 0, 110),
(492, '2020-12-04 16:03:46', 'Posting of donation transaction, 10', 110, 13),
(493, '2020-12-04 16:10:38', 'Logged in to system', 0, 110),
(494, '2020-12-04 16:14:58', 'Logged in to system', 0, 110),
(495, '2020-12-04 16:15:51', 'Posting of donation transaction, 10', 110, 2),
(496, '2020-12-04 16:17:44', 'Posting of donation transaction, 10', 110, 24),
(497, '2020-12-04 16:19:08', 'Posting of donation transaction, 10', 110, 13),
(498, '2020-12-04 16:20:46', 'Posting of donation transaction, 10', 110, 128),
(499, '2020-12-04 16:48:13', 'Logged in to system', 0, 13),
(500, '2020-12-04 18:17:11', 'Logged in to system', 0, 134),
(501, '2020-12-04 18:25:22', 'Updating of profile picture', 0, 134),
(502, '2020-12-04 18:27:46', 'Logged out of system', 0, 134),
(503, '2020-12-04 19:05:33', 'Logged in to system', 0, 128),
(504, '2020-12-04 19:10:54', 'Updating of profile picture', 0, 128),
(505, '0000-00-00 00:00:00', 'Changing of Password', 0, 128),
(506, '2020-12-04 19:13:40', 'Logged in to system', 0, 135),
(507, '2020-12-04 20:23:50', 'Logged in to system', 0, 135),
(508, '2020-12-04 20:25:02', 'Updating of profile picture', 0, 135),
(509, '0000-00-00 00:00:00', 'Changing of Password', 0, 135),
(510, '2020-12-04 20:29:09', 'Logged out of system', 0, 135),
(511, '2020-12-04 20:29:45', 'Logged in to system', 0, 135),
(512, '2020-12-04 20:29:46', 'Logged in to system', 0, 135),
(513, '2020-12-04 23:26:20', 'Logged in to system', 0, 110),
(514, '2020-12-05 00:02:08', 'Logged out of system', 0, 110),
(515, '2020-12-05 00:06:04', 'Logged in to system', 0, 110),
(516, '2020-12-05 00:12:43', 'Logged out of system', 0, 110),
(517, '2020-12-06 00:56:50', 'Logged in to system', 0, 134),
(518, '0000-00-00 00:00:00', 'Changing of Password', 0, 134),
(519, '2020-12-06 01:00:36', 'Logged out of system', 0, 134),
(520, '2020-12-06 01:00:40', 'Logged out of system', 0, 134),
(521, '2020-12-06 01:01:05', 'Logged in to system', 0, 134),
(522, '2020-12-06 01:01:47', 'Logged out of system', 0, 134),
(523, '2020-12-07 12:58:42', 'Logged in to system', 0, 110),
(524, '2020-12-07 13:10:08', 'Member registration', 110, 136),
(525, '2020-12-07 13:13:00', 'Logged in to system', 0, 110),
(526, '2020-12-07 13:16:20', 'Logged in to system', 0, 17),
(527, '2020-12-07 13:17:48', 'Logged in to system', 0, 110),
(528, '2020-12-07 13:20:05', 'Posting of donation transaction, 10', 110, 17),
(529, '2020-12-07 13:21:19', 'Logged in to system', 0, 17),
(530, '2020-12-07 13:56:39', 'Logged in to system', 0, 110),
(531, '2020-12-07 13:58:14', 'Logged in to system', 0, 110),
(532, '2020-12-07 14:03:21', 'Logged in to system', 0, 42),
(533, '2020-12-07 14:04:37', 'Logged in to system', 0, 110),
(534, '2020-12-07 14:09:32', 'Posting of donation transaction, 50', 110, 42),
(535, '2020-12-07 14:12:03', 'Logged in to system', 0, 42),
(536, '2020-12-07 14:15:47', 'Logged in to system', 0, 110),
(537, '2020-12-07 19:13:22', 'Logged in to system', 0, 42),
(538, '2020-12-09 05:28:42', 'Logged in to system', 0, 110),
(539, '2020-12-09 05:30:23', 'Charging of annual fees', 110, 42),
(540, '2020-12-09 05:32:26', 'Charging of annual fees', 110, 3),
(541, '2020-12-09 05:33:02', 'Charging of annual fees', 110, 10),
(542, '2020-12-09 05:45:55', 'Posting of donation transaction, 30', 110, 42),
(543, '2020-12-09 05:48:02', 'Posting of donation transaction, 30', 110, 3),
(544, '2020-12-09 05:49:23', 'Posting of donation transaction, 30', 110, 10),
(545, '2020-12-09 05:51:17', 'Logged out of system', 0, 110),
(546, '2020-12-09 11:19:47', 'Logged in to system', 0, 110),
(547, '2020-12-11 15:40:35', 'Logged in to system', 0, 110),
(548, '2020-12-11 16:33:57', 'Logged in to system', 0, 110),
(549, '2020-12-11 16:37:24', 'Posting of donation transaction, 30', 110, 38),
(550, '2020-12-11 16:38:21', 'Posting of donation transaction, 30', 110, 39),
(551, '2020-12-11 16:45:41', 'Posting of donation transaction, 30', 110, 76),
(552, '2020-12-11 16:47:05', 'Posting of donation transaction, 30', 110, 73),
(553, '2020-12-11 16:48:46', 'Posting of donation transaction, 30', 110, 30),
(554, '2020-12-11 16:49:56', 'Posting of donation transaction, 30', 110, 56),
(555, '2020-12-11 16:50:48', 'Posting of donation transaction, 30', 110, 13),
(556, '2020-12-11 16:51:35', 'Posting of donation transaction, 30', 110, 119),
(557, '2020-12-11 16:52:10', 'Posting of donation transaction, 30', 110, 120),
(558, '2020-12-11 16:52:46', 'Posting of donation transaction, 30', 110, 132),
(559, '2020-12-11 16:53:22', 'Posting of donation transaction, 30', 110, 118),
(560, '2020-12-11 16:54:17', 'Posting of donation transaction, 30', 110, 121),
(561, '2020-12-11 16:55:01', 'Posting of donation transaction, 30', 110, 66),
(562, '2020-12-11 16:55:49', 'Posting of donation transaction, 30', 110, 24),
(563, '2020-12-11 16:56:22', 'Posting of donation transaction, 30', 110, 28),
(564, '2020-12-11 16:56:59', 'Posting of donation transaction, 30', 110, 36),
(565, '2020-12-11 16:57:46', 'Posting of donation transaction, 30', 110, 64),
(566, '2020-12-11 16:58:25', 'Posting of donation transaction, 30', 110, 71),
(567, '2020-12-11 05:13:10', 'Charging of annual fees', 110, 38),
(568, '2020-12-11 17:18:36', 'Logged in to system', 0, 110),
(569, '2020-12-11 05:19:55', 'Charging of annual fees', 110, 39),
(570, '2020-12-11 05:21:40', 'Charging of annual fees', 110, 76),
(571, '2020-12-11 05:22:10', 'Charging of annual fees', 110, 73),
(572, '2020-12-11 05:22:52', 'Charging of annual fees', 110, 30),
(573, '2020-12-11 05:23:24', 'Charging of annual fees', 110, 56),
(574, '2020-12-11 05:23:45', 'Charging of annual fees', 110, 13),
(575, '2020-12-11 05:24:28', 'Charging of annual fees', 110, 119),
(576, '2020-12-11 05:25:27', 'Charging of annual fees', 110, 120),
(577, '2020-12-11 05:25:58', 'Charging of annual fees', 110, 132),
(578, '2020-12-11 05:26:38', 'Charging of annual fees', 110, 118),
(579, '2020-12-11 05:27:08', 'Charging of annual fees', 110, 121),
(580, '2020-12-11 05:27:38', 'Charging of annual fees', 110, 66),
(581, '2020-12-11 05:28:08', 'Charging of annual fees', 110, 24),
(582, '2020-12-11 05:28:35', 'Charging of annual fees', 110, 28),
(583, '2020-12-11 05:29:04', 'Charging of annual fees', 110, 36),
(584, '2020-12-11 05:29:32', 'Charging of annual fees', 110, 64),
(585, '2020-12-11 05:30:04', 'Charging of annual fees', 110, 71),
(586, '2020-12-11 18:39:42', 'Logged in to system', 0, 110),
(587, '2020-12-11 18:41:36', 'Logged in to system', 0, 110),
(588, '2020-12-11 18:43:17', 'Logged out of system', 0, 110),
(589, '2020-12-11 18:52:51', 'Logged in to system', 0, 110),
(590, '2020-12-11 19:12:24', 'Logged out of system', 0, 110),
(591, '2020-12-12 20:49:03', 'Logged in to system', 0, 128),
(592, '2020-12-13 12:30:05', 'Logged in to system', 0, 2),
(593, '2020-12-15 10:28:20', 'Logged in to system', 0, 110),
(594, '2020-12-15 10:34:15', 'Posting of donation transaction, 30', 110, 41),
(595, '2020-12-15 10:34:46', 'Posting of donation transaction, 30', 110, 2),
(596, '2020-12-15 10:35:39', 'Posting of donation transaction, 30', 110, 27),
(597, '2020-12-15 10:36:14', 'Posting of donation transaction, 30', 110, 7),
(598, '2020-12-15 10:36:47', 'Posting of donation transaction, 30', 110, 8),
(599, '2020-12-15 10:37:17', 'Posting of donation transaction, 30', 110, 9),
(600, '2020-12-15 10:37:48', 'Posting of donation transaction, 30', 110, 11),
(601, '2020-12-15 10:38:18', 'Posting of donation transaction, 30', 110, 25),
(602, '2020-12-15 10:38:55', 'Posting of donation transaction, 30', 110, 15),
(603, '2020-12-15 10:39:27', 'Posting of donation transaction, 30', 110, 16),
(604, '2020-12-15 11:22:02', 'Logged in to system', 0, 110),
(605, '2020-12-15 11:23:28', 'Posting of donation transaction, 30', 110, 26),
(606, '2020-12-15 11:24:10', 'Logged in to system', 0, 110),
(607, '2020-12-15 11:26:08', 'Charging of annual fees', 110, 41),
(608, '2020-12-15 11:26:31', 'Charging of annual fees', 110, 2),
(609, '2020-12-15 11:27:06', 'Charging of annual fees', 110, 27),
(610, '2020-12-15 11:27:31', 'Charging of annual fees', 110, 7),
(611, '2020-12-15 11:27:48', 'Charging of annual fees', 110, 8),
(612, '2020-12-15 11:28:14', 'Charging of annual fees', 110, 9),
(613, '2020-12-15 11:28:43', 'Charging of annual fees', 110, 11),
(614, '2020-12-15 11:29:27', 'Charging of annual fees', 110, 25),
(615, '2020-12-15 11:30:12', 'Charging of annual fees', 110, 15),
(616, '2020-12-15 11:31:06', 'Charging of annual fees', 110, 16),
(617, '2020-12-15 11:31:38', 'Charging of annual fees', 110, 26),
(618, '2020-12-15 11:39:19', 'Logged in to system', 0, 110),
(619, '2020-12-15 11:53:43', 'Logged in to system', 0, 51),
(620, '2020-12-15 14:13:14', 'Logged in to system', 0, 51),
(621, '2020-12-15 14:20:34', 'Logged in to system', 0, 52),
(622, '2020-12-15 14:24:42', 'Logged in to system', 0, 110),
(623, '2020-12-15 14:25:33', 'Posting of donation transaction, 30', 110, 51),
(624, '2020-12-15 02:26:35', 'Charging of annual fees', 110, 51),
(625, '2020-12-16 11:57:41', 'Logged in to system', 0, 110),
(626, '2020-12-16 11:58:47', 'Posting of donation transaction, 30', 110, 94),
(627, '2020-12-16 11:59:53', 'Posting of donation transaction, 30', 110, 88),
(628, '2020-12-16 12:01:24', 'Charging of annual fees', 110, 94),
(629, '2020-12-16 12:02:30', 'Charging of annual fees', 110, 88),
(630, '2020-12-27 05:02:49', 'Logged in to system', 0, 42),
(631, '0000-00-00 00:00:00', 'Changing of Password', 0, 42),
(632, '2020-12-27 05:05:05', 'Logged in to system', 0, 42),
(633, '2021-01-13 10:04:04', 'Logged in to system', 0, 110),
(634, '2021-01-13 10:05:30', 'Posting of donation transaction, 30', 110, 23),
(635, '2021-01-13 10:07:14', 'Charging of annual fees', 110, 23),
(636, '2021-01-14 09:39:02', 'Logged in to system', 0, 110),
(637, '2021-01-14 21:28:41', 'Logged in to system', 0, 110),
(638, '2021-01-14 21:33:01', 'Logged out of system', 0, 110),
(639, '2021-01-19 15:00:07', 'Logged in to system', 0, 110),
(640, '2021-01-19 16:14:36', 'Logged in to system', 0, 110),
(641, '2021-01-20 09:40:14', 'Logged in to system', 0, 110),
(642, '2021-01-20 09:42:54', 'Logged in to system', 0, 110),
(643, '2021-01-20 09:44:00', 'Logged in to system', 0, 110),
(644, '2021-01-20 09:44:42', 'Posting of donation transaction, 30', 110, 83),
(645, '2021-01-20 09:46:00', 'Charging of annual fees', 110, 83),
(646, '2021-01-20 14:06:58', 'Logged in to system', 0, 110),
(647, '2021-01-21 13:17:46', 'Logged in to system', 0, 110),
(648, '2021-01-27 10:54:15', 'Logged in to system', 0, 110),
(649, '2021-01-27 10:55:24', 'Logged in to system', 0, 110),
(650, '2021-01-27 10:56:32', 'Posting of donation transaction, 30', 110, 60),
(651, '2021-01-27 10:57:12', 'Charging of annual fees', 110, 60),
(652, '2021-02-01 14:18:25', 'Logged in to system', 0, 110),
(653, '2021-02-05 11:15:40', 'Logged in to system', 0, 110),
(654, '2021-02-05 12:43:29', 'Logged in to system', 0, 110),
(655, '2021-02-05 12:43:29', 'Logged in to system', 0, 110),
(656, '2021-02-05 12:55:07', 'Logged in to system', 0, 110),
(657, '2021-02-05 12:56:09', 'Logged in to system', 0, 110),
(658, '2021-02-05 12:56:56', 'Logged in to system', 0, 110),
(659, '2021-02-05 13:04:48', 'Logged in to system', 0, 110),
(660, '2021-02-05 13:11:23', 'Member registration', 110, 137),
(661, '2021-02-05 13:15:08', 'Logged in to system', 0, 110),
(662, '2021-02-05 13:23:09', 'Member registration', 110, 138),
(663, '2021-02-05 13:55:18', 'Logged in to system', 0, 110),
(664, '2021-02-05 14:07:17', 'Member registration', 110, 139),
(665, '2021-02-05 14:15:22', 'Member registration', 110, 140),
(666, '2021-02-05 14:27:25', 'Logged in to system', 0, 110),
(667, '2021-02-05 14:28:57', 'Posting of donation transaction, 10', 110, 56),
(668, '2021-02-05 14:29:42', 'Posting of donation transaction, 10', 110, 56),
(669, '2021-02-05 14:30:11', 'Logged in to system', 0, 110),
(670, '2021-02-05 14:30:52', 'Posting of donation transaction, 10', 110, 56),
(671, '2021-02-05 14:31:15', 'Logged in to system', 0, 110),
(672, '2021-02-05 14:31:44', 'Posting of donation transaction, 10', 110, 56),
(673, '2021-02-08 20:05:40', 'Logged in to system', 0, 110),
(674, '2021-02-08 21:44:16', 'Logged in to system', 0, 110),
(675, '2021-02-15 14:13:02', 'Logged in to system', 0, 110),
(676, '2021-02-19 14:04:37', 'Logged in to system', 0, 110),
(677, '2021-02-19 14:08:23', 'Logged in to system', 0, 110),
(678, '2021-02-19 14:09:41', 'Posting of donation transaction, 30', 110, 74),
(679, '2021-02-19 02:11:21', 'Charging of annual fees', 110, 74),
(680, '2021-02-22 13:25:35', 'Logged in to system', 0, 110),
(681, '2021-02-22 13:26:29', 'Logged in to system', 0, 110),
(682, '2021-02-22 13:27:46', 'Logged in to system', 0, 110),
(683, '2021-02-22 13:28:24', 'Logged in to system', 0, 110),
(684, '2021-02-22 13:28:50', 'Posting of donation transaction, 30', 110, 10),
(685, '2021-02-22 01:29:18', 'Charging of annual fees', 110, 10),
(686, '2021-03-02 13:49:14', 'Logged in to system', 0, 110),
(687, '2021-03-08 10:38:26', 'Logged in to system', 0, 110),
(688, '2021-03-08 10:40:05', 'Posting of donation transaction, 30', 110, 101),
(689, '2021-03-08 10:41:51', 'Charging of annual fees', 110, 101),
(690, '2021-03-11 10:21:47', 'Logged in to system', 0, 110),
(691, '2021-03-12 13:52:25', 'Logged in to system', 0, 110),
(692, '2021-03-18 13:55:37', 'Logged in to system', 0, 110),
(693, '2021-03-18 13:57:21', 'Posting of donation transaction, 30', 110, 81),
(694, '2021-03-18 01:59:15', 'Charging of annual fees', 110, 81),
(695, '2021-03-29 23:46:14', 'Logged in to system', 0, 42),
(696, '2021-03-30 00:09:53', 'Logged in to system', 0, 42),
(697, '2021-03-30 00:09:55', 'Logged in to system', 0, 42),
(698, '2021-03-30 00:09:56', 'Logged in to system', 0, 42),
(699, '2021-04-12 10:54:29', 'Logged in to system', 0, 110),
(700, '2021-04-12 10:56:07', 'Logged in to system', 0, 110),
(701, '2021-04-12 10:57:01', 'Logged in to system', 0, 110),
(702, '2021-04-12 11:05:43', 'Logged in to system', 0, 110),
(703, '2021-04-12 11:08:00', 'Posting of donation transaction, 100', 110, 42),
(704, '2021-04-12 11:11:53', 'Logged in to system', 0, 110),
(705, '2021-04-12 11:18:07', 'Logged in to system', 0, 110),
(706, '2021-04-12 11:34:19', 'Member registration', 110, 141),
(707, '2021-04-12 13:55:48', 'Logged in to system', 0, 110),
(708, '2021-04-12 13:57:23', 'Posting of donation transaction, 10', 110, 136),
(709, '2021-04-12 15:02:40', 'Logged in to system', 0, 110),
(710, '2021-04-14 04:24:55', 'Logged in to system', 0, 141),
(711, '2021-04-14 04:30:18', 'Updating of profile picture', 0, 141),
(712, '0000-00-00 00:00:00', 'Changing of Password', 0, 141),
(713, '2021-04-14 04:33:50', 'Logged out of system', 0, 141),
(714, '2021-04-14 19:02:34', 'Logged in to system', 0, 42),
(715, '2021-04-18 17:13:36', 'Logged in to system', 0, 110),
(716, '2021-04-18 17:26:00', 'Logged out of system', 0, 110),
(717, '2021-04-19 09:20:18', 'Logged in to system', 0, 110),
(718, '2021-04-19 10:09:22', 'Logged in to system', 0, 110),
(719, '2021-04-19 10:22:10', 'Logged in to system', 0, 110),
(720, '2021-04-19 13:46:25', 'Logged in to system', 0, 110),
(721, '2021-04-19 13:52:10', 'Logged in to system', 0, 110),
(722, '2021-04-19 14:10:52', 'Logged in to system', 0, 110),
(723, '2021-04-20 14:42:20', 'Logged in to system', 0, 110),
(724, '2021-04-20 14:47:32', 'Logged in to system', 0, 110),
(725, '2021-04-20 15:16:58', 'Logged in to system', 0, 110),
(726, '2021-04-20 15:19:43', 'Posting of claim transaction, 1340.00', 110, 30),
(727, '2021-04-20 15:20:10', 'Logged in to system', 0, 110),
(728, '2021-04-20 15:20:11', 'Logged in to system', 0, 110),
(729, '2021-04-20 21:53:12', 'Logged in to system', 0, 1),
(730, '2021-04-20 21:56:54', 'Logged out of system', 0, 1),
(731, '2021-04-21 10:03:55', 'Logged in to system', 0, 110),
(732, '2021-04-21 10:12:46', 'Member registration', 110, 142),
(733, '2021-04-21 10:14:29', 'Logged in to system', 0, 110),
(734, '2021-04-21 10:19:29', 'Logged in to system', 0, 110),
(735, '2021-04-21 10:21:18', 'Posting of donation transaction, 10', 110, 17),
(736, '2021-04-21 13:37:28', 'Logged in to system', 0, 110),
(737, '2021-04-21 13:43:27', 'Logged out of system', 0, 110),
(738, '2021-04-21 18:06:37', 'Logged in to system', 0, 142),
(739, '2021-04-21 18:07:59', 'Updating of profile picture', 0, 142),
(740, '2021-04-21 18:09:08', 'Logged in to system', 0, 142),
(741, '2021-04-22 11:45:52', 'Logged in to system', 0, 1),
(742, '2021-04-22 11:46:15', 'Logged out of system', 0, 1),
(743, '2021-04-22 11:46:26', 'Logged in to system', 0, 110),
(744, '2021-04-22 12:02:15', 'Logged in to system', 0, 1),
(745, '2021-04-28 07:48:33', 'Logged in to system', 0, 13),
(746, '2021-05-07 13:55:29', 'Logged in to system', 0, 88),
(747, '2021-05-07 13:57:06', 'Logged out of system', 0, 88),
(748, '2021-05-07 14:30:45', 'Logged in to system', 0, 110),
(749, '2021-05-10 10:06:20', 'Logged in to system', 0, 110),
(750, '2021-05-18 10:25:33', 'Logged in to system', 0, 110),
(751, '2021-05-18 10:29:50', 'Logged in to system', 0, 110),
(752, '2021-05-18 10:32:26', 'Logged in to system', 0, 81),
(753, '2021-05-18 13:52:38', 'Logged in to system', 0, 115),
(754, '2021-05-20 09:56:26', 'Logged in to system', 0, 110),
(755, '2021-05-20 09:58:12', 'Logged in to system', 0, 110),
(756, '2021-05-20 10:01:23', 'Posting of donation transaction, 100', 110, 37),
(757, '2021-05-20 10:39:49', 'Logged in to system', 0, 115),
(758, '2021-05-20 10:43:51', 'Logged in to system', 0, 41),
(759, '2021-05-20 10:45:01', 'Logged in to system', 0, 37),
(760, '2021-05-20 13:36:59', 'Logged in to system', 0, 110),
(761, '2021-05-20 13:39:06', 'Posting of donation transaction, 30', 110, 102),
(762, '2021-05-20 13:40:39', 'Posting of donation transaction, 40', 110, 115),
(763, '2021-05-20 13:44:10', 'Logged in to system', 0, 41),
(764, '2021-05-20 13:44:44', 'Logged in to system', 0, 110),
(765, '2021-05-20 13:45:22', 'Posting of donation transaction, 40', 110, 41),
(766, '2021-06-07 12:51:34', 'Logged in to system', 0, 110),
(767, '2021-06-07 12:53:33', 'Posting of donation transaction, 10', 110, 23),
(768, '2021-06-07 12:55:01', 'Posting of donation transaction, 10', 110, 2),
(769, '2021-06-07 12:56:55', 'Posting of donation transaction, 10', 110, 113),
(770, '2021-06-07 12:58:00', 'Posting of donation transaction, 10', 110, 132),
(771, '2021-06-07 12:58:51', 'Posting of donation transaction, 10', 110, 98),
(772, '2021-06-07 12:59:27', 'Posting of donation transaction, 10', 110, 7),
(773, '2021-06-07 13:00:20', 'Posting of donation transaction, 10', 110, 8),
(774, '2021-06-07 13:01:02', 'Posting of donation transaction, 10', 110, 9),
(775, '2021-06-07 13:01:35', 'Posting of donation transaction, 10', 110, 10),
(776, '2021-06-07 13:02:09', 'Posting of donation transaction, 10', 110, 11),
(777, '2021-06-07 13:02:41', 'Posting of donation transaction, 10', 110, 65),
(778, '2021-06-07 13:03:23', 'Posting of donation transaction, 10', 110, 25),
(779, '2021-06-07 13:04:14', 'Posting of donation transaction, 10', 110, 15),
(780, '2021-06-07 13:05:00', 'Posting of donation transaction, 10', 110, 16),
(781, '2021-06-07 13:05:50', 'Posting of donation transaction, 10', 110, 23),
(782, '2021-06-07 13:06:23', 'Posting of donation transaction, 10', 110, 2),
(783, '2021-06-07 13:07:00', 'Posting of donation transaction, 10', 110, 113),
(784, '2021-06-07 13:07:45', 'Posting of donation transaction, 10', 110, 132),
(785, '2021-06-07 13:08:21', 'Posting of donation transaction, 10', 110, 98),
(786, '2021-06-07 13:08:50', 'Posting of donation transaction, 10', 110, 7),
(787, '2021-06-07 13:09:17', 'Posting of donation transaction, 10', 110, 8),
(788, '2021-06-07 13:09:58', 'Posting of donation transaction, 10', 110, 9),
(789, '2021-06-07 13:10:25', 'Posting of donation transaction, 10', 110, 10),
(790, '2021-06-07 13:10:47', 'Posting of donation transaction, 10', 110, 11),
(791, '2021-06-07 13:11:20', 'Posting of donation transaction, 10', 110, 65),
(792, '2021-06-07 13:11:52', 'Posting of donation transaction, 10', 110, 25),
(793, '2021-06-07 13:12:17', 'Posting of donation transaction, 10', 110, 15),
(794, '2021-06-07 13:12:56', 'Posting of donation transaction, 10', 110, 16),
(795, '2021-06-07 13:31:25', 'Logged in to system', 0, 110),
(796, '2021-06-07 13:31:52', 'Logged in to system', 0, 110),
(797, '2021-06-07 13:45:46', 'Posting of claim transaction, 1350.00', 110, 92),
(798, '2021-06-07 16:05:49', 'Logged in to system', 0, 110),
(799, '2021-06-07 16:07:49', 'Posting of donation transaction, 110', 110, 4),
(800, '2021-06-07 16:29:19', 'Logged in to system', 0, 110),
(801, '2021-06-07 16:31:43', 'Posting of donation transaction, 30', 110, 75),
(802, '2021-06-07 16:36:01', 'Logged in to system', 0, 110),
(803, '2021-06-07 16:36:41', 'Posting of donation transaction, 20', 110, 75),
(804, '2021-06-08 14:06:09', 'Logged in to system', 0, 110),
(805, '2021-06-08 14:07:05', 'Posting of donation transaction, 20', 110, 101);
INSERT INTO `user_log` (`id`, `date`, `description`, `encoder_id`, `user_id`) VALUES
(806, '2021-06-08 17:54:59', 'Logged in to system', 0, 2),
(807, '2021-06-09 14:01:19', 'Logged in to system', 0, 110),
(808, '2021-06-09 14:01:20', 'Logged in to system', 0, 110),
(809, '2021-06-09 14:04:02', 'Logged in to system', 0, 6),
(810, '2021-06-09 14:13:56', 'Logged in to system', 0, 12),
(811, '2021-06-09 14:16:44', 'Logged in to system', 0, 17),
(812, '2021-06-09 14:18:53', 'Logged in to system', 0, 110),
(813, '2021-06-09 14:19:40', 'Logged in to system', 0, 18),
(814, '2021-06-09 14:21:09', 'Logged in to system', 0, 19),
(815, '2021-06-09 14:23:05', 'Logged in to system', 0, 20),
(816, '2021-06-09 14:24:44', 'Logged in to system', 0, 21),
(817, '2021-06-09 14:26:17', 'Logged in to system', 0, 22),
(818, '2021-06-09 14:33:13', 'Logged in to system', 0, 29),
(819, '2021-06-09 14:35:33', 'Logged in to system', 0, 31),
(820, '2021-06-09 14:36:54', 'Logged in to system', 0, 32),
(821, '2021-06-09 14:38:24', 'Logged in to system', 0, 33),
(822, '2021-06-09 14:40:06', 'Logged in to system', 0, 34),
(823, '2021-06-09 14:41:47', 'Logged in to system', 0, 35),
(824, '2021-06-09 14:43:19', 'Logged in to system', 0, 40),
(825, '2021-06-09 14:45:00', 'Logged in to system', 0, 43),
(826, '2021-06-09 14:46:24', 'Logged in to system', 0, 44),
(827, '2021-06-09 14:47:50', 'Logged in to system', 0, 45),
(828, '2021-06-09 14:50:54', 'Logged in to system', 0, 46),
(829, '2021-06-09 14:52:09', 'Logged in to system', 0, 47),
(830, '2021-06-09 14:54:10', 'Logged in to system', 0, 48),
(831, '2021-06-09 15:50:59', 'Logged in to system', 0, 50),
(832, '2021-06-09 15:52:26', 'Logged in to system', 0, 52),
(833, '2021-06-09 15:53:33', 'Logged in to system', 0, 53),
(834, '2021-06-09 15:54:38', 'Logged in to system', 0, 54),
(835, '2021-06-09 15:56:10', 'Logged in to system', 0, 55),
(836, '2021-06-09 15:57:35', 'Logged in to system', 0, 57),
(837, '2021-06-09 15:59:19', 'Logged in to system', 0, 58),
(838, '2021-06-09 16:02:37', 'Logged in to system', 0, 59),
(839, '2021-06-09 16:04:10', 'Logged in to system', 0, 61),
(840, '2021-06-09 16:06:13', 'Logged in to system', 0, 62),
(841, '2021-06-09 16:11:56', 'Logged in to system', 0, 63),
(842, '2021-06-09 16:15:06', 'Logged in to system', 0, 65),
(843, '2021-06-09 16:16:48', 'Logged in to system', 0, 67),
(844, '2021-06-09 16:18:01', 'Logged in to system', 0, 68),
(845, '2021-06-09 16:33:06', 'Logged in to system', 0, 69),
(846, '2021-06-09 16:34:19', 'Logged in to system', 0, 70),
(847, '2021-06-09 16:35:29', 'Logged in to system', 0, 72),
(848, '2021-06-09 16:36:39', 'Logged in to system', 0, 77),
(849, '2021-06-09 16:37:43', 'Logged in to system', 0, 78),
(850, '2021-06-09 17:15:03', 'Logged in to system', 0, 110),
(851, '2021-06-09 17:15:46', 'Posting of donation transaction, 50', 110, 1),
(852, '2021-06-09 17:16:30', 'Posting of donation transaction, 10', 110, 142),
(853, '2021-06-09 17:17:03', 'Posting of donation transaction, 10', 110, 129),
(854, '2021-06-09 17:17:45', 'Posting of donation transaction, 10', 110, 129),
(855, '2021-06-09 17:18:34', 'Posting of donation transaction, 50', 110, 3),
(856, '2021-06-09 17:19:59', 'Posting of donation transaction, 50', 110, 124),
(857, '2021-06-09 17:21:10', 'Posting of donation transaction, 10', 110, 130),
(858, '2021-06-09 17:21:36', 'Posting of donation transaction, 10', 110, 130),
(859, '2021-06-09 17:22:20', 'Posting of donation transaction, 10', 110, 40),
(860, '2021-06-09 17:22:44', 'Posting of donation transaction, 10', 110, 40),
(861, '2021-06-09 17:23:12', 'Posting of donation transaction, 10', 110, 17),
(862, '2021-06-09 17:23:39', 'Posting of donation transaction, 10', 110, 17),
(863, '2021-06-09 17:24:17', 'Posting of donation transaction, 10', 110, 141),
(864, '2021-06-09 17:24:44', 'Posting of donation transaction, 10', 110, 141),
(865, '2021-06-09 17:25:11', 'Posting of donation transaction, 10', 110, 68),
(866, '2021-06-09 17:25:34', 'Posting of donation transaction, 10', 110, 68),
(867, '2021-06-09 17:26:06', 'Posting of donation transaction, 10', 110, 96),
(868, '2021-06-09 17:26:40', 'Posting of donation transaction, 10', 110, 96),
(869, '2021-06-09 17:27:25', 'Posting of donation transaction, 10', 110, 136),
(870, '2021-06-09 17:27:49', 'Posting of donation transaction, 10', 110, 136),
(871, '2021-06-10 15:27:23', 'Logged in to system', 0, 110),
(872, '2021-06-10 15:28:30', 'Logged in to system', 0, 79),
(873, '2021-06-10 15:29:38', 'Logged in to system', 0, 110),
(874, '2021-06-10 15:29:38', 'Logged in to system', 0, 110),
(875, '2021-06-10 15:33:01', 'Logged in to system', 0, 80),
(876, '2021-06-10 15:34:14', 'Logged in to system', 0, 82),
(877, '2021-06-10 15:37:27', 'Logged in to system', 0, 84),
(878, '2021-06-10 15:39:21', 'Logged in to system', 0, 85),
(879, '2021-06-10 15:53:20', 'Logged in to system', 0, 86),
(880, '2021-06-10 15:54:38', 'Logged in to system', 0, 87),
(881, '2021-06-10 15:56:29', 'Logged in to system', 0, 89),
(882, '2021-06-10 16:00:02', 'Logged in to system', 0, 90),
(883, '2021-06-10 16:05:11', 'Logged in to system', 0, 91),
(884, '2021-06-10 16:08:43', 'Logged in to system', 0, 92),
(885, '2021-06-10 16:10:05', 'Logged in to system', 0, 93),
(886, '2021-06-10 16:12:06', 'Logged in to system', 0, 95),
(887, '2021-06-10 16:13:44', 'Logged in to system', 0, 96),
(888, '2021-06-10 16:43:34', 'Logged in to system', 0, 110),
(889, '2021-06-10 16:44:25', 'Posting of donation transaction, 30', 110, 5),
(890, '2021-06-10 16:46:25', 'Logged in to system', 0, 5),
(891, '2021-06-11 11:30:25', 'Logged in to system', 0, 98),
(892, '2021-06-11 11:33:24', 'Logged in to system', 0, 99),
(893, '2021-06-11 11:52:33', 'Logged in to system', 0, 100),
(894, '2021-06-11 11:54:20', 'Logged in to system', 0, 103),
(895, '2021-06-11 11:56:26', 'Logged in to system', 0, 104),
(896, '2021-06-11 11:57:45', 'Logged in to system', 0, 105),
(897, '2021-06-11 12:00:14', 'Logged in to system', 0, 107),
(898, '2021-06-11 12:01:24', 'Logged in to system', 0, 108),
(899, '2021-06-11 12:02:50', 'Logged in to system', 0, 109),
(900, '2021-06-11 12:04:16', 'Logged in to system', 0, 112),
(901, '2021-06-11 13:39:18', 'Logged in to system', 0, 120),
(902, '2021-06-11 13:47:04', 'Logged in to system', 0, 121),
(903, '2021-06-11 13:48:28', 'Logged in to system', 0, 124),
(904, '2021-06-11 13:50:06', 'Logged in to system', 0, 126),
(905, '2021-06-11 13:54:38', 'Logged in to system', 0, 127),
(906, '2021-06-11 13:56:24', 'Logged in to system', 0, 132),
(907, '2021-06-14 10:41:16', 'Logged in to system', 0, 37),
(908, '2021-06-15 10:15:24', 'Logged in to system', 0, 110),
(909, '2021-06-15 10:16:41', 'Posting of donation transaction, 10', 110, 5),
(910, '2021-06-15 10:17:18', 'Posting of donation transaction, 10', 110, 5),
(911, '2021-06-16 14:50:06', 'Logged in to system', 0, 110),
(912, '2021-06-16 14:50:44', 'Posting of donation transaction, 30', 110, 48),
(913, '2021-06-16 14:51:25', 'Posting of donation transaction, 10', 110, 48),
(914, '2021-06-16 14:51:50', 'Posting of donation transaction, 10', 110, 48),
(915, '2021-06-16 14:52:55', 'Logged in to system', 0, 48),
(916, '2021-06-16 17:16:13', 'Logged in to system', 0, 110),
(917, '2021-06-16 17:17:38', 'Logged in to system', 0, 110),
(918, '2021-06-16 17:30:37', 'Logged in to system', 0, 110),
(919, '2021-06-16 17:30:37', 'Logged in to system', 0, 110),
(920, '2021-06-16 17:35:25', 'Logged in to system', 0, 110),
(921, '2021-06-17 03:01:38', 'Logged in to system', 0, 88),
(922, '2021-06-17 11:57:55', 'Logged in to system', 0, 110),
(923, '2021-06-17 12:24:59', 'Logged in to system', 0, 110),
(924, '2021-06-17 12:27:30', 'Logged in to system', 0, 110),
(925, '2021-06-17 12:34:14', 'Member registration', 110, 143),
(926, '2021-06-17 12:35:33', 'Logged in to system', 0, 110),
(927, '2021-06-17 12:36:51', 'Logged in to system', 0, 110),
(928, '2021-06-17 12:42:28', 'Member registration', 110, 144),
(929, '2021-06-17 12:43:17', 'Logged in to system', 0, 110),
(930, '2021-06-17 12:44:00', 'Logged in to system', 0, 110),
(931, '2021-06-17 12:49:11', 'Member registration', 110, 145),
(932, '2021-06-17 12:50:17', 'Logged in to system', 0, 110),
(933, '2021-06-17 12:53:16', 'Logged in to system', 0, 110),
(934, '2021-06-17 13:14:35', 'Member registration', 110, 146),
(935, '2021-06-17 13:17:46', 'Logged in to system', 0, 110),
(936, '2021-06-17 13:38:57', 'Logged in to system', 0, 110),
(937, '2021-06-17 13:41:17', 'Logged in to system', 0, 110),
(938, '2021-06-17 15:11:35', 'Logged in to system', 0, 110),
(939, '2021-06-17 15:13:32', 'Posting of donation transaction, 10', 110, 17),
(940, '2021-06-17 15:14:04', 'Posting of donation transaction, 10', 110, 17),
(941, '2021-06-17 15:14:36', 'Posting of donation transaction, 10', 110, 17),
(942, '2021-06-17 15:15:03', 'Posting of donation transaction, 10', 110, 17),
(943, '2021-06-18 10:32:18', 'Logged in to system', 0, 110),
(944, '2021-06-18 10:38:46', 'Logged in to system', 0, 110),
(945, '2021-06-18 10:39:50', 'Posting of donation transaction, 50', 110, 129),
(946, '2021-06-18 10:40:27', 'Posting of donation transaction, 30', 110, 40),
(947, '2021-06-18 10:41:06', 'Posting of donation transaction, 30', 110, 18),
(948, '2021-06-18 10:52:40', 'Logged in to system', 0, 110),
(949, '2021-06-18 10:53:42', 'Posting of donation transaction, 10', 110, 18),
(950, '2021-06-18 10:54:06', 'Posting of donation transaction, 10', 110, 18),
(951, '2021-06-18 10:55:58', 'Logged in to system', 0, 110),
(952, '2021-06-18 15:14:00', 'Logged in to system', 0, 110),
(953, '2021-06-18 15:14:40', 'Posting of donation transaction, 30', 110, 105),
(954, '2021-06-18 15:15:03', 'Posting of donation transaction, 10', 110, 105),
(955, '2021-06-18 15:15:24', 'Posting of donation transaction, 10', 110, 105),
(956, '2021-06-20 11:27:39', 'Logged in to system', 0, 143),
(957, '2021-06-20 11:32:11', 'Updating of profile picture', 0, 143),
(958, '2021-06-20 11:45:35', 'Logged in to system', 0, 146),
(959, '2021-06-20 11:46:29', 'Updating of profile picture', 0, 146),
(960, '2021-06-21 14:03:31', 'Logged in to system', 0, 110),
(961, '2021-06-21 14:04:02', 'Posting of donation transaction, 10', 110, 88),
(962, '2021-06-21 14:04:27', 'Posting of donation transaction, 10', 110, 88),
(963, '2021-06-22 11:23:14', 'Logged in to system', 0, 143),
(964, '2021-06-22 11:23:53', 'Logged in to system', 0, 110),
(965, '2021-06-22 11:26:07', 'Logged in to system', 0, 144),
(966, '2021-06-22 16:27:18', 'Logged in to system', 0, 110),
(967, '2021-06-22 16:28:47', 'Posting of donation transaction, 30', 110, 95),
(968, '2021-06-22 16:29:33', 'Posting of donation transaction, 10', 110, 95),
(969, '2021-06-22 16:30:02', 'Posting of donation transaction, 10', 110, 95),
(970, '2021-06-22 16:31:00', 'Logged in to system', 0, 95),
(971, '2021-06-23 00:31:20', 'Logged in to system', 0, 144),
(972, '2021-06-23 00:39:58', 'Updating of profile picture', 0, 144),
(973, '2021-06-23 00:40:57', 'Logged out of system', 0, 144),
(974, '2021-06-23 00:41:14', 'Logged out of system', 0, 144),
(975, '2021-06-23 21:18:48', 'Logged in to system', 0, 143),
(976, '2021-06-24 10:37:40', 'Logged in to system', 0, 110),
(977, '2021-06-24 10:38:35', 'Posting of donation transaction, 30', 110, 92),
(978, '2021-06-25 08:19:58', 'Logged in to system', 0, 134),
(979, '2021-06-25 17:14:47', 'Logged in to system', 0, 110),
(980, '2021-06-25 17:16:46', 'Posting of donation transaction, 100', 110, 120),
(981, '2021-06-25 17:20:02', 'Logged in to system', 0, 120),
(982, '2021-06-28 14:17:52', 'Logged in to system', 0, 110),
(983, '2021-06-28 14:18:42', 'Posting of donation transaction, 50', 110, 77),
(984, '2021-06-28 17:21:55', 'Logged in to system', 0, 110),
(985, '2021-06-28 17:37:42', 'Posting of claim transaction, 1390.00', 110, 77),
(986, '2021-06-28 17:38:43', 'Logged in to system', 0, 110),
(987, '2021-06-28 17:39:25', 'Posting of donation transaction, 10', 110, 135),
(988, '2021-06-28 17:40:05', 'Posting of donation transaction, 10', 110, 136),
(989, '2021-06-28 17:41:01', 'Posting of donation transaction, 10', 110, 137),
(990, '2021-06-28 17:41:36', 'Posting of donation transaction, 10', 110, 138),
(991, '2021-06-28 17:42:13', 'Posting of donation transaction, 10', 110, 139),
(992, '2021-06-28 17:42:46', 'Posting of donation transaction, 10', 110, 140),
(993, '2021-06-28 17:43:17', 'Posting of donation transaction, 10', 110, 141),
(994, '2021-06-28 17:43:43', 'Posting of donation transaction, 10', 110, 142),
(995, '2021-06-28 17:44:42', 'Posting of donation transaction, 10', 110, 143),
(996, '2021-06-28 17:45:12', 'Posting of donation transaction, 10', 110, 144),
(997, '2021-06-28 17:45:41', 'Posting of donation transaction, 10', 110, 145),
(998, '2021-06-28 17:46:10', 'Posting of donation transaction, 10', 110, 146),
(999, '2021-06-28 22:02:11', 'Logged in to system', 0, 134),
(1000, '2021-06-28 22:25:02', 'Logged in to system', 0, 110),
(1001, '2021-06-29 14:27:11', 'Logged in to system', 0, 110),
(1002, '2021-06-29 14:27:56', 'Posting of donation transaction, 30', 110, 72),
(1003, '2021-06-29 14:28:30', 'Posting of donation transaction, 30', 110, 72),
(1004, '2021-07-02 11:23:00', 'Logged in to system', 0, 110),
(1005, '2021-07-02 11:25:47', 'Posting of donation transaction, 10', 110, 101),
(1006, '2021-07-03 17:23:03', 'Logged in to system', 0, 72),
(1007, '2021-07-05 15:51:33', 'Logged in to system', 0, 70),
(1008, '2021-07-05 15:54:34', 'Logged in to system', 0, 110),
(1009, '2021-07-05 16:13:03', 'Logged in to system', 0, 110),
(1010, '2021-07-05 16:22:22', 'Logged in to system', 0, 110),
(1011, '2021-07-05 16:23:08', 'Logged in to system', 0, 70),
(1012, '2021-07-06 11:56:05', 'Logged in to system', 0, 110),
(1013, '2021-07-06 11:56:05', 'Logged in to system', 0, 110),
(1014, '2021-07-06 15:05:24', 'Logged in to system', 0, 110),
(1015, '2021-07-06 15:08:09', 'Logged in to system', 0, 110),
(1016, '2021-07-06 15:08:42', 'Posting of donation transaction, 60', 110, 33),
(1017, '2021-07-06 15:38:55', 'Logged in to system', 0, 110),
(1018, '2021-07-06 15:40:03', 'Logged in to system', 0, 72),
(1019, '2021-07-07 14:04:53', 'Logged in to system', 0, 101),
(1020, '2021-07-07 14:18:57', 'Logged in to system', 0, 110),
(1021, '2021-07-07 14:22:55', 'Logged in to system', 0, 110),
(1022, '2021-07-07 14:32:41', 'Logged in to system', 0, 70),
(1023, '2021-07-07 14:35:25', 'Logged in to system', 0, 110),
(1024, '2021-07-07 14:36:50', 'Logged in to system', 0, 145),
(1025, '2021-07-07 14:37:33', 'Updating of profile picture', 0, 145),
(1026, '2021-07-07 14:38:09', 'Updating of profile picture', 0, 145),
(1027, '2021-07-07 14:38:35', 'Logged out of system', 0, 145),
(1028, '2021-07-07 14:38:40', 'Logged in to system', 0, 110),
(1029, '2021-07-08 14:26:36', 'Logged in to system', 0, 61),
(1030, '2021-07-08 15:01:39', 'Logged in to system', 0, 110),
(1031, '2021-07-08 15:03:04', 'Posting of donation transaction, 30', 110, 61),
(1032, '2021-07-08 15:05:13', 'Posting of donation transaction, 30', 110, 61),
(1033, '2021-07-21 10:07:28', 'Logged in to system', 0, 110),
(1034, '2021-07-21 10:23:59', 'Posting of donation transaction, 100', 110, 51),
(1035, '2021-07-21 13:52:48', 'Logged in to system', 0, 110),
(1036, '2021-07-21 13:54:39', 'Logged in to system', 0, 110),
(1037, '2021-07-21 14:10:43', 'Logged in to system', 0, 110),
(1038, '2021-07-21 14:11:39', 'Logged in to system', 0, 51),
(1039, '2021-07-21 14:26:43', 'Logged in to system', 0, 70),
(1040, '2021-07-21 14:36:45', 'Logged in to system', 0, 110),
(1041, '2021-07-21 14:39:03', 'Logged in to system', 0, 110),
(1042, '2021-07-21 14:46:04', 'Posting of withdrawal transaction, 0', 110, 70),
(1043, '2021-07-21 15:14:21', 'Logged in to system', 0, 110),
(1044, '2021-07-21 21:23:10', 'Logged in to system', 0, 110),
(1045, '2021-07-22 11:01:19', 'Logged in to system', 0, 110),
(1046, '2021-07-22 13:24:41', 'Logged in to system', 0, 110),
(1047, '2021-07-22 13:25:29', 'Posting of donation transaction, 30', 110, 24),
(1048, '2021-07-22 13:26:56', 'Posting of donation transaction, 30', 110, 24),
(1049, '2021-07-22 13:27:58', 'Logged in to system', 0, 24),
(1050, '2021-07-22 15:04:39', 'Logged in to system', 0, 7),
(1051, '2021-07-22 20:11:23', 'Logged in to system', 0, 2),
(1052, '2021-07-22 20:11:25', 'Logged in to system', 0, 2),
(1053, '2021-07-22 20:11:28', 'Logged in to system', 0, 2),
(1054, '2021-07-26 16:09:05', 'Logged in to system', 0, 110),
(1055, '2021-07-26 16:23:11', 'Logged in to system', 0, 67),
(1056, '2021-07-27 10:15:00', 'Logged in to system', 0, 110),
(1057, '2021-07-27 11:04:04', 'Logged in to system', 0, 110),
(1058, '2021-07-27 11:06:18', 'Posting of donation transaction, 40', 110, 112),
(1059, '2021-07-29 13:31:28', 'Logged in to system', 0, 110),
(1060, '2021-07-29 13:59:30', 'Logged in to system', 0, 110),
(1061, '2021-07-29 14:14:45', 'Logged in to system', 0, 110),
(1062, '2021-07-29 14:17:11', 'Logged in to system', 0, 132),
(1063, '2021-07-29 14:18:55', 'Logged in to system', 0, 131),
(1064, '2021-07-29 14:22:57', 'Logged in to system', 0, 110),
(1065, '2021-07-29 14:28:15', 'Logged in to system', 0, 110),
(1066, '2021-07-29 14:28:50', 'Posting of donation transaction, 10', 110, 130),
(1067, '2021-08-02 13:55:34', 'Logged in to system', 0, 110),
(1068, '2021-08-02 15:18:54', 'Logged in to system', 0, 110),
(1069, '2021-08-02 15:55:07', 'Logged in to system', 0, 142),
(1070, '2021-08-03 16:02:50', 'Logged in to system', 0, 110),
(1071, '2021-08-03 16:03:34', 'Posting of donation transaction, 30', 110, 28),
(1072, '2021-08-04 20:18:10', 'Logged in to system', 0, 13),
(1073, '2021-08-05 10:35:18', 'Logged in to system', 0, 134),
(1074, '2021-08-05 10:37:21', 'Logged in to system', 0, 134),
(1075, '2021-08-05 10:37:33', 'Logged out of system', 0, 134),
(1076, '2021-08-06 13:26:00', 'Logged in to system', 0, 110),
(1077, '2021-08-06 13:26:47', 'Posting of donation transaction, 30', 110, 76),
(1078, '2021-08-11 15:47:31', 'Logged in to system', 0, 137),
(1079, '2021-08-11 16:30:46', 'Logged in to system', 0, 56),
(1080, '2021-08-11 16:42:28', 'Logged in to system', 0, 56),
(1081, '2021-08-11 16:42:32', 'Logged in to system', 0, 56),
(1082, '2021-08-11 16:42:34', 'Logged in to system', 0, 56),
(1083, '2021-08-11 16:44:36', 'Logged in to system', 0, 56),
(1084, '2021-08-11 16:58:29', 'Logged in to system', 0, 56),
(1085, '2021-08-16 10:47:16', 'Logged in to system', 0, 110),
(1086, '2021-08-16 10:47:58', 'Posting of donation transaction, 30', 110, 64),
(1087, '2021-08-16 10:49:52', 'Posting of donation transaction, 30', 110, 64),
(1088, '2021-08-16 11:42:02', 'Logged in to system', 0, 110),
(1089, '2021-08-16 13:22:08', 'Logged in to system', 0, 110),
(1090, '2021-08-16 13:37:47', 'Logged in to system', 0, 110),
(1091, '2021-08-16 13:42:50', 'Logged in to system', 0, 110),
(1092, '2021-08-16 13:51:16', 'Logged in to system', 0, 110),
(1093, '2021-08-16 14:45:30', 'Logged in to system', 0, 110),
(1094, '2021-08-16 14:46:56', 'Logged in to system', 0, 110),
(1095, '2021-08-16 14:55:39', 'Logged in to system', 0, 110),
(1096, '2021-08-16 14:59:17', 'Logged in to system', 0, 110),
(1097, '2021-08-16 15:01:25', 'Logged in to system', 0, 110),
(1098, '2021-08-16 15:08:53', 'Logged in to system', 0, 110),
(1099, '2021-08-16 15:14:54', 'Logged in to system', 0, 110),
(1100, '2021-08-16 15:15:56', 'Logged in to system', 0, 110),
(1101, '2021-08-16 15:19:32', 'Logged in to system', 0, 110),
(1102, '2021-08-16 15:20:17', 'Logged in to system', 0, 110),
(1103, '2021-08-16 15:25:53', 'Logged in to system', 0, 110),
(1104, '2021-08-16 15:32:25', 'Logged in to system', 0, 110),
(1105, '2021-08-16 15:39:18', 'Logged in to system', 0, 2),
(1106, '2021-08-16 15:39:49', 'Logged in to system', 0, 110),
(1107, '2021-08-16 15:44:00', 'Logged in to system', 0, 110),
(1108, '2021-08-16 15:52:57', 'Logged in to system', 0, 110),
(1109, '2021-08-16 15:53:52', 'Logged in to system', 0, 110),
(1110, '2021-08-16 16:00:50', 'Logged in to system', 0, 110),
(1111, '2021-08-16 16:08:35', 'Logged in to system', 0, 110),
(1112, '2021-08-16 16:19:35', 'Logged in to system', 0, 110),
(1113, '2021-08-16 16:28:47', 'Logged in to system', 0, 110),
(1114, '2021-08-16 16:35:26', 'Member registration', 110, 147),
(1115, '2021-08-16 17:00:07', 'Logged in to system', 0, 110),
(1116, '2021-08-16 17:12:44', 'Logged in to system', 0, 110),
(1117, '2021-08-16 17:13:28', 'Posting of donation transaction, 10', 110, 40),
(1118, '2021-08-19 10:25:41', 'Logged in to system', 0, 110),
(1119, '2021-08-19 10:26:32', 'Logged in to system', 0, 60),
(1120, '2021-08-19 10:29:28', 'Logged in to system', 0, 110),
(1121, '2021-08-19 10:30:28', 'Logged in to system', 0, 147),
(1122, '2021-08-19 10:52:49', 'Logged in to system', 0, 60),
(1123, '2021-08-20 10:36:36', 'Logged in to system', 0, 110),
(1124, '2021-08-20 10:37:47', 'Posting of donation transaction, 30', 110, 60),
(1125, '2021-08-20 10:38:42', 'Posting of donation transaction, 30', 110, 60),
(1126, '2021-08-22 07:32:33', 'Logged in to system', 0, 13),
(1127, '2021-08-23 17:15:45', 'Logged in to system', 0, 110),
(1128, '2021-08-24 14:18:23', 'Logged in to system', 0, 110),
(1129, '2021-08-24 14:19:22', 'Posting of donation transaction, 30', 110, 81),
(1130, '2021-08-24 14:21:04', 'Posting of donation transaction, 30', 110, 81),
(1131, '2021-08-25 13:44:05', 'Logged in to system', 0, 1),
(1132, '2021-08-25 13:49:42', 'Logged in to system', 0, 2),
(1133, '2021-08-25 13:54:14', 'Logged in to system', 0, 5),
(1134, '2021-08-25 13:55:45', 'Logged in to system', 0, 6),
(1135, '2021-08-25 13:56:57', 'Logged in to system', 0, 7),
(1136, '2021-08-25 13:58:24', 'Logged in to system', 0, 8),
(1137, '2021-08-25 14:00:06', 'Logged in to system', 0, 9),
(1138, '2021-08-25 14:02:52', 'Logged in to system', 0, 10),
(1139, '2021-08-25 14:04:20', 'Logged in to system', 0, 11),
(1140, '2021-08-25 14:06:23', 'Logged in to system', 0, 12),
(1141, '2021-08-25 14:07:48', 'Logged in to system', 0, 13),
(1142, '2021-08-25 14:08:53', 'Logged in to system', 0, 14),
(1143, '2021-08-25 14:14:01', 'Logged in to system', 0, 15),
(1144, '2021-08-25 14:15:26', 'Logged in to system', 0, 16),
(1145, '2021-08-25 14:18:25', 'Logged in to system', 0, 19),
(1146, '2021-08-25 14:19:35', 'Logged in to system', 0, 20),
(1147, '2021-08-25 14:20:57', 'Logged in to system', 0, 21),
(1148, '2021-08-25 14:22:06', 'Logged in to system', 0, 22),
(1149, '2021-08-25 14:23:22', 'Logged in to system', 0, 23),
(1150, '2021-08-25 14:24:41', 'Logged in to system', 0, 24),
(1151, '2021-08-25 14:25:52', 'Logged in to system', 0, 25),
(1152, '2021-08-25 14:28:25', 'Logged in to system', 0, 26),
(1153, '2021-08-25 14:29:41', 'Logged in to system', 0, 27),
(1154, '2021-08-25 14:30:54', 'Logged in to system', 0, 28),
(1155, '2021-08-25 14:32:01', 'Logged in to system', 0, 29),
(1156, '2021-08-25 14:33:04', 'Logged in to system', 0, 30),
(1157, '2021-08-25 14:34:09', 'Logged in to system', 0, 31),
(1158, '2021-08-25 14:35:20', 'Logged in to system', 0, 32),
(1159, '2021-08-25 14:39:31', 'Logged in to system', 0, 33),
(1160, '2021-08-25 14:41:05', 'Logged in to system', 0, 34),
(1161, '2021-08-25 14:42:12', 'Logged in to system', 0, 35),
(1162, '2021-08-25 14:43:18', 'Logged in to system', 0, 36),
(1163, '2021-08-25 14:44:28', 'Logged in to system', 0, 37),
(1164, '2021-08-25 14:46:48', 'Logged in to system', 0, 39),
(1165, '2021-08-25 14:49:34', 'Logged in to system', 0, 41),
(1166, '2021-08-25 14:59:22', 'Logged in to system', 0, 43),
(1167, '2021-08-25 15:00:38', 'Logged in to system', 0, 44),
(1168, '2021-08-25 15:01:38', 'Logged in to system', 0, 45),
(1169, '2021-08-25 15:02:53', 'Logged in to system', 0, 46),
(1170, '2021-08-25 15:04:06', 'Logged in to system', 0, 47),
(1171, '2021-08-25 15:10:30', 'Logged in to system', 0, 48),
(1172, '2021-08-25 15:11:42', 'Logged in to system', 0, 49),
(1173, '2021-08-25 15:12:50', 'Logged in to system', 0, 50),
(1174, '2021-08-25 15:16:14', 'Logged in to system', 0, 52),
(1175, '2021-08-25 15:19:53', 'Logged in to system', 0, 53),
(1176, '2021-08-25 15:20:57', 'Logged in to system', 0, 54),
(1177, '2021-08-25 15:23:15', 'Logged in to system', 0, 55),
(1178, '2021-08-25 15:24:24', 'Logged in to system', 0, 56),
(1179, '2021-08-25 15:25:43', 'Logged in to system', 0, 57),
(1180, '2021-08-25 15:27:45', 'Logged in to system', 0, 58),
(1181, '2021-08-25 15:31:35', 'Logged in to system', 0, 59),
(1182, '2021-08-25 15:32:52', 'Logged in to system', 0, 60),
(1183, '2021-08-25 15:35:22', 'Logged in to system', 0, 61),
(1184, '2021-08-25 15:36:41', 'Logged in to system', 0, 62),
(1185, '2021-08-25 15:37:56', 'Logged in to system', 0, 63),
(1186, '2021-08-25 15:41:27', 'Logged in to system', 0, 65),
(1187, '2021-08-25 15:44:12', 'Logged in to system', 0, 67),
(1188, '2021-08-25 15:45:22', 'Logged in to system', 0, 68),
(1189, '2021-08-25 15:47:04', 'Logged in to system', 0, 69),
(1190, '2021-08-25 15:50:37', 'Logged in to system', 0, 72),
(1191, '2021-08-25 15:53:03', 'Logged in to system', 0, 73),
(1192, '2021-08-25 15:55:05', 'Logged in to system', 0, 74),
(1193, '2021-08-25 15:59:25', 'Logged in to system', 0, 75),
(1194, '2021-08-25 16:05:46', 'Logged in to system', 0, 76),
(1195, '2021-08-25 16:07:40', 'Logged in to system', 0, 77),
(1196, '2021-08-25 16:10:31', 'Logged in to system', 0, 77),
(1197, '2021-08-25 16:13:05', 'Logged in to system', 0, 78),
(1198, '2021-08-25 16:14:30', 'Logged in to system', 0, 79),
(1199, '2021-08-25 16:16:06', 'Logged in to system', 0, 80),
(1200, '2021-08-25 16:19:17', 'Logged in to system', 0, 81),
(1201, '2021-08-25 16:22:28', 'Logged in to system', 0, 82),
(1202, '2021-08-25 16:25:36', 'Logged in to system', 0, 84),
(1203, '2021-08-25 16:27:43', 'Logged in to system', 0, 85),
(1204, '2021-08-25 16:30:49', 'Logged in to system', 0, 86),
(1205, '2021-08-25 16:32:25', 'Logged in to system', 0, 87),
(1206, '2021-08-25 16:33:50', 'Logged in to system', 0, 88),
(1207, '2021-08-25 16:36:38', 'Logged in to system', 0, 89),
(1208, '2021-08-25 16:37:59', 'Logged in to system', 0, 90),
(1209, '2021-08-25 16:40:09', 'Logged in to system', 0, 91),
(1210, '2021-08-25 16:41:30', 'Logged in to system', 0, 92),
(1211, '2021-08-25 16:42:58', 'Logged in to system', 0, 93),
(1212, '2021-08-25 16:44:19', 'Logged in to system', 0, 94),
(1213, '2021-08-25 16:46:57', 'Logged in to system', 0, 95),
(1214, '2021-08-25 16:50:01', 'Logged in to system', 0, 96),
(1215, '2021-08-25 16:55:07', 'Logged in to system', 0, 97),
(1216, '2021-08-25 16:56:41', 'Logged in to system', 0, 98),
(1217, '2021-08-25 17:00:03', 'Logged in to system', 0, 101),
(1218, '2021-08-25 17:01:35', 'Logged in to system', 0, 102),
(1219, '2021-08-25 17:02:39', 'Logged in to system', 0, 103),
(1220, '2021-08-25 17:03:39', 'Logged in to system', 0, 104),
(1221, '2021-08-25 17:04:55', 'Logged in to system', 0, 105),
(1222, '2021-08-25 20:06:36', 'Logged in to system', 0, 13),
(1223, '2021-08-26 10:34:56', 'Logged in to system', 0, 109),
(1224, '2021-08-26 10:36:20', 'Logged in to system', 0, 112),
(1225, '2021-08-26 10:50:00', 'Logged in to system', 0, 115),
(1226, '2021-08-26 10:52:08', 'Logged in to system', 0, 118),
(1227, '2021-08-26 10:53:14', 'Logged in to system', 0, 119),
(1228, '2021-08-26 10:55:53', 'Logged in to system', 0, 121),
(1229, '2021-08-26 10:57:56', 'Logged in to system', 0, 126),
(1230, '2021-08-26 10:59:31', 'Logged in to system', 0, 127),
(1231, '2021-08-26 11:04:20', 'Logged in to system', 0, 131),
(1232, '2021-08-26 11:20:17', 'Logged in to system', 0, 132),
(1233, '2021-08-26 11:38:18', 'Logged in to system', 0, 132),
(1234, '2021-08-26 11:43:18', 'Logged in to system', 0, 136),
(1235, '2021-08-26 11:45:38', 'Logged in to system', 0, 137),
(1236, '2021-08-26 11:47:42', 'Logged in to system', 0, 138),
(1237, '2021-08-26 11:49:35', 'Logged in to system', 0, 139),
(1238, '2021-08-26 11:50:54', 'Logged in to system', 0, 140),
(1239, '2021-08-26 11:53:15', 'Logged in to system', 0, 142),
(1240, '2021-08-26 11:55:18', 'Logged in to system', 0, 143),
(1241, '2021-08-26 11:57:02', 'Logged in to system', 0, 144),
(1242, '2021-08-26 11:58:17', 'Logged in to system', 0, 145),
(1243, '2021-08-26 11:59:27', 'Logged in to system', 0, 146),
(1244, '2021-08-26 12:00:48', 'Logged in to system', 0, 147),
(1245, '2021-08-27 09:49:59', 'Logged in to system', 0, 110),
(1246, '2021-08-27 11:26:53', 'Logged in to system', 0, 110),
(1247, '2021-08-27 11:58:31', 'Logged in to system', 0, 110),
(1248, '2021-08-27 12:02:01', 'Logged in to system', 0, 110),
(1249, '2021-08-27 13:46:04', 'Logged in to system', 0, 110),
(1250, '2021-08-27 13:47:12', 'Posting of donation transaction, 30', 110, 63),
(1251, '2021-08-27 13:47:37', 'Posting of donation transaction, 50', 110, 63),
(1252, '2021-08-27 15:38:46', 'Logged in to system', 0, 110),
(1253, '2021-08-27 15:40:50', 'Logged in to system', 0, 110),
(1254, '2021-08-27 15:43:10', 'Logged out of system', 0, 110),
(1255, '2021-08-27 15:44:27', 'Logged in to system', 0, 110),
(1256, '2021-08-27 15:44:46', 'Logged in to system', 0, 110),
(1257, '2021-08-27 15:46:25', 'Logged in to system', 0, 110),
(1258, '2021-08-27 15:58:30', 'Logged in to system', 0, 110),
(1259, '2021-08-27 16:03:28', 'Logged in to system', 0, 110),
(1260, '2021-08-27 16:33:40', 'Logged in to system', 0, 110),
(1261, '2021-08-27 16:41:24', 'Logged in to system', 0, 110),
(1262, '2021-08-27 16:47:32', 'Logged in to system', 0, 110),
(1263, '2021-08-27 17:03:14', 'Logged in to system', 0, 110),
(1264, '2021-08-27 17:07:42', 'Logged in to system', 0, 110),
(1265, '2021-08-28 17:48:19', 'Logged in to system', 0, 110),
(1266, '2021-08-29 14:47:03', 'Logged in to system', 0, 13),
(1267, '2021-08-29 16:02:12', 'Logged in to system', 0, 88),
(1268, '2021-09-01 09:04:16', 'Logged in to system', 0, 13),
(1269, '2021-09-01 09:24:09', 'Logged in to system', 0, 110),
(1270, '2021-09-01 09:28:22', 'Logged in to system', 0, 110),
(1271, '2021-09-01 09:31:43', 'Logged in to system', 0, 110),
(1272, '2021-09-01 10:09:23', 'Logged in to system', 0, 110),
(1273, '2021-09-01 10:14:20', 'Logged in to system', 0, 110),
(1274, '2021-09-02 16:30:47', 'Logged in to system', 0, 110),
(1275, '2021-09-02 16:32:53', 'Logged out of system', 0, 110),
(1276, '2021-09-02 16:33:30', 'Logged in to system', 0, 40),
(1277, '2021-09-02 16:36:00', 'Updating of profile picture', 0, 40),
(1278, '2021-09-02 17:07:10', 'Logged out of system', 0, 40),
(1279, '2021-09-02 18:21:45', 'Logged in to system', 0, 40),
(1280, '2021-09-02 18:31:06', 'Logged out of system', 0, 40),
(1281, '2021-09-03 13:36:03', 'Logged in to system', 0, 110),
(1282, '2021-09-03 13:40:51', 'Logged in to system', 0, 4),
(1283, '2021-09-03 13:48:29', 'Logged in to system', 0, 4),
(1284, '2021-09-03 13:51:13', 'Logged in to system', 0, 110),
(1285, '2021-09-03 16:53:05', 'Logged in to system', 0, 110),
(1286, '2021-09-03 16:58:10', 'Logged in to system', 0, 110),
(1287, '2021-09-03 17:12:30', 'Logged in to system', 0, 110),
(1288, '2021-09-03 17:13:27', 'Posting of donation transaction, 40', 110, 137),
(1289, '2021-09-03 17:14:25', 'Posting of donation transaction, 40', 110, 138),
(1290, '2021-09-03 17:15:14', 'Posting of donation transaction, 40', 110, 139),
(1291, '2021-09-03 17:15:48', 'Posting of donation transaction, 40', 110, 140),
(1292, '2021-09-03 17:22:20', 'Logged in to system', 0, 110),
(1293, '2021-09-03 17:23:37', 'Posting of donation transaction, 50', 110, 74),
(1294, '2021-09-03 17:25:15', 'Posting of donation transaction, 50', 110, 56),
(1295, '2021-09-03 17:30:25', 'Logged in to system', 0, 110),
(1296, '2021-09-03 17:33:16', 'Posting of donation transaction, 40', 110, 41),
(1297, '2021-09-03 17:35:15', 'Logged in to system', 0, 110),
(1298, '2021-09-03 17:49:58', 'Logged in to system', 0, 110),
(1299, '2021-09-06 11:54:22', 'Logged in to system', 0, 110),
(1300, '2021-09-06 14:31:35', 'Logged in to system', 0, 110),
(1301, '2021-09-06 14:36:51', 'Logged in to system', 0, 110),
(1302, '2021-09-06 14:46:38', 'Logged in to system', 0, 110),
(1303, '2021-09-06 14:47:00', 'Logged in to system', 0, 110),
(1304, '2021-09-06 14:50:34', 'Logged in to system', 0, 110),
(1305, '2021-09-06 14:55:53', 'Member registration', 110, 148),
(1306, '2021-09-06 16:18:02', 'Logged in to system', 0, 110),
(1307, '2021-09-06 16:19:11', 'Posting of donation transaction, 10', 110, 146),
(1308, '2021-09-06 16:24:09', 'Logged in to system', 0, 110),
(1309, '2021-09-08 09:52:36', 'Logged in to system', 0, 110),
(1310, '2021-09-08 11:28:52', 'Logged in to system', 0, 110),
(1311, '2021-09-08 15:14:59', 'Logged in to system', 0, 110),
(1312, '2021-09-08 15:16:06', 'Logged in to system', 0, 110),
(1313, '2021-09-08 15:16:50', 'Posting of donation transaction, 30', 110, 81),
(1314, '2021-09-09 03:28:24', 'Logged in to system', 0, 135),
(1315, '2021-09-09 03:28:25', 'Logged in to system', 0, 135),
(1316, '2021-09-09 03:31:45', 'Logged out of system', 0, 135),
(1317, '2021-09-09 20:34:06', 'Logged in to system', 0, 66),
(1318, '2021-09-10 10:07:15', 'Logged in to system', 0, 110),
(1319, '2021-09-10 10:07:57', 'Posting of donation transaction, 50', 110, 66),
(1320, '2021-09-10 10:25:05', 'Logged in to system', 0, 110),
(1321, '2021-09-10 12:01:42', 'Logged in to system', 0, 110),
(1322, '2021-09-10 14:14:51', 'Logged in to system', 0, 110),
(1323, '2021-09-10 14:16:29', 'Logged in to system', 0, 110),
(1324, '2021-09-10 14:42:08', 'Logged in to system', 0, 110),
(1325, '2021-09-10 14:43:19', 'Posting of donation transaction, 80', 110, 54),
(1326, '2021-09-10 14:49:14', 'Logged in to system', 0, 110),
(1327, '2021-09-10 14:49:59', 'Posting of donation transaction, 20', 110, 101),
(1328, '2021-09-12 22:46:01', 'Logged in to system', 0, 13),
(1329, '2021-09-13 10:23:58', 'Logged in to system', 0, 110),
(1330, '2021-09-13 10:24:33', 'Posting of donation transaction, 50', 110, 121),
(1331, '2021-09-13 10:27:24', 'Logged in to system', 0, 110),
(1332, '2021-09-13 10:28:05', 'Posting of donation transaction, 20', 110, 70),
(1333, '2021-09-13 10:30:17', 'Logged in to system', 0, 110),
(1334, '2021-09-13 11:30:44', 'Logged in to system', 0, 110),
(1335, '2021-09-13 13:12:17', 'Logged in to system', 0, 110),
(1336, '2021-09-13 13:14:33', 'Posting of donation transaction, 80', 110, 67),
(1337, '2021-09-13 13:17:13', 'Posting of donation transaction, 20', 110, 76),
(1338, '2021-09-13 13:19:38', 'Logged in to system', 0, 110),
(1339, '2021-09-14 13:52:52', 'Logged in to system', 0, 110),
(1340, '2021-09-14 13:54:55', 'Posting of donation transaction, 80', 110, 57),
(1341, '2021-09-14 14:21:29', 'Logged in to system', 0, 110),
(1342, '2021-09-14 14:22:09', 'Posting of donation transaction, 80', 110, 94),
(1343, '2021-09-14 14:23:59', 'Logged in to system', 0, 110),
(1344, '2021-09-15 13:46:36', 'Logged in to system', 0, 110),
(1345, '2021-09-15 13:47:37', 'Logged in to system', 0, 110),
(1346, '2021-09-15 13:48:41', 'Posting of donation transaction, 80', 110, 90),
(1347, '2021-09-17 10:23:03', 'Logged in to system', 0, 110),
(1348, '2021-09-17 10:23:58', 'Logged in to system', 0, 110),
(1349, '2021-09-17 10:25:29', 'Logged in to system', 0, 110),
(1350, '2021-09-20 10:20:26', 'Logged in to system', 0, 110),
(1351, '2021-09-20 10:22:11', 'Posting of donation transaction, 50', 110, 83),
(1352, '2021-09-20 10:51:00', 'Logged in to system', 0, 110),
(1353, '2021-09-20 11:09:46', 'Logged in to system', 0, 110),
(1354, '2021-09-21 10:46:51', 'Logged in to system', 0, 110),
(1355, '2021-09-21 11:27:05', 'Logged in to system', 0, 110),
(1356, '2021-09-21 11:29:30', 'Posting of donation transaction, 50', 110, 36),
(1357, '2021-09-21 11:44:54', 'Logged in to system', 0, 110),
(1358, '2021-09-21 11:57:15', 'Logged in to system', 0, 110),
(1359, '2021-09-22 22:47:53', 'Logged in to system', 0, 134),
(1360, '2021-09-22 22:47:57', 'Logged in to system', 0, 134),
(1361, '2021-09-22 22:47:58', 'Logged in to system', 0, 134),
(1362, '2021-09-22 22:52:15', 'Logged out of system', 0, 134),
(1363, '2021-09-22 22:53:24', 'Logged in to system', 0, 134),
(1364, '2021-09-22 22:53:34', 'Logged out of system', 0, 134),
(1365, '2021-09-27 09:28:56', 'Logged in to system', 0, 110),
(1366, '2021-09-29 09:50:21', 'Logged in to system', 0, 110),
(1367, '2021-09-29 09:52:31', 'Posting of donation transaction, 20', 110, 81),
(1368, '2021-09-29 09:57:54', 'Logged in to system', 0, 110),
(1369, '2021-09-29 10:21:32', 'Logged in to system', 0, 110),
(1370, '2021-09-29 12:31:56', 'Logged in to system', 0, 110),
(1371, '2021-09-29 12:36:26', 'Logged in to system', 0, 110),
(1372, '2021-09-29 12:39:44', 'Logged in to system', 0, 110),
(1373, '2021-09-29 12:51:40', 'Logged in to system', 0, 110),
(1374, '2021-09-29 15:59:16', 'Logged in to system', 0, 110),
(1375, '2021-09-29 16:02:28', 'Logged in to system', 0, 110),
(1376, '2021-10-04 11:21:38', 'Logged in to system', 0, 110),
(1377, '2021-10-04 11:22:34', 'Posting of donation transaction, 40', 110, 10),
(1378, '2021-10-04 11:48:40', 'Logged in to system', 0, 110),
(1379, '2021-10-04 11:58:26', 'Logged in to system', 0, 110),
(1380, '2021-10-04 11:58:28', 'Logged in to system', 0, 110),
(1381, '2021-10-04 11:58:29', 'Logged in to system', 0, 110),
(1382, '2021-10-04 12:00:56', 'Logged in to system', 0, 110),
(1383, '2021-10-04 12:26:43', 'Logged in to system', 0, 110),
(1384, '2021-10-04 12:56:55', 'Logged in to system', 0, 110),
(1385, '2021-10-04 13:10:12', 'Logged in to system', 0, 110),
(1386, '2021-10-04 13:19:22', 'Logged in to system', 0, 110),
(1387, '2021-10-04 13:20:23', 'Logged in to system', 0, 110),
(1388, '2021-10-04 13:24:26', 'Logged in to system', 0, 110),
(1389, '2021-10-04 13:31:22', 'Logged in to system', 0, 110),
(1390, '2021-10-04 13:31:23', 'Logged in to system', 0, 110),
(1391, '2021-10-04 13:31:24', 'Logged in to system', 0, 110),
(1392, '2021-10-04 13:31:25', 'Logged in to system', 0, 110),
(1393, '2021-10-04 13:31:28', 'Logged in to system', 0, 110),
(1394, '2021-10-04 13:36:15', 'Logged in to system', 0, 110),
(1395, '2021-10-04 13:39:18', 'Logged in to system', 0, 110),
(1396, '2021-10-04 15:20:02', 'Logged in to system', 0, 110),
(1397, '2021-10-04 15:25:27', 'Logged in to system', 0, 110),
(1398, '2021-10-04 16:08:37', 'Logged in to system', 0, 110),
(1399, '2021-10-04 16:17:22', 'Logged in to system', 0, 110),
(1400, '2021-10-05 10:48:38', 'Logged in to system', 0, 110),
(1401, '2021-10-05 10:49:14', 'Posting of donation transaction, 50', 110, 1),
(1402, '2021-10-05 10:51:40', 'Logged in to system', 0, 110),
(1403, '2021-10-05 10:52:17', 'Posting of donation transaction, 30', 110, 64),
(1404, '2021-10-06 11:11:55', 'Logged in to system', 0, 110),
(1405, '2021-10-06 17:35:38', 'Logged in to system', 0, 13),
(1406, '2021-10-09 12:42:12', 'Logged in to system', 0, 134),
(1407, '2021-10-11 13:37:56', 'Logged in to system', 0, 110),
(1408, '2021-10-13 14:12:08', 'Logged in to system', 0, 110),
(1409, '2021-10-14 14:32:42', 'Logged in to system', 0, 110),
(1410, '2021-10-14 14:33:44', 'Logged in to system', 0, 110),
(1411, '2021-10-14 14:34:47', 'Posting of donation transaction, 40', 110, 18),
(1412, '2021-10-14 14:35:51', 'Logged in to system', 0, 110),
(1413, '2021-10-14 14:39:01', 'Logged in to system', 0, 110),
(1414, '2021-10-15 09:35:56', 'Logged in to system', 0, 110),
(1415, '2021-10-16 15:22:10', 'Logged in to system', 0, 110),
(1416, '2021-10-16 17:18:48', 'Posting of claim transaction, 1820.00', 110, 129),
(1417, '2021-10-16 17:22:09', 'Posting of claim transaction, 710.00', 110, 101),
(1418, '2021-10-16 17:30:40', 'Logged out of system', 0, 110),
(1419, '2021-10-16 17:30:42', 'Logged out of system', 0, 110),
(1420, '2021-10-16 17:30:45', 'Logged out of system', 0, 110),
(1421, '2021-10-16 17:30:46', 'Logged out of system', 0, 110),
(1422, '2021-10-18 15:24:46', 'Logged in to system', 0, 110),
(1423, '2021-10-18 15:26:24', 'Logged in to system', 0, 110),
(1424, '2021-10-18 15:26:26', 'Logged in to system', 0, 110),
(1425, '2021-10-18 15:28:37', 'Logged in to system', 0, 110),
(1426, '2021-10-18 15:34:35', 'Logged in to system', 0, 110),
(1427, '2021-10-18 15:34:43', 'Posting of withdrawal transaction, 0', 110, 70),
(1428, '2021-10-18 15:43:37', 'Logged out of system', 0, 110),
(1429, '2021-10-18 15:48:04', 'Logged in to system', 0, 110),
(1430, '2021-10-18 15:48:49', 'Logged out of system', 0, 110),
(1431, '2021-10-19 10:48:34', 'Logged in to system', 0, 110),
(1432, '2021-10-19 10:50:14', 'Posting of donation transaction, 30', 110, 74),
(1433, '2021-10-19 12:00:13', 'Logged in to system', 0, 110),
(1434, '2021-10-20 10:01:27', 'Logged in to system', 0, 110),
(1435, '2021-10-20 10:30:46', 'Logged in to system', 0, 110),
(1436, '2021-10-20 10:39:13', 'Logged in to system', 0, 110),
(1437, '2021-10-20 10:46:44', 'Logged in to system', 0, 110),
(1438, '2021-10-20 10:53:28', 'Logged in to system', 0, 110),
(1439, '2021-10-20 11:03:31', 'Logged in to system', 0, 110),
(1440, '2021-10-20 11:10:42', 'Logged in to system', 0, 110),
(1441, '2021-10-20 11:32:57', 'Logged in to system', 0, 110),
(1442, '2021-10-20 13:26:49', 'Logged in to system', 0, 110),
(1443, '2021-10-20 15:48:23', 'Logged in to system', 0, 110),
(1444, '2021-10-21 10:33:01', 'Logged in to system', 0, 110),
(1445, '2021-10-21 13:32:31', 'Logged in to system', 0, 110),
(1446, '2021-10-21 13:38:51', 'Logged in to system', 0, 110),
(1447, '2021-10-21 14:26:20', 'Logged in to system', 0, 110),
(1448, '2021-10-21 14:43:20', 'Logged in to system', 0, 110),
(1449, '2021-10-22 10:56:22', 'Logged in to system', 0, 110),
(1450, '2021-10-22 11:09:48', 'Logged in to system', 0, 110),
(1451, '2021-10-22 15:09:41', 'Logged in to system', 0, 110),
(1452, '2021-10-22 15:32:34', 'Logged in to system', 0, 110),
(1453, '2021-10-22 15:37:35', 'Logged in to system', 0, 110),
(1454, '2021-10-22 15:43:58', 'Logged in to system', 0, 110),
(1455, '2021-10-25 09:20:31', 'Logged in to system', 0, 110),
(1456, '2021-10-25 15:01:54', 'Logged in to system', 0, 110),
(1457, '2021-10-26 15:04:54', 'Logged in to system', 0, 110),
(1458, '2021-10-27 10:59:31', 'Logged in to system', 0, 110),
(1459, '2021-11-01 11:53:38', 'Logged in to system', 0, 110),
(1460, '2021-11-01 11:55:32', 'Logged out of system', 0, 110),
(1461, '2021-11-08 10:52:38', 'Logged in to system', 0, 110),
(1462, '2021-11-08 15:39:39', 'Logged in to system', 0, 110),
(1463, '2021-11-10 16:07:14', 'Logged in to system', 0, 110),
(1464, '2021-11-10 16:10:15', 'Logged in to system', 0, 2),
(1465, '2021-11-10 04:17:18', 'Charging of annual fees', 110, 1),
(1466, '2021-11-10 04:19:27', 'Charging of annual fees', 110, 2),
(1467, '2021-11-10 16:21:06', 'Logged out of system', 0, 110),
(1468, '2021-11-10 16:21:32', 'Logged in to system', 0, 110),
(1469, '2021-11-10 16:22:05', 'Logged out of system', 0, 110),
(1470, '2021-11-10 16:31:37', 'Logged in to system', 0, 110),
(1471, '2021-11-11 11:42:46', 'Logged in to system', 0, 110),
(1472, '2021-11-11 13:34:20', 'Logged in to system', 0, 110),
(1473, '2021-11-11 13:35:33', 'Posting of donation transaction, 30', 110, 39),
(1474, '2021-11-11 13:39:37', 'Posting of donation transaction, 30', 110, 39),
(1475, '2021-11-11 13:41:08', 'Logged in to system', 0, 110),
(1476, '2021-11-11 13:46:19', 'Logged in to system', 0, 110),
(1477, '2021-11-11 01:47:36', 'Charging of annual fees', 110, 4),
(1478, '2021-11-11 13:48:34', 'Logged in to system', 0, 110),
(1479, '2021-11-11 14:13:33', 'Logged in to system', 0, 110),
(1480, '2021-11-11 14:35:24', 'Logged in to system', 0, 110),
(1481, '2021-11-11 15:20:13', 'Logged in to system', 0, 110),
(1482, '2021-11-15 14:06:16', 'Logged in to system', 0, 110),
(1483, '2021-11-15 14:19:44', 'Logged in to system', 0, 110),
(1484, '2021-11-16 11:51:24', 'Logged in to system', 0, 110),
(1485, '2021-11-16 11:54:03', 'Logged in to system', 0, 110),
(1486, '2021-11-16 11:58:38', 'Logged in to system', 0, 110),
(1487, '2021-11-16 11:59:36', 'Posting of donation transaction, 70', 110, 23),
(1488, '2021-11-16 14:34:03', 'Logged in to system', 0, 110),
(1489, '2021-11-16 14:42:24', 'Logged in to system', 0, 110),
(1490, '2021-11-16 02:45:31', 'Charging of annual fees', 110, 23),
(1491, '2021-11-16 14:50:22', 'Logged in to system', 0, 110),
(1492, '2021-11-16 15:55:10', 'Logged in to system', 0, 110),
(1493, '2021-11-16 03:57:51', 'Charging of annual fees', 110, 24),
(1494, '2021-11-16 04:04:20', 'Charging of annual fees', 110, 94),
(1495, '2021-11-16 04:18:20', 'Charging of annual fees', 110, 74),
(1496, '2021-11-18 10:15:58', 'Logged in to system', 0, 42),
(1497, '2021-11-18 10:15:59', 'Logged in to system', 0, 42),
(1498, '2021-11-18 10:16:00', 'Logged in to system', 0, 42),
(1499, '2021-11-18 10:19:14', 'Logged in to system', 0, 42),
(1500, '2021-11-18 14:24:20', 'Logged in to system', 0, 110),
(1501, '2021-11-18 02:26:50', 'Charging of annual fees', 110, 37),
(1502, '2021-11-18 02:32:38', 'Charging of annual fees', 110, 41),
(1503, '2021-11-18 02:36:58', 'Charging of annual fees', 110, 42),
(1504, '2021-11-18 02:41:23', 'Charging of annual fees', 110, 51),
(1505, '2021-11-18 02:46:14', 'Charging of annual fees', 110, 54),
(1506, '2021-11-18 02:53:47', 'Charging of annual fees', 110, 56),
(1507, '2021-11-18 02:56:19', 'Charging of annual fees', 110, 57),
(1508, '2021-11-18 15:02:07', 'Logged in to system', 0, 13),
(1509, '2021-11-18 03:03:15', 'Charging of annual fees', 110, 63),
(1510, '2021-11-18 15:07:58', 'Logged in to system', 0, 110),
(1511, '2021-11-19 14:15:55', 'Logged in to system', 0, 110),
(1512, '2021-11-19 15:37:18', 'Logged in to system', 0, 110),
(1513, '2021-11-22 13:37:49', 'Logged in to system', 0, 110),
(1514, '2021-11-22 14:20:38', 'Logged in to system', 0, 110),
(1515, '2021-11-22 15:00:38', 'Logged in to system', 0, 148),
(1516, '2021-11-22 15:03:33', 'Updating of profile picture', 0, 148),
(1517, '2021-11-22 15:04:17', 'Logged in to system', 0, 110),
(1518, '2021-11-22 15:11:00', 'Logged in to system', 0, 20),
(1519, '2021-11-22 15:11:30', 'Updating of profile picture', 0, 20),
(1520, '2021-11-22 15:12:08', 'Logged in to system', 0, 110),
(1521, '2021-11-23 14:21:22', 'Logged in to system', 0, 110),
(1522, '2021-11-23 14:27:03', 'Logged in to system', 0, 110),
(1523, '2021-11-23 14:28:42', 'Logged in to system', 0, 110),
(1524, '2021-11-23 15:58:44', 'Logged in to system', 0, 62),
(1525, '2021-11-23 15:59:33', 'Updating of profile picture', 0, 62),
(1526, '2021-11-23 16:01:37', 'Logged in to system', 0, 69),
(1527, '2021-11-23 16:04:51', 'Logged in to system', 0, 110),
(1528, '2021-11-23 16:06:44', 'Logged in to system', 0, 69),
(1529, '2021-11-23 16:07:32', 'Updating of profile picture', 0, 69),
(1530, '2021-11-23 16:09:07', 'Logged in to system', 0, 76),
(1531, '2021-11-23 16:14:54', 'Logged in to system', 0, 110),
(1532, '2021-11-23 16:16:57', 'Logged in to system', 0, 76),
(1533, '2021-11-23 16:17:33', 'Updating of profile picture', 0, 76),
(1534, '2021-11-23 16:19:22', 'Logged in to system', 0, 81),
(1535, '2021-11-23 16:19:53', 'Updating of profile picture', 0, 81),
(1536, '2021-11-23 16:21:54', 'Logged in to system', 0, 98),
(1537, '2021-11-23 16:22:34', 'Updating of profile picture', 0, 98),
(1538, '2021-11-23 16:37:41', 'Logged in to system', 0, 87),
(1539, '2021-11-23 16:38:16', 'Updating of profile picture', 0, 87),
(1540, '2021-11-24 09:58:00', 'Logged in to system', 0, 110),
(1541, '2021-11-24 10:26:07', 'Logged in to system', 0, 110),
(1542, '2021-11-24 10:34:54', 'Logged in to system', 0, 110),
(1543, '2021-11-24 14:46:42', 'Logged in to system', 0, 110),
(1544, '2021-11-24 14:47:59', 'Updating of profile picture', 0, 110),
(1545, '2021-11-24 15:03:40', 'Logged in to system', 0, 110),
(1546, '2021-11-24 15:04:45', 'Updating of profile picture', 0, 110),
(1547, '2021-11-24 15:06:00', 'Logged in to system', 0, 110),
(1548, '2021-11-24 15:08:20', 'Logged in to system', 0, 30),
(1549, '2021-11-24 15:08:55', 'Updating of profile picture', 0, 30),
(1550, '2021-11-24 15:10:29', 'Logged in to system', 0, 37),
(1551, '2021-11-24 15:11:09', 'Updating of profile picture', 0, 37),
(1552, '2021-11-24 15:11:33', 'Logged in to system', 0, 110),
(1553, '2021-11-24 15:18:57', 'Logged in to system', 0, 109),
(1554, '2021-11-24 15:19:36', 'Updating of profile picture', 0, 109),
(1555, '2021-11-24 15:21:14', 'Logged in to system', 0, 137),
(1556, '2021-11-24 15:21:53', 'Updating of profile picture', 0, 137),
(1557, '2021-11-24 15:22:53', 'Logged in to system', 0, 138),
(1558, '2021-11-24 15:23:33', 'Updating of profile picture', 0, 138),
(1559, '2021-11-24 15:24:58', 'Logged in to system', 0, 139),
(1560, '2021-11-24 15:25:31', 'Updating of profile picture', 0, 139),
(1561, '2021-11-24 15:26:41', 'Logged in to system', 0, 140),
(1562, '2021-11-24 15:27:11', 'Updating of profile picture', 0, 140),
(1563, '2021-11-24 15:27:57', 'Logged in to system', 0, 110),
(1564, '2021-11-24 15:40:11', 'Logged in to system', 0, 110),
(1565, '2021-11-24 15:51:54', 'Logged in to system', 0, 110),
(1566, '2021-11-24 15:53:02', 'Updating of profile picture', 0, 110),
(1567, '2021-11-24 16:12:55', 'Logged in to system', 0, 121),
(1568, '2021-11-24 16:13:43', 'Updating of profile picture', 0, 121),
(1569, '2021-11-25 13:31:59', 'Logged in to system', 0, 110),
(1570, '2021-11-25 13:32:01', 'Logged in to system', 0, 110),
(1571, '2021-11-25 13:44:36', 'Logged in to system', 0, 110),
(1572, '2021-11-25 13:46:54', 'Posting of donation transaction, 60', 110, 30),
(1573, '2021-11-25 13:50:42', 'Logged in to system', 0, 110),
(1574, '2021-11-25 13:51:46', 'Posting of donation transaction, 60', 110, 32),
(1575, '2021-11-26 13:54:37', 'Logged in to system', 0, 110),
(1576, '2021-11-26 13:55:52', 'Posting of donation transaction, 30', 110, 71),
(1577, '2021-11-26 13:56:44', 'Posting of donation transaction, 60', 110, 71),
(1578, '2021-11-26 14:12:06', 'Logged in to system', 0, 110),
(1579, '2021-11-26 15:44:00', 'Logged in to system', 0, 110),
(1580, '2021-11-26 15:44:54', 'Posting of donation transaction, 60', 110, 102),
(1581, '2021-11-26 16:10:00', 'Logged in to system', 0, 110),
(1582, '2021-11-26 04:11:34', 'Charging of annual fees', 110, 102),
(1583, '2021-11-26 20:10:21', 'Logged in to system', 0, 134),
(1584, '2021-11-29 13:52:47', 'Logged in to system', 0, 110),
(1585, '2021-11-29 14:09:30', 'Logged in to system', 0, 39),
(1586, '2021-11-29 14:10:06', 'Updating of profile picture', 0, 39),
(1587, '2021-11-29 14:12:18', 'Logged in to system', 0, 60),
(1588, '2021-11-29 14:13:07', 'Updating of profile picture', 0, 60),
(1589, '2021-11-29 14:14:28', 'Logged in to system', 0, 61),
(1590, '2021-11-29 14:15:02', 'Updating of profile picture', 0, 61),
(1591, '2021-11-29 14:15:41', 'Logged in to system', 0, 110),
(1592, '2021-12-01 10:30:40', 'Logged in to system', 0, 110),
(1593, '2021-12-01 22:43:53', 'Logged in to system', 0, 13),
(1594, '2021-12-02 10:36:35', 'Logged in to system', 0, 110),
(1595, '2021-12-02 10:37:31', 'Posting of donation transaction, 120', 110, 35),
(1596, '2021-12-02 10:38:51', 'Logged in to system', 0, 110),
(1597, '2021-12-02 11:18:48', 'Logged in to system', 0, 110),
(1598, '2021-12-02 11:19:23', 'Charging of annual fees', 110, 35),
(1599, '2021-12-02 11:22:50', 'Logged in to system', 0, 110),
(1600, '2021-12-02 15:12:58', 'Logged in to system', 0, 63),
(1601, '2021-12-02 15:13:31', 'Updating of profile picture', 0, 63),
(1602, '2021-12-02 15:15:03', 'Logged in to system', 0, 67),
(1603, '2021-12-02 15:15:49', 'Updating of profile picture', 0, 67);
INSERT INTO `user_log` (`id`, `date`, `description`, `encoder_id`, `user_id`) VALUES
(1604, '2021-12-02 15:16:57', 'Logged in to system', 0, 72),
(1605, '2021-12-02 15:17:43', 'Updating of profile picture', 0, 72),
(1606, '2021-12-02 15:20:18', 'Logged in to system', 0, 83),
(1607, '2021-12-02 15:20:50', 'Updating of profile picture', 0, 83),
(1608, '2021-12-02 15:23:13', 'Logged in to system', 0, 88),
(1609, '2021-12-02 15:23:45', 'Updating of profile picture', 0, 88),
(1610, '2021-12-02 15:25:40', 'Logged in to system', 0, 35),
(1611, '2021-12-02 15:26:14', 'Updating of profile picture', 0, 35),
(1612, '2021-12-02 15:27:55', 'Logged in to system', 0, 92),
(1613, '2021-12-02 15:28:31', 'Updating of profile picture', 0, 92),
(1614, '2021-12-03 12:10:50', 'Logged in to system', 0, 127),
(1615, '2021-12-03 12:13:16', 'Logged in to system', 0, 132),
(1616, '2021-12-03 12:13:28', 'Logged in to system', 0, 132),
(1617, '2021-12-03 12:14:35', 'Updating of profile picture', 0, 132),
(1618, '2021-12-03 12:21:49', 'Logged in to system', 0, 110),
(1619, '2021-12-03 12:33:12', 'Logged in to system', 0, 127),
(1620, '2021-12-03 12:33:46', 'Updating of profile picture', 0, 127),
(1621, '2021-12-03 12:56:44', 'Logged in to system', 0, 110),
(1622, '2021-12-03 13:49:22', 'Logged in to system', 0, 110),
(1623, '2021-12-06 15:13:01', 'Logged in to system', 0, 110),
(1624, '2021-12-06 16:56:09', 'Logged in to system', 0, 110),
(1625, '2021-12-10 11:23:32', 'Logged in to system', 0, 110),
(1626, '2021-12-10 15:23:50', 'Logged in to system', 0, 110),
(1627, '2021-12-13 09:43:39', 'Logged in to system', 0, 110),
(1628, '2021-12-13 09:43:39', 'Logged in to system', 0, 110),
(1629, '2021-12-13 09:44:49', 'Posting of donation transaction, 90', 110, 26),
(1630, '2021-12-15 16:17:31', 'Logged in to system', 0, 110),
(1631, '2021-12-15 16:20:45', 'Logged in to system', 0, 48),
(1632, '2021-12-15 16:21:20', 'Updating of profile picture', 0, 48),
(1633, '2021-12-15 16:21:52', 'Logged in to system', 0, 110),
(1634, '2022-01-03 08:43:40', 'Logged in to system', 0, 110),
(1635, '2022-01-03 08:49:51', 'Logged out of system', 0, 110),
(1636, '2022-01-24 09:49:22', 'Logged in to system', 0, 110),
(1637, '2022-01-24 09:50:44', 'Posting of donation transaction, 60', 110, 28),
(1638, '2022-01-24 11:06:19', 'Logged in to system', 0, 110),
(1639, '2022-01-25 11:21:00', 'Logged in to system', 0, 110),
(1640, '2022-01-25 11:24:45', 'Logged in to system', 0, 110),
(1641, '2022-01-25 11:48:02', 'Logged in to system', 0, 110),
(1642, '2022-01-25 12:06:39', 'Logged in to system', 0, 110),
(1643, '2022-01-25 13:22:45', 'Logged in to system', 0, 110),
(1644, '2022-01-25 13:41:53', 'Logged in to system', 0, 110),
(1645, '2022-01-25 14:40:53', 'Logged in to system', 0, 110),
(1646, '2022-01-25 14:43:34', 'Logged in to system', 0, 110),
(1647, '2022-01-25 02:44:40', 'Charging of annual fees', 110, 64),
(1648, '2022-01-25 02:50:20', 'Charging of annual fees', 110, 81),
(1649, '2022-01-25 02:59:03', 'Charging of annual fees', 110, 39),
(1650, '2022-01-25 03:05:17', 'Charging of annual fees', 110, 30),
(1651, '2022-01-25 03:07:32', 'Charging of annual fees', 110, 71),
(1652, '2022-01-25 03:14:14', 'Charging of annual fees', 110, 35),
(1653, '2022-01-25 03:15:11', 'Charging of annual fees', 110, 26),
(1654, '2022-01-25 03:16:05', 'Charging of annual fees', 110, 28),
(1655, '2022-01-25 04:11:52', 'Charging of annual fees', 110, 4),
(1656, '2022-01-25 16:44:55', 'Logged in to system', 0, 110),
(1657, '2022-01-26 10:34:38', 'Logged in to system', 0, 110),
(1658, '2022-01-26 13:19:15', 'Logged in to system', 0, 110),
(1659, '2022-01-26 13:28:31', 'Logged in to system', 0, 110),
(1660, '2022-01-26 13:58:08', 'Logged in to system', 0, 110),
(1661, '2022-01-26 23:06:25', 'Logged in to system', 0, 2),
(1662, '2022-01-27 14:45:17', 'Logged in to system', 0, 110),
(1663, '2022-01-27 02:48:38', 'Charging of annual fees', 110, 17),
(1664, '2022-01-27 02:50:52', 'Charging of annual fees', 110, 18),
(1665, '2022-01-27 02:53:26', 'Charging of annual fees', 110, 32),
(1666, '2022-01-27 02:55:37', 'Charging of annual fees', 110, 37),
(1667, '2022-01-27 02:59:11', 'Charging of annual fees', 110, 67),
(1668, '2022-01-27 03:02:24', 'Charging of annual fees', 110, 90),
(1669, '2022-01-28 12:03:02', 'Logged in to system', 0, 110),
(1670, '2022-01-28 12:31:23', 'Logged in to system', 0, 2),
(1671, '2022-01-28 13:26:18', 'Logged in to system', 0, 110),
(1672, '2022-01-28 13:51:27', 'Logged in to system', 0, 110),
(1673, '2022-01-28 13:57:21', 'Logged in to system', 0, 110),
(1674, '2022-01-28 14:42:18', 'Logged in to system', 0, 110),
(1675, '2022-01-28 15:23:47', 'Logged in to system', 0, 110),
(1676, '2022-01-28 15:38:39', 'Logged in to system', 0, 110),
(1677, '2022-01-28 15:38:39', 'Logged in to system', 0, 110),
(1678, '2022-01-28 16:02:02', 'Logged in to system', 0, 110),
(1679, '2022-01-28 16:24:56', 'Logged in to system', 0, 110),
(1680, '2022-01-31 10:00:40', 'Logged in to system', 0, 110),
(1681, '2022-01-31 10:12:33', 'Logged in to system', 0, 110),
(1682, '2022-01-31 13:20:24', 'Logged in to system', 0, 110),
(1683, '2022-01-31 14:14:06', 'Logged in to system', 0, 110),
(1684, '2022-02-02 10:21:31', 'Logged in to system', 0, 110),
(1685, '2022-02-02 11:09:46', 'Logged in to system', 0, 110),
(1686, '2022-02-03 10:18:21', 'Logged in to system', 0, 110),
(1687, '2022-02-03 13:52:56', 'Logged in to system', 0, 110),
(1688, '2022-02-04 15:04:34', 'Logged in to system', 0, 110),
(1689, '2022-02-04 16:32:01', 'Logged in to system', 0, 110),
(1690, '2022-02-04 16:32:01', 'Logged in to system', 0, 110),
(1691, '2022-02-07 11:24:36', 'Logged in to system', 0, 110),
(1692, '2022-02-07 13:34:36', 'Logged in to system', 0, 110),
(1693, '2022-02-08 14:51:05', 'Logged in to system', 0, 110),
(1694, '2022-02-08 15:58:01', 'Logged in to system', 0, 110),
(1695, '2022-02-09 09:45:16', 'Logged in to system', 0, 110),
(1696, '2022-02-09 10:33:53', 'Logged in to system', 0, 110),
(1697, '2022-02-09 13:36:10', 'Logged in to system', 0, 110),
(1698, '2022-02-11 14:09:05', 'Logged in to system', 0, 110),
(1699, '2022-02-11 14:09:06', 'Logged in to system', 0, 110),
(1700, '2022-02-11 16:05:55', 'Logged in to system', 0, 110),
(1701, '2022-02-11 16:07:34', 'Logged in to system', 0, 110),
(1702, '2022-02-16 10:51:39', 'Logged in to system', 0, 110),
(1703, '2022-02-24 18:53:30', 'Logged in to system', 0, 13),
(1704, '2022-03-01 15:32:32', 'Logged in to system', 0, 110),
(1705, '2022-03-01 15:33:24', 'Posting of donation transaction, 40', 110, 41),
(1706, '2022-03-01 15:34:19', 'Logged in to system', 0, 110),
(1707, '2022-03-01 16:56:09', 'Logged in to system', 0, 110),
(1708, '2022-03-01 16:58:35', 'Posting of donation transaction, 90', 110, 127),
(1709, '2022-03-04 11:14:39', 'Logged in to system', 0, 110),
(1710, '2022-03-04 13:33:16', 'Logged in to system', 0, 110),
(1711, '2022-03-04 13:44:39', 'Logged in to system', 0, 110),
(1712, '2022-03-04 14:27:15', 'Logged in to system', 0, 110),
(1713, '2022-03-04 14:27:16', 'Logged in to system', 0, 110),
(1714, '2022-03-04 14:49:53', 'Logged in to system', 0, 110),
(1715, '2022-03-07 10:10:31', 'Logged in to system', 0, 110),
(1716, '2022-03-07 13:37:36', 'Logged in to system', 0, 110),
(1717, '2022-03-07 16:04:44', 'Logged in to system', 0, 110),
(1718, '2022-03-08 11:12:10', 'Logged in to system', 0, 110),
(1719, '2022-03-08 13:27:55', 'Logged in to system', 0, 110),
(1720, '2022-03-08 13:56:25', 'Logged in to system', 0, 110),
(1721, '2022-03-08 14:10:00', 'Logged in to system', 0, 110),
(1722, '2022-03-08 14:44:16', 'Logged in to system', 0, 110),
(1723, '2022-03-08 15:27:26', 'Logged in to system', 0, 110),
(1724, '2022-03-10 13:39:45', 'Logged in to system', 0, 110),
(1725, '2022-03-10 14:24:53', 'Logged in to system', 0, 110),
(1726, '2022-03-10 15:00:09', 'Logged in to system', 0, 110),
(1727, '2022-03-11 10:58:13', 'Logged in to system', 0, 110),
(1728, '2022-03-11 13:41:22', 'Logged in to system', 0, 110),
(1729, '2022-03-11 15:49:20', 'Logged in to system', 0, 110),
(1730, '2022-03-14 10:21:20', 'Logged in to system', 0, 110),
(1731, '2022-03-14 10:25:49', 'Posting of donation transaction, 30', 110, 67),
(1732, '2022-03-14 10:28:02', 'Charging of annual fees', 110, 67),
(1733, '2022-03-14 10:29:18', 'Logged in to system', 0, 110),
(1734, '2022-03-14 10:33:14', 'Posting of donation transaction, 30', 110, 128),
(1735, '2022-03-14 10:34:55', 'Charging of annual fees', 110, 128),
(1736, '2022-03-14 10:36:15', 'Posting of donation transaction, 60', 110, 128),
(1737, '2022-03-14 11:14:09', 'Logged in to system', 0, 110),
(1738, '2022-03-14 11:16:42', 'Charging of annual fees', 110, 127),
(1739, '2022-03-14 11:47:52', 'Logged in to system', 0, 110),
(1740, '2022-03-17 10:37:18', 'Logged in to system', 0, 110),
(1741, '2022-03-21 13:34:34', 'Logged in to system', 0, 110),
(1742, '2022-03-21 13:38:28', 'Logged in to system', 0, 110),
(1743, '2022-03-21 13:41:27', 'Posting of donation transaction, 40', 110, 140),
(1744, '2022-03-21 16:47:36', 'Logged in to system', 0, 110),
(1745, '2022-03-21 04:49:06', 'Charging of annual fees', 110, 140),
(1746, '2022-03-22 10:27:14', 'Logged in to system', 0, 110),
(1747, '2022-03-22 15:09:06', 'Logged in to system', 0, 110),
(1748, '2022-03-22 15:14:45', 'Logged in to system', 0, 110),
(1749, '2022-03-24 10:41:26', 'Logged in to system', 0, 110),
(1750, '2022-03-24 10:41:26', 'Logged in to system', 0, 110),
(1751, '2022-03-24 13:10:59', 'Logged in to system', 0, 110),
(1752, '2022-03-24 14:27:27', 'Logged in to system', 0, 110),
(1753, '2022-03-24 14:27:28', 'Logged in to system', 0, 110),
(1754, '2022-03-24 14:29:57', 'Logged in to system', 0, 110),
(1755, '2022-03-24 14:30:05', 'Logged in to system', 0, 110),
(1756, '2022-03-28 11:13:10', 'Logged in to system', 0, 110),
(1757, '2022-03-28 11:15:50', 'Logged in to system', 0, 110),
(1758, '2022-03-28 11:17:28', 'Posting of donation transaction, 30', 110, 63),
(1759, '2022-03-28 11:26:12', 'Logged in to system', 0, 110),
(1760, '2022-03-28 11:27:17', 'Charging of annual fees', 110, 63),
(1761, '2022-04-04 09:58:20', 'Logged in to system', 0, 110),
(1762, '2022-04-04 10:10:42', 'Member registration', 110, 149),
(1763, '2022-04-04 10:52:24', 'Logged in to system', 0, 110),
(1764, '2022-04-04 10:52:54', 'Posting of donation transaction, 10', 110, 1),
(1765, '2022-04-04 14:42:42', 'Logged in to system', 0, 110),
(1766, '2022-04-04 14:42:43', 'Logged in to system', 0, 110),
(1767, '2022-04-04 14:45:25', 'Logged in to system', 0, 149),
(1768, '2022-04-04 14:46:41', 'Updating of profile picture', 0, 149),
(1769, '2022-04-04 14:47:13', 'Logged in to system', 0, 110),
(1770, '2022-04-04 20:27:56', 'Logged in to system', 0, 149),
(1771, '2022-04-05 16:42:29', 'Logged in to system', 0, 110),
(1772, '2022-04-11 10:02:36', 'Logged in to system', 0, 110),
(1773, '2022-04-11 10:04:45', 'Posting of donation transaction, 30', 110, 77),
(1774, '2022-04-11 10:06:15', 'Charging of annual fees', 110, 77),
(1775, '2022-04-11 10:07:29', 'Posting of donation transaction, 30', 110, 77),
(1776, '2022-04-13 00:37:37', 'Logged in to system', 0, 11),
(1777, '2022-04-13 16:03:41', 'Logged in to system', 0, 110),
(1778, '2022-04-19 07:39:51', 'Logged in to system', 0, 149),
(1779, '2022-04-19 11:18:30', 'Logged in to system', 0, 110),
(1780, '2022-04-19 11:19:52', 'Posting of donation transaction, 100', 110, 27),
(1781, '2022-04-19 11:41:56', 'Logged in to system', 0, 110),
(1782, '2022-04-19 11:58:30', 'Logged in to system', 0, 110),
(1783, '2022-04-19 11:59:11', 'Charging of annual fees', 110, 27),
(1784, '2022-04-19 12:01:00', 'Charging of annual fees', 110, 27),
(1785, '2022-04-19 12:05:12', 'Charging of annual fees', 110, 41),
(1786, '2022-04-19 13:53:17', 'Logged in to system', 0, 110),
(1787, '2022-04-19 13:53:17', 'Logged in to system', 0, 110),
(1788, '2022-04-19 13:54:59', 'Logged in to system', 0, 110),
(1789, '2022-04-20 10:41:47', 'Logged in to system', 0, 110),
(1790, '2022-04-20 11:30:40', 'Logged in to system', 0, 110),
(1791, '2022-04-28 13:41:35', 'Logged in to system', 0, 110),
(1792, '2022-05-05 16:40:26', 'Logged in to system', 0, 110),
(1793, '2022-05-12 15:11:47', 'Logged in to system', 0, 110),
(1794, '2022-05-27 14:08:37', 'Logged in to system', 0, 110),
(1795, '2022-06-14 16:25:47', 'Logged in to system', 0, 110),
(1796, '2022-06-14 16:27:32', 'Posting of donation transaction, 70', 110, 5),
(1797, '2022-06-14 04:29:08', 'Charging of annual fees', 110, 5),
(1798, '2022-06-17 13:35:52', 'Logged in to system', 0, 110),
(1799, '2022-06-17 13:36:29', 'Posting of donation transaction, 80', 110, 43),
(1800, '2022-06-17 14:37:45', 'Logged in to system', 0, 110),
(1801, '2022-06-17 02:38:28', 'Charging of annual fees', 110, 5),
(1802, '2022-06-17 02:40:16', 'Charging of annual fees', 110, 43),
(1803, '2022-06-17 02:42:34', 'Charging of annual fees', 110, 43),
(1804, '2022-07-04 10:10:42', 'Logged in to system', 0, 110),
(1805, '2022-07-04 10:12:30', 'Logged in to system', 0, 110),
(1806, '2022-07-04 10:13:04', 'Posting of donation transaction, 60', 110, 24),
(1807, '2022-07-04 10:18:06', 'Charging of annual fees', 110, 24),
(1808, '2022-07-04 10:19:00', 'Logged in to system', 0, 110),
(1809, '2022-07-04 14:22:56', 'Logged in to system', 0, 110),
(1810, '2022-07-29 14:52:32', 'Logged in to system', 0, 110),
(1811, '2022-07-29 15:08:35', 'Logged in to system', 0, 110),
(1812, '2022-08-02 18:21:29', 'Logged in to system', 0, 149),
(1813, '2022-08-15 11:04:06', 'Logged in to system', 0, 110),
(1814, '2022-08-15 11:08:13', 'Logged in to system', 0, 110),
(1815, '2022-08-15 11:12:32', 'Posting of donation transaction, 60', 110, 58),
(1816, '2022-08-15 11:17:54', 'Charging of annual fees', 110, 58),
(1817, '2022-08-15 11:19:30', 'Charging of annual fees', 110, 58),
(1818, '2022-08-15 11:20:26', 'Logged in to system', 0, 110),
(1819, '2022-08-15 11:21:22', 'Posting of donation transaction, 60', 110, 58),
(1820, '2022-08-16 11:04:43', 'Logged in to system', 0, 110),
(1821, '2022-08-16 11:14:51', 'Logged in to system', 0, 110),
(1822, '2022-08-16 11:18:51', 'Logged in to system', 0, 110),
(1823, '2022-08-16 11:36:56', 'Logged in to system', 0, 110),
(1824, '2022-08-16 11:37:44', 'Posting of donation transaction, 40', 110, 144),
(1825, '2022-08-16 16:08:33', 'Logged in to system', 0, 110),
(1826, '2022-08-16 16:10:59', 'Logged in to system', 0, 110),
(1827, '2022-08-16 16:12:10', 'Posting of donation transaction, 40', 110, 143),
(1828, '2022-08-17 22:29:49', 'Logged in to system', 0, 15),
(1829, '2022-08-17 22:31:49', 'Logged out of system', 0, 15),
(1830, '2022-08-30 14:59:57', 'Logged in to system', 0, 110),
(1831, '2022-08-30 15:42:06', 'Logged in to system', 0, 110),
(1832, '2022-08-30 15:46:21', 'Posting of donation transaction, 70', 110, 90),
(1833, '2022-08-30 03:49:47', 'Charging of annual fees', 110, 90),
(1834, '2022-08-30 03:58:30', 'Charging of annual fees', 110, 90),
(1835, '2022-08-30 16:59:23', 'Logged in to system', 0, 110),
(1836, '2022-08-30 17:03:42', 'Logged in to system', 0, 110),
(1837, '2022-08-30 17:03:42', 'Logged in to system', 0, 110),
(1838, '2022-08-31 10:50:05', 'Logged in to system', 0, 110),
(1839, '2022-08-31 13:59:05', 'Logged in to system', 0, 110),
(1840, '2022-09-01 10:28:14', 'Logged in to system', 0, 110),
(1841, '2022-09-01 13:56:40', 'Logged in to system', 0, 110),
(1842, '2022-09-13 15:34:31', 'Logged in to system', 0, 110),
(1843, '2022-09-13 15:45:12', 'Posting of donation transaction, 100', 110, 48),
(1844, '2022-09-13 03:46:39', 'Charging of annual fees', 110, 48),
(1845, '2022-09-13 03:48:52', 'Charging of annual fees', 110, 48),
(1846, '2022-09-13 03:51:01', 'Charging of annual fees', 110, 48),
(1847, '2022-09-14 15:28:45', 'Logged in to system', 0, 110),
(1848, '2022-09-14 15:28:46', 'Logged in to system', 0, 110),
(1849, '2022-09-26 11:03:05', 'Logged in to system', 0, 110),
(1850, '2022-09-26 11:13:59', 'Posting of donation transaction, 90', 110, 33),
(1851, '2022-09-26 11:18:04', 'Charging of annual fees', 110, 33),
(1852, '2022-09-26 11:19:29', 'Charging of annual fees', 110, 33),
(1853, '2022-09-26 11:20:46', 'Charging of annual fees', 110, 33),
(1854, '2022-09-28 13:24:41', 'Logged in to system', 0, 110),
(1855, '2022-10-13 11:49:59', 'Logged in to system', 0, 110),
(1856, '2022-10-13 12:20:48', 'Logged in to system', 0, 110),
(1857, '2022-10-13 12:20:49', 'Logged in to system', 0, 110),
(1858, '2022-10-13 12:23:55', 'Posting of donation transaction, 70', 110, 56),
(1859, '2022-10-13 13:35:08', 'Logged in to system', 0, 110),
(1860, '2022-10-13 01:36:11', 'Charging of annual fees', 110, 56),
(1861, '2022-10-13 13:45:43', 'Logged in to system', 0, 110),
(1862, '2022-10-13 13:47:18', 'Posting of donation transaction, 80', 110, 95),
(1863, '2022-10-13 01:48:35', 'Charging of annual fees', 110, 95),
(1864, '2022-10-13 01:50:25', 'Charging of annual fees', 110, 95),
(1865, '2022-10-20 10:34:34', 'Logged in to system', 0, 110),
(1866, '2022-10-20 10:37:57', 'Posting of donation transaction, 70', 110, 54),
(1867, '2022-10-20 10:41:34', 'Charging of annual fees', 110, 54),
(1868, '2022-10-20 10:43:12', 'Charging of annual fees', 110, 54),
(1869, '2022-10-25 10:17:10', 'Logged in to system', 0, 110),
(1870, '2022-10-25 10:18:27', 'Posting of donation transaction, 30', 110, 127),
(1871, '2022-10-25 10:20:40', 'Charging of annual fees', 110, 127),
(1872, '2022-10-27 11:10:50', 'Logged in to system', 0, 110),
(1873, '2022-10-27 11:28:45', 'Logged in to system', 0, 110),
(1874, '2022-10-27 16:01:05', 'Logged in to system', 0, 110),
(1875, '2022-11-02 10:31:43', 'Logged in to system', 0, 110),
(1876, '2022-11-02 10:34:11', 'Posting of donation transaction, 30', 110, 64),
(1877, '2022-11-02 10:35:28', 'Charging of annual fees', 110, 64),
(1878, '2022-11-02 16:31:27', 'Logged in to system', 0, 110),
(1879, '2022-11-02 16:31:27', 'Logged in to system', 0, 110),
(1880, '2022-11-04 10:52:49', 'Logged in to system', 0, 110),
(1881, '2022-11-04 11:21:36', 'Logged in to system', 0, 110),
(1882, '2022-11-04 11:35:46', 'Logged in to system', 0, 110),
(1883, '2022-11-04 11:35:46', 'Logged in to system', 0, 110),
(1884, '2022-11-04 11:47:23', 'Logged in to system', 0, 110),
(1885, '2022-11-04 11:53:29', 'Logged in to system', 0, 110),
(1886, '2022-11-04 11:57:24', 'Logged in to system', 0, 110),
(1887, '2022-11-04 13:28:53', 'Logged in to system', 0, 110),
(1888, '2022-11-04 13:38:51', 'Logged in to system', 0, 110),
(1889, '2022-11-04 13:46:14', 'Logged in to system', 0, 110),
(1890, '2022-11-04 13:47:11', 'Posting of donation transaction, 30', 110, 81),
(1891, '2022-11-04 01:48:28', 'Charging of annual fees', 110, 81),
(1892, '2022-11-04 14:31:59', 'Logged in to system', 0, 110),
(1893, '2022-11-04 15:08:44', 'Logged in to system', 0, 110),
(1894, '2022-11-04 15:22:48', 'Logged in to system', 0, 110),
(1895, '2022-11-04 15:46:33', 'Logged in to system', 0, 110),
(1896, '2022-11-04 16:48:58', 'Logged in to system', 0, 110),
(1897, '2022-11-07 10:36:13', 'Logged in to system', 0, 110),
(1898, '2022-11-07 10:37:50', 'Logged in to system', 0, 110),
(1899, '2022-11-07 10:38:44', 'Posting of donation transaction, 100', 110, 40),
(1900, '2022-11-07 10:40:37', 'Charging of annual fees', 110, 40),
(1901, '2022-11-07 10:41:49', 'Charging of annual fees', 110, 40),
(1902, '2022-11-07 10:42:44', 'Charging of annual fees', 110, 40),
(1903, '2022-11-07 13:52:50', 'Logged in to system', 0, 110),
(1904, '2022-11-10 16:56:17', 'Logged in to system', 0, 110),
(1905, '2022-11-11 16:49:24', 'Logged in to system', 0, 110),
(1906, '2022-11-11 16:50:40', 'Posting of donation transaction, 110', 110, 115),
(1907, '2022-11-11 16:54:56', 'Logged in to system', 0, 110),
(1908, '2022-11-11 04:56:26', 'Charging of annual fees', 110, 115),
(1909, '2022-11-11 04:57:33', 'Charging of annual fees', 110, 115),
(1910, '2022-11-11 04:58:42', 'Charging of annual fees', 110, 115),
(1911, '2022-11-15 10:27:05', 'Logged in to system', 0, 110),
(1912, '2022-11-15 10:34:39', 'Logged in to system', 0, 110),
(1913, '2022-11-15 10:35:39', 'Posting of donation transaction, 70', 110, 10),
(1914, '2022-11-15 10:37:53', 'Charging of annual fees', 110, 10),
(1915, '2022-11-15 14:07:19', 'Logged in to system', 0, 110),
(1916, '2022-11-15 14:07:19', 'Logged in to system', 0, 110),
(1917, '2022-11-15 14:08:13', 'Posting of donation transaction, 40', 110, 74),
(1918, '2022-11-15 02:17:34', 'Charging of annual fees', 110, 74),
(1919, '2022-11-15 15:43:08', 'Logged in to system', 0, 110),
(1920, '2022-11-15 15:44:34', 'Logged in to system', 0, 110),
(1921, '2022-11-15 15:45:24', 'Posting of donation transaction, 100', 110, 1),
(1922, '2022-11-15 03:47:16', 'Charging of annual fees', 110, 1),
(1923, '2022-11-16 11:20:11', 'Logged in to system', 0, 110),
(1924, '2022-11-16 11:21:31', 'Logged in to system', 0, 110),
(1925, '2022-11-16 11:24:36', 'Posting of donation transaction, 60', 110, 18),
(1926, '2022-11-16 11:26:23', 'Charging of annual fees', 110, 18),
(1927, '2022-11-16 11:27:34', 'Charging of annual fees', 110, 18),
(1928, '2022-11-16 19:46:37', 'Logged in to system', 0, 149),
(1929, '2022-11-17 11:08:40', 'Logged in to system', 0, 110),
(1930, '2022-11-17 11:09:46', 'Logged in to system', 0, 110),
(1931, '2022-11-17 11:10:45', 'Posting of donation transaction, 50', 110, 30),
(1932, '2022-11-17 11:12:13', 'Charging of annual fees', 110, 30),
(1933, '2022-11-22 11:17:48', 'Logged in to system', 0, 110),
(1934, '2022-11-22 11:34:07', 'Logged in to system', 0, 110),
(1935, '2022-11-24 09:54:50', 'Logged in to system', 0, 110),
(1936, '2022-11-24 09:55:59', 'Logged in to system', 0, 110),
(1937, '2022-11-24 09:56:37', 'Posting of donation transaction, 60', 110, 141),
(1938, '2022-11-24 09:58:05', 'Charging of annual fees', 110, 141),
(1939, '2022-11-24 15:37:00', 'Logged in to system', 0, 110),
(1940, '2022-11-28 16:15:11', 'Logged in to system', 0, 110),
(1941, '2022-11-28 16:17:51', 'Logged in to system', 0, 110),
(1942, '2022-11-28 16:19:15', 'Posting of donation transaction, 100', 110, 120),
(1943, '2022-11-28 04:20:54', 'Charging of annual fees', 110, 120),
(1944, '2022-11-29 16:05:53', 'Logged in to system', 0, 110),
(1945, '2022-12-02 14:45:34', 'Logged in to system', 0, 110),
(1946, '2022-12-09 10:22:21', 'Logged in to system', 0, 110),
(1947, '2022-12-09 10:25:39', 'Logged in to system', 0, 110),
(1948, '2022-12-09 10:26:07', 'Posting of donation transaction, 30', 110, 28),
(1949, '2022-12-09 10:27:29', 'Charging of annual fees', 110, 28),
(1950, '2022-12-12 10:09:56', 'Logged in to system', 0, 110),
(1951, '2022-12-12 10:10:51', 'Logged in to system', 0, 110),
(1952, '2022-12-12 10:12:19', 'Posting of donation transaction, 100', 110, 96),
(1953, '2022-12-12 10:15:37', 'Charging of annual fees', 110, 96),
(1954, '2022-12-12 10:16:23', 'Charging of annual fees', 110, 96),
(1955, '2022-12-12 10:17:28', 'Charging of annual fees', 110, 96),
(1956, '2022-12-13 10:39:32', 'Logged in to system', 0, 110),
(1957, '2022-12-13 10:43:01', 'Logged in to system', 0, 110),
(1958, '2022-12-13 10:44:41', 'Logged in to system', 0, 110),
(1959, '2022-12-13 10:45:33', 'Posting of donation transaction, 120', 110, 12),
(1960, '2022-12-13 10:46:55', 'Logged in to system', 0, 110),
(1961, '2022-12-13 10:47:57', 'Charging of annual fees', 110, 12),
(1962, '2022-12-13 10:49:04', 'Charging of annual fees', 110, 12);

-- --------------------------------------------------------

--
-- Table structure for table `withdrawals`
--

CREATE TABLE `withdrawals` (
  `id` int(11) NOT NULL,
  `date` timestamp NOT NULL DEFAULT CURRENT_TIMESTAMP,
  `encoder_id` int(11) DEFAULT NULL,
  `user_id` int(11) DEFAULT NULL,
  `amt` decimal(10,2) DEFAULT NULL
) ENGINE=InnoDB DEFAULT CHARSET=latin1;

--
-- Dumping data for table `withdrawals`
--

INSERT INTO `withdrawals` (`id`, `date`, `encoder_id`, `user_id`, `amt`) VALUES
(1, '2021-07-21 20:46:04', 110, 70, '0.00'),
(2, '2021-10-18 21:34:43', 110, 70, '0.00');

-- --------------------------------------------------------

--
-- Structure for view `current_balance_view`
--
DROP TABLE IF EXISTS `current_balance_view`;

CREATE ALGORITHM=UNDEFINED DEFINER=`root`@`localhost` SQL SECURITY DEFINER VIEW `current_balance_view`  AS SELECT `a`.`date` AS `date`, `a`.`user_id` AS `user_id`, (select `transaction_history`.`r` from `transaction_history` where (`transaction_history`.`user_id` = `a`.`user_id`) order by `transaction_history`.`date` desc limit 1) AS `result` FROM `transaction_history` AS `a` GROUP BY `a`.`user_id` ORDER BY `a`.`user_id` DESC ;

-- --------------------------------------------------------

--
-- Structure for view `finances_view`
--
DROP TABLE IF EXISTS `finances_view`;

CREATE ALGORITHM=UNDEFINED DEFINER=`root`@`localhost` SQL SECURITY DEFINER VIEW `finances_view`  AS SELECT `a`.`id` AS `id`, `a`.`date` AS `date`, `a`.`credit` AS `credit`, `a`.`debit` AS `debit`, `a`.`trans` AS `trans`, `a`.`trans_desc` AS `trans_desc`, `a`.`encoder_id` AS `encoder_id`, `a`.`user_id` AS `user_id`, `a`.`remarks` AS `remarks` FROM (select `a`.`id` AS `id`,`a`.`date` AS `date`,`a`.`amt` AS `credit`,0 AS `debit`,'1' AS `trans`,`b`.`description` AS `trans_desc`,`a`.`encoder_id` AS `encoder_id`,`a`.`user_id` AS `user_id`,'' AS `remarks` from (`donations` `a` join `transaction` `b` on((1 = `b`.`id`))) union all select `a`.`id` AS `id`,`a`.`date` AS `date`,0 AS `credit`,`a`.`amt` AS `debit`,'2' AS `trans`,`b`.`description` AS `trans_desc`,`a`.`encoder_id` AS `encoder_id`,`a`.`user_id` AS `user_id`,'' AS `remarks` from (`withdrawals` `a` join `transaction` `b` on((2 = `b`.`id`))) union all select `a`.`id` AS `id`,`a`.`date` AS `date`,`a`.`amt` AS `credit`,0 AS `debit`,'3' AS `trans`,`c`.`description` AS `trans_desc`,`a`.`encoder_id` AS `encoder_id`,`a`.`user_id` AS `user_id`,`b`.`description` AS `remarks` from ((`claims` `a` join `claim_classification` `b` on((`a`.`claim_classification` = `b`.`id`))) join `transaction` `c` on((3 = `c`.`id`))) union all select `a`.`id` AS `id`,`a`.`date` AS `date`,0 AS `credit`,`a`.`amt` AS `debit`,'4' AS `trans`,`c`.`description` AS `trans_desc`,`a`.`encoder_id` AS `encoder_id`,`a`.`user_id` AS `user_id`,`b`.`description` AS `remarks` from ((`deductions` `a` join `claim_classification` `b` on((`a`.`claim_classification` = `b`.`id`))) join `transaction` `c` on((4 = `c`.`id`)))) AS `a` ORDER BY date_format(`a`.`date`,'%Y %m %d %H %i %S') DESC ;

-- --------------------------------------------------------

--
-- Structure for view `finances_view_general`
--
DROP TABLE IF EXISTS `finances_view_general`;

CREATE ALGORITHM=UNDEFINED DEFINER=`hugpongm`@`localhost` SQL SECURITY DEFINER VIEW `finances_view_general`  AS SELECT `a`.`id` AS `id`, `a`.`date` AS `date`, `a`.`credit` AS `credit`, `a`.`debit` AS `debit`, `a`.`trans` AS `trans`, `a`.`trans_desc` AS `trans_desc`, `a`.`encoder_id` AS `encoder_id`, `a`.`user_id` AS `user_id`, `a`.`remarks` AS `remarks` FROM (select `a`.`id` AS `id`,`a`.`date` AS `date`,`a`.`amt` AS `credit`,0 AS `debit`,'1' AS `trans`,`b`.`description` AS `trans_desc`,`z`.`user_name` AS `encoder_id`,`x`.`user_name` AS `user_id`,'' AS `remarks` from (((`donations` `a` join `transaction` `b` on((1 = `b`.`id`))) left join `users` `z` on((`a`.`encoder_id` = `z`.`id`))) left join `users` `x` on((`a`.`user_id` = `x`.`id`))) union all select `a`.`id` AS `id`,`a`.`date` AS `date`,0 AS `credit`,`a`.`amt` AS `debit`,'2' AS `trans`,`b`.`description` AS `trans_desc`,`z`.`user_name` AS `encoder_id`,`x`.`user_name` AS `user_id`,'' AS `remarks` from (((`withdrawals` `a` join `transaction` `b` on((2 = `b`.`id`))) left join `users` `z` on((`a`.`encoder_id` = `z`.`id`))) left join `users` `x` on((`a`.`user_id` = `x`.`id`))) union all select `a`.`id` AS `id`,`a`.`date` AS `date`,0 AS `credit`,`a`.`amt` AS `debit`,'3' AS `trans`,`c`.`description` AS `trans_desc`,`z`.`user_name` AS `encoder_id`,`x`.`user_name` AS `user_id`,`b`.`description` AS `remarks` from ((((`claims` `a` join `claim_classification` `b` on((`a`.`claim_classification` = `b`.`id`))) join `transaction` `c` on((3 = `c`.`id`))) left join `users` `z` on((`a`.`encoder_id` = `z`.`id`))) left join `users` `x` on((`a`.`user_id` = `x`.`id`))) union all select `a`.`id` AS `id`,`a`.`date` AS `date`,`a`.`amt` AS `credit`,0 AS `debit`,'5' AS `trans`,`c`.`description` AS `trans_desc`,`z`.`user_name` AS `encoder_id`,`x`.`user_name` AS `user_id`,'' AS `remarks` from (((`annual_fees` `a` left join `transaction` `c` on((5 = `c`.`id`))) left join `users` `z` on((`a`.`encoder_id` = `z`.`id`))) left join `users` `x` on((`a`.`user_id` = `x`.`id`)))) AS `a` ORDER BY date_format(`a`.`date`,'%Y %m %d %H %i %S') DESC ;

-- --------------------------------------------------------

--
-- Structure for view `log_annual`
--
DROP TABLE IF EXISTS `log_annual`;

CREATE ALGORITHM=UNDEFINED DEFINER=`hugpongm`@`localhost` SQL SECURITY DEFINER VIEW `log_annual`  AS SELECT `user_log`.`id` AS `id`, `user_log`.`date` AS `date`, replace(substring_index(`user_log`.`description`,' ',5),',','') AS `description`, substring_index(`user_log`.`description`,',',-(1)) AS `amt`, `user_log`.`encoder_id` AS `encoder_id`, `user_log`.`user_id` AS `user_id` FROM `user_log` WHERE (`user_log`.`description` like '%annual fee%') ;

-- --------------------------------------------------------

--
-- Structure for view `log_claim`
--
DROP TABLE IF EXISTS `log_claim`;

CREATE ALGORITHM=UNDEFINED DEFINER=`root`@`localhost` SQL SECURITY DEFINER VIEW `log_claim`  AS SELECT `user_log`.`id` AS `id`, `user_log`.`date` AS `date`, replace(substring_index(`user_log`.`description`,' ',4),',','') AS `description`, substring_index(`user_log`.`description`,',',-(1)) AS `amt`, `user_log`.`encoder_id` AS `encoder_id`, `user_log`.`user_id` AS `user_id` FROM `user_log` WHERE (`user_log`.`description` like '%claim transaction%') ;

-- --------------------------------------------------------

--
-- Structure for view `log_docs`
--
DROP TABLE IF EXISTS `log_docs`;

CREATE ALGORITHM=UNDEFINED DEFINER=`root`@`localhost` SQL SECURITY DEFINER VIEW `log_docs`  AS SELECT `user_log`.`id` AS `id`, `user_log`.`date` AS `date`, `user_log`.`description` AS `description`, `user_log`.`encoder_id` AS `encoder_id`, `user_log`.`user_id` AS `user_id` FROM `user_log` WHERE (`user_log`.`description` like '%document%') ;

-- --------------------------------------------------------

--
-- Structure for view `log_donation`
--
DROP TABLE IF EXISTS `log_donation`;

CREATE ALGORITHM=UNDEFINED DEFINER=`root`@`localhost` SQL SECURITY DEFINER VIEW `log_donation`  AS SELECT `user_log`.`id` AS `id`, `user_log`.`date` AS `date`, replace(substring_index(`user_log`.`description`,' ',4),',','') AS `description`, substring_index(`user_log`.`description`,',',-(1)) AS `amt`, `user_log`.`encoder_id` AS `encoder_id`, `user_log`.`user_id` AS `user_id` FROM `user_log` WHERE (`user_log`.`description` like '%donation transaction%') ;

-- --------------------------------------------------------

--
-- Structure for view `log_log_in`
--
DROP TABLE IF EXISTS `log_log_in`;

CREATE ALGORITHM=UNDEFINED DEFINER=`root`@`localhost` SQL SECURITY DEFINER VIEW `log_log_in`  AS SELECT `user_log`.`id` AS `id`, `user_log`.`date` AS `date`, `user_log`.`description` AS `description`, `user_log`.`encoder_id` AS `encoder_id`, `user_log`.`user_id` AS `user_id` FROM `user_log` WHERE (`user_log`.`description` like '%logged in%') ;

-- --------------------------------------------------------

--
-- Structure for view `log_log_out`
--
DROP TABLE IF EXISTS `log_log_out`;

CREATE ALGORITHM=UNDEFINED DEFINER=`root`@`localhost` SQL SECURITY DEFINER VIEW `log_log_out`  AS SELECT `user_log`.`id` AS `id`, `user_log`.`date` AS `date`, `user_log`.`description` AS `description`, `user_log`.`encoder_id` AS `encoder_id`, `user_log`.`user_id` AS `user_id` FROM `user_log` WHERE (`user_log`.`description` like '%logged out%') ;

-- --------------------------------------------------------

--
-- Structure for view `log_pp`
--
DROP TABLE IF EXISTS `log_pp`;

CREATE ALGORITHM=UNDEFINED DEFINER=`root`@`localhost` SQL SECURITY DEFINER VIEW `log_pp`  AS SELECT `user_log`.`id` AS `id`, `user_log`.`date` AS `date`, `user_log`.`description` AS `description`, `user_log`.`encoder_id` AS `encoder_id`, `user_log`.`user_id` AS `user_id` FROM `user_log` WHERE (`user_log`.`description` like '%profile picture%') ;

-- --------------------------------------------------------

--
-- Structure for view `log_reg_encoder`
--
DROP TABLE IF EXISTS `log_reg_encoder`;

CREATE ALGORITHM=UNDEFINED DEFINER=`root`@`localhost` SQL SECURITY DEFINER VIEW `log_reg_encoder`  AS SELECT `user_log`.`id` AS `id`, `user_log`.`date` AS `date`, `user_log`.`description` AS `description`, `user_log`.`encoder_id` AS `encoder_id`, `user_log`.`user_id` AS `user_id` FROM `user_log` WHERE (`user_log`.`description` like '%encoder registration%') ;

-- --------------------------------------------------------

--
-- Structure for view `log_reg_member`
--
DROP TABLE IF EXISTS `log_reg_member`;

CREATE ALGORITHM=UNDEFINED DEFINER=`root`@`localhost` SQL SECURITY DEFINER VIEW `log_reg_member`  AS SELECT `user_log`.`id` AS `id`, `user_log`.`date` AS `date`, `user_log`.`description` AS `description`, `user_log`.`encoder_id` AS `encoder_id`, `user_log`.`user_id` AS `user_id` FROM `user_log` WHERE (`user_log`.`description` like '%member registration%') ;

-- --------------------------------------------------------

--
-- Structure for view `log_tag`
--
DROP TABLE IF EXISTS `log_tag`;

CREATE ALGORITHM=UNDEFINED DEFINER=`root`@`localhost` SQL SECURITY DEFINER VIEW `log_tag`  AS SELECT `user_log`.`id` AS `id`, `user_log`.`date` AS `date`, substring_index(`user_log`.`description`,' ',2) AS `description`, substring_index(`user_log`.`description`,' ',-(1)) AS `action`, `user_log`.`encoder_id` AS `encoder_id`, `user_log`.`user_id` AS `user_id` FROM `user_log` WHERE (`user_log`.`description` like '%tag%') ;

-- --------------------------------------------------------

--
-- Structure for view `log_upd_cc`
--
DROP TABLE IF EXISTS `log_upd_cc`;

CREATE ALGORITHM=UNDEFINED DEFINER=`root`@`localhost` SQL SECURITY DEFINER VIEW `log_upd_cc`  AS SELECT `a`.`id` AS `id`, `a`.`date` AS `date`, concat(substring_index(`a`.`description`,' ',4),' ',`b`.`description`) AS `description`, substring_index(`a`.`description`,', ',-(1)) AS `amt`, `a`.`encoder_id` AS `encoder_id`, `a`.`user_id` AS `user_id` FROM (`user_log` `a` join `claim_classification` `b` on((substring_index(substring_index(`a`.`description`,', ',1),' ',-(1)) = `b`.`id`))) WHERE (`a`.`description` like '%new amount%') ;

-- --------------------------------------------------------

--
-- Structure for view `log_upd_fees`
--
DROP TABLE IF EXISTS `log_upd_fees`;

CREATE ALGORITHM=UNDEFINED DEFINER=`root`@`localhost` SQL SECURITY DEFINER VIEW `log_upd_fees`  AS SELECT `a`.`id` AS `id`, `a`.`date` AS `date`, concat(substring_index(`a`.`description`,' ',4),' ',`b`.`description`) AS `description`, substring_index(`a`.`description`,', ',-(1)) AS `amt`, `a`.`encoder_id` AS `encoder_id`, `a`.`user_id` AS `user_id` FROM (`user_log` `a` join `fees` `b` on((substring_index(substring_index(`a`.`description`,', ',1),' ',-(1)) = `b`.`id`))) WHERE (`a`.`description` like '%new amount%') ;

-- --------------------------------------------------------

--
-- Structure for view `log_wdrawal`
--
DROP TABLE IF EXISTS `log_wdrawal`;

CREATE ALGORITHM=UNDEFINED DEFINER=`root`@`localhost` SQL SECURITY DEFINER VIEW `log_wdrawal`  AS SELECT `user_log`.`id` AS `id`, `user_log`.`date` AS `date`, replace(substring_index(`user_log`.`description`,' ',4),',','') AS `description`, substring_index(`user_log`.`description`,',',-(1)) AS `amt`, `user_log`.`encoder_id` AS `encoder_id`, `user_log`.`user_id` AS `user_id` FROM `user_log` WHERE (`user_log`.`description` like '%withdrawal transaction%') ;

-- --------------------------------------------------------

--
-- Structure for view `user_balance_view`
--
DROP TABLE IF EXISTS `user_balance_view`;

CREATE ALGORITHM=UNDEFINED DEFINER=`root`@`localhost` SQL SECURITY DEFINER VIEW `user_balance_view`  AS SELECT if(isnull(`a`.`date`),'-',`a`.`date`) AS `date`, if(isnull(`a`.`result`),0,`a`.`result`) AS `r`, `b`.`id` AS `user_id`, `b`.`status` AS `status`, `b`.`privilege` AS `privilege` FROM (`users` `b` left join `current_balance_view` `a` on((`a`.`user_id` = `b`.`id`))) WHERE 1 ;

--
-- Indexes for dumped tables
--

--
-- Indexes for table `annual_fees`
--
ALTER TABLE `annual_fees`
  ADD PRIMARY KEY (`id`),
  ADD KEY `user_id` (`user_id`),
  ADD KEY `encoder_id` (`encoder_id`);

--
-- Indexes for table `claims`
--
ALTER TABLE `claims`
  ADD PRIMARY KEY (`id`),
  ADD KEY `encoder_id` (`encoder_id`),
  ADD KEY `user_id` (`user_id`,`claim_classification`);

--
-- Indexes for table `claim_classification`
--
ALTER TABLE `claim_classification`
  ADD PRIMARY KEY (`id`);

--
-- Indexes for table `deductions`
--
ALTER TABLE `deductions`
  ADD PRIMARY KEY (`id`),
  ADD KEY `encoder_id` (`encoder_id`,`user_id`,`claim_classification`);

--
-- Indexes for table `donations`
--
ALTER TABLE `donations`
  ADD PRIMARY KEY (`id`),
  ADD KEY `encoder_id` (`encoder_id`,`user_id`);

--
-- Indexes for table `fees`
--
ALTER TABLE `fees`
  ADD PRIMARY KEY (`id`);

--
-- Indexes for table `folder`
--
ALTER TABLE `folder`
  ADD PRIMARY KEY (`id`);

--
-- Indexes for table `history`
--
ALTER TABLE `history`
  ADD PRIMARY KEY (`id`);

--
-- Indexes for table `membership`
--
ALTER TABLE `membership`
  ADD PRIMARY KEY (`id`),
  ADD KEY `user_id` (`user_id`),
  ADD KEY `encoder_id` (`encoder_id`);

--
-- Indexes for table `status`
--
ALTER TABLE `status`
  ADD PRIMARY KEY (`id`);

--
-- Indexes for table `transaction`
--
ALTER TABLE `transaction`
  ADD PRIMARY KEY (`id`);

--
-- Indexes for table `transaction_history`
--
ALTER TABLE `transaction_history`
  ADD PRIMARY KEY (`id`);

--
-- Indexes for table `users`
--
ALTER TABLE `users`
  ADD PRIMARY KEY (`id`),
  ADD KEY `status` (`status`);

--
-- Indexes for table `user_log`
--
ALTER TABLE `user_log`
  ADD PRIMARY KEY (`id`),
  ADD KEY `encoder_id` (`encoder_id`,`user_id`);

--
-- Indexes for table `withdrawals`
--
ALTER TABLE `withdrawals`
  ADD PRIMARY KEY (`id`),
  ADD KEY `encoder_id` (`encoder_id`,`user_id`);

--
-- AUTO_INCREMENT for dumped tables
--

--
-- AUTO_INCREMENT for table `annual_fees`
--
ALTER TABLE `annual_fees`
  MODIFY `id` int(11) NOT NULL AUTO_INCREMENT, AUTO_INCREMENT=130;

--
-- AUTO_INCREMENT for table `claims`
--
ALTER TABLE `claims`
  MODIFY `id` int(11) NOT NULL AUTO_INCREMENT, AUTO_INCREMENT=6;

--
-- AUTO_INCREMENT for table `claim_classification`
--
ALTER TABLE `claim_classification`
  MODIFY `id` int(11) NOT NULL AUTO_INCREMENT, AUTO_INCREMENT=4;

--
-- AUTO_INCREMENT for table `deductions`
--
ALTER TABLE `deductions`
  MODIFY `id` int(11) NOT NULL AUTO_INCREMENT, AUTO_INCREMENT=571;

--
-- AUTO_INCREMENT for table `donations`
--
ALTER TABLE `donations`
  MODIFY `id` int(11) NOT NULL AUTO_INCREMENT, AUTO_INCREMENT=407;

--
-- AUTO_INCREMENT for table `fees`
--
ALTER TABLE `fees`
  MODIFY `id` int(11) NOT NULL AUTO_INCREMENT, AUTO_INCREMENT=4;

--
-- AUTO_INCREMENT for table `folder`
--
ALTER TABLE `folder`
  MODIFY `id` int(11) NOT NULL AUTO_INCREMENT, AUTO_INCREMENT=150;

--
-- AUTO_INCREMENT for table `history`
--
ALTER TABLE `history`
  MODIFY `id` int(11) NOT NULL AUTO_INCREMENT, AUTO_INCREMENT=269;

--
-- AUTO_INCREMENT for table `membership`
--
ALTER TABLE `membership`
  MODIFY `id` int(11) NOT NULL AUTO_INCREMENT, AUTO_INCREMENT=146;

--
-- AUTO_INCREMENT for table `status`
--
ALTER TABLE `status`
  MODIFY `id` int(11) NOT NULL AUTO_INCREMENT, AUTO_INCREMENT=6;

--
-- AUTO_INCREMENT for table `transaction`
--
ALTER TABLE `transaction`
  MODIFY `id` int(11) NOT NULL AUTO_INCREMENT, AUTO_INCREMENT=6;

--
-- AUTO_INCREMENT for table `transaction_history`
--
ALTER TABLE `transaction_history`
  MODIFY `id` int(11) NOT NULL AUTO_INCREMENT, AUTO_INCREMENT=1128;

--
-- AUTO_INCREMENT for table `users`
--
ALTER TABLE `users`
  MODIFY `id` int(11) NOT NULL AUTO_INCREMENT, AUTO_INCREMENT=150;

--
-- AUTO_INCREMENT for table `user_log`
--
ALTER TABLE `user_log`
  MODIFY `id` int(11) NOT NULL AUTO_INCREMENT, AUTO_INCREMENT=1963;

--
-- AUTO_INCREMENT for table `withdrawals`
--
ALTER TABLE `withdrawals`
  MODIFY `id` int(11) NOT NULL AUTO_INCREMENT, AUTO_INCREMENT=3;
COMMIT;

/*!40101 SET CHARACTER_SET_CLIENT=@OLD_CHARACTER_SET_CLIENT */;
/*!40101 SET CHARACTER_SET_RESULTS=@OLD_CHARACTER_SET_RESULTS */;
/*!40101 SET COLLATION_CONNECTION=@OLD_COLLATION_CONNECTION */;
