{"p5wHI024k4cowj5NrQtxcg==":"photography-of-ship-799091-1280x850.jpg","vnYzUBWcrO4qGq0E5IywHA==":"87958584_142576693895267_859548888665686016_n-122x122.jpg","Gzo7Dyl6+5V3npGs7o3x3g==":"87958584_142576693895267_859548888665686016_n-312x312.jpg","IqjsE+3Or9szbhjLczg1yQ==":"ground-group-growth-hands-461049-1280x1036.jpg","AsdXBMEqkeifTcPI2Jf2/Q==":"ground-group-growth-hands-461049-950x769.jpg","bY2ts1bIIHYx29gn1u8pXA==":"port-with-cranes-2326876-1280x853.jpg","oOfoTBCRblcaTgCp4NZwWg==":"black-calculator-near-ballpoint-pen-on-white-printed-paper-53621-740x436.jpg","Sye5AFpce/XH2fGq+nvIhA==":"computer-desk-laptop-stethoscope-48604-740x472.jpg","aXH4yOJ+KwUwRbL6Q0ROYA==":"adventure-backlit-dawn-dusk-207896-740x393.jpg","V3CKjDg/1hOGXUbOWIOi/A==":"photo-of-pwd-sign-3095954-740x1110.jpg","rWTJETRhp1rRSvHWniWvRA==":"photo-of-pwd-sign-3095954-740x1110.jpeg","aSP7kpUuCozwO552ZC6qfg==":"photo-of-woman-holding-a-green-paper-736842-740x494.jpg","WLAN4kJhUnTIXkDPP90Rdg==":"achievement-confident-free-freedom-6945-740x555.jpg","Xhsk1TPLD/0JkCdixOPvtQ==":"slide2-1600x900.jpg","3jNO9Zv8c9bZN9MgRSckiA==":"87958584_142576693895267_859548888665686016_n-96x96.jpg","vOhINpDcuj3KCaJ1lYsKDA==":"88030956_489753175033247_212125423977365504_n-255x522.jpg","+cd68AUijSYXGv2qx2cdig==":"88030956_489753175033247_212125423977365504_n%20(1)-366x365.jpg","Cna5F/nyL0HnsX9wpaJv1g==":"87024228_623340938456281_1548570559019745280_n-367x368.jpg","7BgB+BfDTeH/E3oZInvwGA==":"84180470_233598954343124_4626328725875589120_n-367x368.jpg","CnVbFi4DL6WG3pSZq+0ZDg==":"88055242_1498243850340507_4886435050582704128_n-467x467.jpg","jchoGPy2Y/IZigaICPqwWw==":"87660727_753452451729638_2538677373922967552_n-467x465.jpg","X6KADPLZCrGFVa+Z8j8lFQ==":"blank-png-1-720x720.png","AYv0jB0m65JKcOgKUUy6Lg==":"photo-of-people-near-wooden-table-3184418-1080x720.jpg","B0YMqa2FMiDrJTmXaGa5vQ==":"mbr-1080x772.jpg","ibIE3c/2EhH0WMZKP3+16w==":"background8.jpg","WLv+qPOiSY3ixT2oux1z6A==":"captain-of-a-ship-training-the-other-person-3660828-640x480.jpg","EGrg7h0OeaQZn80Vs/ESXw==":"man-and-woman-running-near-green-leaf-trees-photo-1292720-640x426.jpg","yf/ZKcAe1E//q4ZFdA+GSw==":"captain-of-a-ship-training-the-other-person-3660828-640x480.jpeg","k+eCALKog3XJ6ML4lfUa3A==":"captain-of-a-ship-training-the-other-person-3660829-640x480.jpeg","EAl7Y7UcAcgJCkm28NmRRA==":"captain-of-a-ship-training-the-other-person-3660830-640x480.jpeg","3HKVdJla5a0EjS2TKYR7Ew==":"philippine-flag-902288-640x426.jpg","pKrL6/3P/T2ZiTJUw/jhGw==":"photo-of-two-people-shakehands-2058130-640x426.jpg","xG+2E8VyxHT1bltfz8U0kw==":"man-in-black-formal-suit-jacket-653429-640x423.jpg","NK6w8YxpIb8/7wt/eJtzCg==":"mbr-1080x638.jpg","LDGWmKTZKWRxy+a4gdzkkQ==":"mbr-1920x1228.jpg","UuGGUMkfw5RLxf8NOED7Yg==":"mbr-1920x1220.jpg","+c+uU81UsIE+RaPdxC6BgA==":"sign-pen-business-document-48148-1280x851.jpg","WTW+ZmYk+4F8HvdWQVjlQg==":"marketing-office-working-business-33999-1280x853.jpg","7Q/GrocJ0IRt6jCVvwcdNA==":"87660727_753452451729638_2538677373922967552_n-400x398.jpg","BU8JsCAbdPAQAZQ0eR5s+Q==":"50-us-dollar-11549435286wm71aidjq7-840x859.png","od9q0P+DL4osDTmO8gaohw==":"person-holding-coin-1602726-640x426.jpg","elrQfjNxOdUzrta2dpU85A==":"photo-of-people-near-wooden-table-3184418%20(1)-640x426.jpg","p9ygrDSV9DvhCkJia7J8+Q==":"plastic-piggy-bank-3833052-1280x851.jpeg","dRjMpYCoEm5JHdOx9JKiQA==":"plastic-piggy-bank-3833053-1280x851.jpeg","vEMjAU1w6lHRPa0K9CipkQ==":"plastic-piggy-bank-3833054-1280x851.jpeg","7dE8GcUaSYabqxdEWzm7tA==":"plastic-piggy-bank-3833055-1280x851.jpeg","azK+EpPNppv5F1vpUUSoMQ==":"mbr-1080x1080.png","ND7RSVpTmg+HrT20gL4vvg==":"mbr-1080x954.png","1TK57vPuKM9fs/fUbEdacw==":"timo-1080x1081.png","G67J0qzFHKpE+kkM6MLdVw==":"timo-1-1080x1081.png","YL/FVb0SjDmvI4QulLrH2g==":"timo-2-1080x1081.png","4hpAJqsnYI9xvIuDeu65Hw==":"timo-3-1080x1081.png","QB/DsumCDogozuDUoEL5YQ==":"timo-4-1080x1081.png","uqs3XAceJcd4bbE6gn9K6g==":"mbr-1920x1280.jpg","F0GLL9YkUJ9KXWC6zHJhlQ==":"timo-304x304.png","owlqIcstJgMjVDhOjAWW4w==":"timo-122x122.png","6olMNxWFusG34e7WpbfD2A==":"timo-96x96.png","8HVvvrgYfl0MoBlX5mrcTA==":"timo-866x867.png","sKzGcYGr2Fs3Ur2NM2lAQA==":"87454864_237244674116763_9170163383536713728_n-400x368.jpg","uS7QYJrFoJlGmb7N1Y7Dow==":"87454864_237244674116763_9170163383536713728_n-400x368.jpeg","6C8TH3//7iuLCN+xPaH+JQ==":"87454864_237244674116763_9170163383536713728_n-1-400x368.jpeg","GR27Edo14vdi96MhOuLRkg==":"87454864_237244674116763_9170163383536713728_n-2-400x368.jpeg","WQdXAOE8peJg9VNxsxzXzA==":"screenshot_20200429-123532_facebook-400x822.jpeg","sCo835MlahHf92JdlBCd0w==":"screenshot_20200429-123532_facebook-1-400x822.jpeg"}